trial,question_index,question_text,answer_index,answer_text,pp
1,1,1. I am in control of what my avatar says,7,,P19
1,2,2. My avatar is just an instrument in the hands of somebody or something else,5,,P19
1,3,3. My avatar's speech just happen without my intention,4,,P19
1,4,4. I am the author of my avatar's speech,7,,P19
1,5,5. Things my avatar says are subject only to my free will,3,,P19
1,6,6. Nothing my avatar says is actually voluntary,7,,P19
1,7,7. My avatar's behavior is planned by me from the very beginning to the very end,2,,P19
1,8,8. I am completely responsible for everything that results from my avatar's speech,2,,P19
1,9,9. I would use this response as my own.,8,,P19
2,1,1. I am in control of what my avatar says,1,,P19
2,2,2. My avatar is just an instrument in the hands of somebody or something else,5,,P19
2,3,3. My avatar's speech just happen without my intention,7,,P19
2,4,4. I am the author of my avatar's speech,1,,P19
2,5,5. Things my avatar says are subject only to my free will,1,,P19
2,6,6. Nothing my avatar says is actually voluntary,7,,P19
2,7,7. My avatar's behavior is planned by me from the very beginning to the very end,1,,P19
2,8,8. I am completely responsible for everything that results from my avatar's speech,1,,P19
2,9,9. I would use this response as my own.,6,,P19
3,1,1. I am in control of what my avatar says,1,,P19
3,2,2. My avatar is just an instrument in the hands of somebody or something else,7,,P19
3,3,3. My avatar's speech just happen without my intention,5,,P19
3,4,4. I am the author of my avatar's speech,1,,P19
3,5,5. Things my avatar says are subject only to my free will,1,,P19
3,6,6. Nothing my avatar says is actually voluntary,5,,P19
3,7,7. My avatar's behavior is planned by me from the very beginning to the very end,1,,P19
3,8,8. I am completely responsible for everything that results from my avatar's speech,1,,P19
3,9,9. I would use this response as my own.,1,,P19
4,1,1. I am in control of what my avatar says,2,,P19
4,2,2. My avatar is just an instrument in the hands of somebody or something else,6,,P19
4,3,3. My avatar's speech just happen without my intention,5,,P19
4,4,4. I am the author of my avatar's speech,2,,P19
4,5,5. Things my avatar says are subject only to my free will,2,,P19
4,6,6. Nothing my avatar says is actually voluntary,5,,P19
4,7,7. My avatar's behavior is planned by me from the very beginning to the very end,1,,P19
4,8,8. I am completely responsible for everything that results from my avatar's speech,1,,P19
4,9,9. I would use this response as my own.,7,,P19
5,1,1. I am in control of what my avatar says,2,,P19
5,2,2. My avatar is just an instrument in the hands of somebody or something else,6,,P19
5,3,3. My avatar's speech just happen without my intention,5,,P19
5,4,4. I am the author of my avatar's speech,2,,P19
5,5,5. Things my avatar says are subject only to my free will,2,,P19
5,6,6. Nothing my avatar says is actually voluntary,5,,P19
5,7,7. My avatar's behavior is planned by me from the very beginning to the very end,1,,P19
5,8,8. I am completely responsible for everything that results from my avatar's speech,1,,P19
5,9,9. I would use this response as my own.,7,,P19
6,1,1. I am in control of what my avatar says,2,,P19
6,2,2. My avatar is just an instrument in the hands of somebody or something else,6,,P19
6,3,3. My avatar's speech just happen without my intention,5,,P19
6,4,4. I am the author of my avatar's speech,2,,P19
6,5,5. Things my avatar says are subject only to my free will,2,,P19
6,6,6. Nothing my avatar says is actually voluntary,5,,P19
6,7,7. My avatar's behavior is planned by me from the very beginning to the very end,1,,P19
6,8,8. I am completely responsible for everything that results from my avatar's speech,1,,P19
6,9,9. I would use this response as my own.,3,,P19
7,1,1. I am in control of what my avatar says,2,,P19
7,2,2. My avatar is just an instrument in the hands of somebody or something else,6,,P19
7,3,3. My avatar's speech just happen without my intention,7,,P19
7,4,4. I am the author of my avatar's speech,1,,P19
7,5,5. Things my avatar says are subject only to my free will,1,,P19
7,6,6. Nothing my avatar says is actually voluntary,6,,P19
7,7,7. My avatar's behavior is planned by me from the very beginning to the very end,1,,P19
7,8,8. I am completely responsible for everything that results from my avatar's speech,1,,P19
7,9,9. I would use this response as my own.,2,,P19
8,1,1. I am in control of what my avatar says,1,,P19
8,2,2. My avatar is just an instrument in the hands of somebody or something else,6,,P19
8,3,3. My avatar's speech just happen without my intention,5,,P19
8,4,4. I am the author of my avatar's speech,2,,P19
8,5,5. Things my avatar says are subject only to my free will,1,,P19
8,6,6. Nothing my avatar says is actually voluntary,6,,P19
8,7,7. My avatar's behavior is planned by me from the very beginning to the very end,1,,P19
8,8,8. I am completely responsible for everything that results from my avatar's speech,1,,P19
8,9,9. I would use this response as my own.,7,,P19
9,1,1. I am in control of what my avatar says,1,,P19
9,2,2. My avatar is just an instrument in the hands of somebody or something else,1,,P19
9,3,3. My avatar's speech just happen without my intention,5,,P19
9,4,4. I am the author of my avatar's speech,2,,P19
9,5,5. Things my avatar says are subject only to my free will,1,,P19
9,6,6. Nothing my avatar says is actually voluntary,5,,P19
9,7,7. My avatar's behavior is planned by me from the very beginning to the very end,1,,P19
9,8,8. I am completely responsible for everything that results from my avatar's speech,1,,P19
9,9,9. I would use this response as my own.,6,,P19
10,1,1. I am in control of what my avatar says,1,,P19
10,2,2. My avatar is just an instrument in the hands of somebody or something else,1,,P19
10,3,3. My avatar's speech just happen without my intention,5,,P19
10,4,4. I am the author of my avatar's speech,1,,P19
10,5,5. Things my avatar says are subject only to my free will,1,,P19
10,6,6. Nothing my avatar says is actually voluntary,7,,P19
10,7,7. My avatar's behavior is planned by me from the very beginning to the very end,1,,P19
10,8,8. I am completely responsible for everything that results from my avatar's speech,1,,P19
10,9,9. I would use this response as my own.,1,,P19
11,1,1. I am in control of what my avatar says,1,,P19
11,2,2. My avatar is just an instrument in the hands of somebody or something else,1,,P19
11,3,3. My avatar's speech just happen without my intention,6,,P19
11,4,4. I am the author of my avatar's speech,2,,P19
11,5,5. Things my avatar says are subject only to my free will,1,,P19
11,6,6. Nothing my avatar says is actually voluntary,5,,P19
11,7,7. My avatar's behavior is planned by me from the very beginning to the very end,1,,P19
11,8,8. I am completely responsible for everything that results from my avatar's speech,1,,P19
11,9,9. I would use this response as my own.,8,,P19
12,1,1. I am in control of what my avatar says,1,,P19
12,2,2. My avatar is just an instrument in the hands of somebody or something else,1,,P19
12,3,3. My avatar's speech just happen without my intention,5,,P19
12,4,4. I am the author of my avatar's speech,2,,P19
12,5,5. Things my avatar says are subject only to my free will,1,,P19
12,6,6. Nothing my avatar says is actually voluntary,1,,P19
12,7,7. My avatar's behavior is planned by me from the very beginning to the very end,1,,P19
12,8,8. I am completely responsible for everything that results from my avatar's speech,1,,P19
12,9,9. I would use this response as my own.,5,,P19
1,1,1. I am in control of what my avatar says,1,,P26
1,2,2. My avatar is just an instrument in the hands of somebody or something else,3,,P26
1,3,3. My avatar's speech just happen without my intention,7,,P26
1,4,4. I am the author of my avatar's speech,1,,P26
1,5,5. Things my avatar says are subject only to my free will,2,,P26
1,6,6. Nothing my avatar says is actually voluntary,2,,P26
1,7,7. My avatar's behavior is planned by me from the very beginning to the very end,2,,P26
1,8,8. I am completely responsible for everything that results from my avatar's speech,3,,P26
1,9,9. I would use this response as my own.,6,,P26
2,1,1. I am in control of what my avatar says,3,,P26
2,2,2. My avatar is just an instrument in the hands of somebody or something else,4,,P26
2,3,3. My avatar's speech just happen without my intention,2,,P26
2,4,4. I am the author of my avatar's speech,2,,P26
2,5,5. Things my avatar says are subject only to my free will,3,,P26
2,6,6. Nothing my avatar says is actually voluntary,4,,P26
2,7,7. My avatar's behavior is planned by me from the very beginning to the very end,1,,P26
2,8,8. I am completely responsible for everything that results from my avatar's speech,2,,P26
2,9,9. I would use this response as my own.,6,,P26
3,1,1. I am in control of what my avatar says,1,,P26
3,2,2. My avatar is just an instrument in the hands of somebody or something else,4,,P26
3,3,3. My avatar's speech just happen without my intention,7,,P26
3,4,4. I am the author of my avatar's speech,1,,P26
3,5,5. Things my avatar says are subject only to my free will,2,,P26
3,6,6. Nothing my avatar says is actually voluntary,3,,P26
3,7,7. My avatar's behavior is planned by me from the very beginning to the very end,2,,P26
3,8,8. I am completely responsible for everything that results from my avatar's speech,2,,P26
3,9,9. I would use this response as my own.,1,,P26
4,1,1. I am in control of what my avatar says,5,,P26
4,2,2. My avatar is just an instrument in the hands of somebody or something else,3,,P26
4,3,3. My avatar's speech just happen without my intention,3,,P26
4,4,4. I am the author of my avatar's speech,4,,P26
4,5,5. Things my avatar says are subject only to my free will,3,,P26
4,6,6. Nothing my avatar says is actually voluntary,3,,P26
4,7,7. My avatar's behavior is planned by me from the very beginning to the very end,2,,P26
4,8,8. I am completely responsible for everything that results from my avatar's speech,4,,P26
4,9,9. I would use this response as my own.,9,,P26
5,1,1. I am in control of what my avatar says,1,,P26
5,2,2. My avatar is just an instrument in the hands of somebody or something else,5,,P26
5,3,3. My avatar's speech just happen without my intention,5,,P26
5,4,4. I am the author of my avatar's speech,1,,P26
5,5,5. Things my avatar says are subject only to my free will,1,,P26
5,6,6. Nothing my avatar says is actually voluntary,6,,P26
5,7,7. My avatar's behavior is planned by me from the very beginning to the very end,2,,P26
5,8,8. I am completely responsible for everything that results from my avatar's speech,1,,P26
5,9,9. I would use this response as my own.,1,,P26
6,1,1. I am in control of what my avatar says,4,,P26
6,2,2. My avatar is just an instrument in the hands of somebody or something else,4,,P26
6,3,3. My avatar's speech just happen without my intention,4,,P26
6,4,4. I am the author of my avatar's speech,6,,P26
6,5,5. Things my avatar says are subject only to my free will,4,,P26
6,6,6. Nothing my avatar says is actually voluntary,4,,P26
6,7,7. My avatar's behavior is planned by me from the very beginning to the very end,2,,P26
6,8,8. I am completely responsible for everything that results from my avatar's speech,2,,P26
6,9,9. I would use this response as my own.,8,,P26
7,1,1. I am in control of what my avatar says,4,,P26
7,2,2. My avatar is just an instrument in the hands of somebody or something else,6,,P26
7,3,3. My avatar's speech just happen without my intention,5,,P26
7,4,4. I am the author of my avatar's speech,7,,P26
7,5,5. Things my avatar says are subject only to my free will,2,,P26
7,6,6. Nothing my avatar says is actually voluntary,5,,P26
7,7,7. My avatar's behavior is planned by me from the very beginning to the very end,2,,P26
7,8,8. I am completely responsible for everything that results from my avatar's speech,1,,P26
7,9,9. I would use this response as my own.,10,,P26
8,1,1. I am in control of what my avatar says,6,,P26
8,2,2. My avatar is just an instrument in the hands of somebody or something else,6,,P26
8,3,3. My avatar's speech just happen without my intention,5,,P26
8,4,4. I am the author of my avatar's speech,2,,P26
8,5,5. Things my avatar says are subject only to my free will,2,,P26
8,6,6. Nothing my avatar says is actually voluntary,3,,P26
8,7,7. My avatar's behavior is planned by me from the very beginning to the very end,2,,P26
8,8,8. I am completely responsible for everything that results from my avatar's speech,1,,P26
8,9,9. I would use this response as my own.,5,,P26
9,1,1. I am in control of what my avatar says,1,,P26
9,2,2. My avatar is just an instrument in the hands of somebody or something else,5,,P26
9,3,3. My avatar's speech just happen without my intention,4,,P26
9,4,4. I am the author of my avatar's speech,4,,P26
9,5,5. Things my avatar says are subject only to my free will,2,,P26
9,6,6. Nothing my avatar says is actually voluntary,5,,P26
9,7,7. My avatar's behavior is planned by me from the very beginning to the very end,1,,P26
9,8,8. I am completely responsible for everything that results from my avatar's speech,1,,P26
9,9,9. I would use this response as my own.,10,,P26
10,1,1. I am in control of what my avatar says,3,,P26
10,2,2. My avatar is just an instrument in the hands of somebody or something else,6,,P26
10,3,3. My avatar's speech just happen without my intention,4,,P26
10,4,4. I am the author of my avatar's speech,7,,P26
10,5,5. Things my avatar says are subject only to my free will,2,,P26
10,6,6. Nothing my avatar says is actually voluntary,5,,P26
10,7,7. My avatar's behavior is planned by me from the very beginning to the very end,2,,P26
10,8,8. I am completely responsible for everything that results from my avatar's speech,1,,P26
10,9,9. I would use this response as my own.,10,,P26
11,1,1. I am in control of what my avatar says,2,,P26
11,2,2. My avatar is just an instrument in the hands of somebody or something else,5,,P26
11,3,3. My avatar's speech just happen without my intention,5,,P26
11,4,4. I am the author of my avatar's speech,1,,P26
11,5,5. Things my avatar says are subject only to my free will,1,,P26
11,6,6. Nothing my avatar says is actually voluntary,2,,P26
11,7,7. My avatar's behavior is planned by me from the very beginning to the very end,2,,P26
11,8,8. I am completely responsible for everything that results from my avatar's speech,1,,P26
11,9,9. I would use this response as my own.,1,,P26
12,1,1. I am in control of what my avatar says,1,,P26
12,2,2. My avatar is just an instrument in the hands of somebody or something else,5,,P26
12,3,3. My avatar's speech just happen without my intention,5,,P26
12,4,4. I am the author of my avatar's speech,2,,P26
12,5,5. Things my avatar says are subject only to my free will,2,,P26
12,6,6. Nothing my avatar says is actually voluntary,3,,P26
12,7,7. My avatar's behavior is planned by me from the very beginning to the very end,2,,P26
12,8,8. I am completely responsible for everything that results from my avatar's speech,1,,P26
12,9,9. I would use this response as my own.,10,,P26
1,1,1. I am in control of what my avatar says,7,,P21
1,2,2. My avatar is just an instrument in the hands of somebody or something else,2,,P21
1,3,3. My avatar's speech just happen without my intention,1,,P21
1,4,4. I am the author of my avatar's speech,7,,P21
1,5,5. Things my avatar says are subject only to my free will,7,,P21
1,6,6. Nothing my avatar says is actually voluntary,7,,P21
1,7,7. My avatar's behavior is planned by me from the very beginning to the very end,7,,P21
1,8,8. I am completely responsible for everything that results from my avatar's speech,7,,P21
1,9,9. I would use this response as my own.,10,,P21
2,1,1. I am in control of what my avatar says,5,,P21
2,2,2. My avatar is just an instrument in the hands of somebody or something else,5,,P21
2,3,3. My avatar's speech just happen without my intention,5,,P21
2,4,4. I am the author of my avatar's speech,4,,P21
2,5,5. Things my avatar says are subject only to my free will,4,,P21
2,6,6. Nothing my avatar says is actually voluntary,4,,P21
2,7,7. My avatar's behavior is planned by me from the very beginning to the very end,3,,P21
2,8,8. I am completely responsible for everything that results from my avatar's speech,3,,P21
2,9,9. I would use this response as my own.,4,,P21
3,1,1. I am in control of what my avatar says,6,,P21
3,2,2. My avatar is just an instrument in the hands of somebody or something else,4,,P21
3,3,3. My avatar's speech just happen without my intention,1,,P21
3,4,4. I am the author of my avatar's speech,7,,P21
3,5,5. Things my avatar says are subject only to my free will,7,,P21
3,6,6. Nothing my avatar says is actually voluntary,7,,P21
3,7,7. My avatar's behavior is planned by me from the very beginning to the very end,7,,P21
3,8,8. I am completely responsible for everything that results from my avatar's speech,7,,P21
3,9,9. I would use this response as my own.,10,,P21
4,1,1. I am in control of what my avatar says,5,,P21
4,2,2. My avatar is just an instrument in the hands of somebody or something else,4,,P21
4,3,3. My avatar's speech just happen without my intention,4,,P21
4,4,4. I am the author of my avatar's speech,6,,P21
4,5,5. Things my avatar says are subject only to my free will,7,,P21
4,6,6. Nothing my avatar says is actually voluntary,5,,P21
4,7,7. My avatar's behavior is planned by me from the very beginning to the very end,5,,P21
4,8,8. I am completely responsible for everything that results from my avatar's speech,6,,P21
4,9,9. I would use this response as my own.,10,,P21
5,1,1. I am in control of what my avatar says,2,,P21
5,2,2. My avatar is just an instrument in the hands of somebody or something else,4,,P21
5,3,3. My avatar's speech just happen without my intention,4,,P21
5,4,4. I am the author of my avatar's speech,1,,P21
5,5,5. Things my avatar says are subject only to my free will,1,,P21
5,6,6. Nothing my avatar says is actually voluntary,1,,P21
5,7,7. My avatar's behavior is planned by me from the very beginning to the very end,1,,P21
5,8,8. I am completely responsible for everything that results from my avatar's speech,1,,P21
5,9,9. I would use this response as my own.,1,,P21
6,1,1. I am in control of what my avatar says,7,,P21
6,2,2. My avatar is just an instrument in the hands of somebody or something else,4,,P21
6,3,3. My avatar's speech just happen without my intention,4,,P21
6,4,4. I am the author of my avatar's speech,7,,P21
6,5,5. Things my avatar says are subject only to my free will,7,,P21
6,6,6. Nothing my avatar says is actually voluntary,7,,P21
6,7,7. My avatar's behavior is planned by me from the very beginning to the very end,7,,P21
6,8,8. I am completely responsible for everything that results from my avatar's speech,7,,P21
6,9,9. I would use this response as my own.,10,,P21
7,1,1. I am in control of what my avatar says,7,,P21
7,2,2. My avatar is just an instrument in the hands of somebody or something else,3,,P21
7,3,3. My avatar's speech just happen without my intention,3,,P21
7,4,4. I am the author of my avatar's speech,7,,P21
7,5,5. Things my avatar says are subject only to my free will,7,,P21
7,6,6. Nothing my avatar says is actually voluntary,7,,P21
7,7,7. My avatar's behavior is planned by me from the very beginning to the very end,7,,P21
7,8,8. I am completely responsible for everything that results from my avatar's speech,7,,P21
7,9,9. I would use this response as my own.,10,,P21
8,1,1. I am in control of what my avatar says,2,,P21
8,2,2. My avatar is just an instrument in the hands of somebody or something else,6,,P21
8,3,3. My avatar's speech just happen without my intention,4,,P21
8,4,4. I am the author of my avatar's speech,2,,P21
8,5,5. Things my avatar says are subject only to my free will,2,,P21
8,6,6. Nothing my avatar says is actually voluntary,1,,P21
8,7,7. My avatar's behavior is planned by me from the very beginning to the very end,1,,P21
8,8,8. I am completely responsible for everything that results from my avatar's speech,1,,P21
8,9,9. I would use this response as my own.,1,,P21
9,1,1. I am in control of what my avatar says,3,,P21
9,2,2. My avatar is just an instrument in the hands of somebody or something else,4,,P21
9,3,3. My avatar's speech just happen without my intention,4,,P21
9,4,4. I am the author of my avatar's speech,4,,P21
9,5,5. Things my avatar says are subject only to my free will,4,,P21
9,6,6. Nothing my avatar says is actually voluntary,3,,P21
9,7,7. My avatar's behavior is planned by me from the very beginning to the very end,3,,P21
9,8,8. I am completely responsible for everything that results from my avatar's speech,3,,P21
9,9,9. I would use this response as my own.,9,,P21
10,1,1. I am in control of what my avatar says,7,,P21
10,2,2. My avatar is just an instrument in the hands of somebody or something else,4,,P21
10,3,3. My avatar's speech just happen without my intention,4,,P21
10,4,4. I am the author of my avatar's speech,7,,P21
10,5,5. Things my avatar says are subject only to my free will,7,,P21
10,6,6. Nothing my avatar says is actually voluntary,7,,P21
10,7,7. My avatar's behavior is planned by me from the very beginning to the very end,7,,P21
10,8,8. I am completely responsible for everything that results from my avatar's speech,7,,P21
10,9,9. I would use this response as my own.,10,,P21
11,1,1. I am in control of what my avatar says,1,,P21
11,2,2. My avatar is just an instrument in the hands of somebody or something else,5,,P21
11,3,3. My avatar's speech just happen without my intention,4,,P21
11,4,4. I am the author of my avatar's speech,2,,P21
11,5,5. Things my avatar says are subject only to my free will,2,,P21
11,6,6. Nothing my avatar says is actually voluntary,2,,P21
11,7,7. My avatar's behavior is planned by me from the very beginning to the very end,2,,P21
11,8,8. I am completely responsible for everything that results from my avatar's speech,2,,P21
11,9,9. I would use this response as my own.,2,,P21
12,1,1. I am in control of what my avatar says,5,,P21
12,2,2. My avatar is just an instrument in the hands of somebody or something else,5,,P21
12,3,3. My avatar's speech just happen without my intention,4,,P21
12,4,4. I am the author of my avatar's speech,3,,P21
12,5,5. Things my avatar says are subject only to my free will,4,,P21
12,6,6. Nothing my avatar says is actually voluntary,4,,P21
12,7,7. My avatar's behavior is planned by me from the very beginning to the very end,3,,P21
12,8,8. I am completely responsible for everything that results from my avatar's speech,4,,P21
12,9,9. I would use this response as my own.,8,,P21
1,1,1. I am in control of what my avatar says,2,,P28
1,2,2. My avatar is just an instrument in the hands of somebody or something else,6,,P28
1,3,3. My avatar's speech just happen without my intention,2,,P28
1,4,4. I am the author of my avatar's speech,2,,P28
1,5,5. Things my avatar says are subject only to my free will,2,,P28
1,6,6. Nothing my avatar says is actually voluntary,6,,P28
1,7,7. My avatar's behavior is planned by me from the very beginning to the very end,2,,P28
1,8,8. I am completely responsible for everything that results from my avatar's speech,2,,P28
1,9,9. I would use this response as my own.,4,,P28
2,1,1. I am in control of what my avatar says,4,,P28
2,2,2. My avatar is just an instrument in the hands of somebody or something else,5,,P28
2,3,3. My avatar's speech just happen without my intention,5,,P28
2,4,4. I am the author of my avatar's speech,3,,P28
2,5,5. Things my avatar says are subject only to my free will,3,,P28
2,6,6. Nothing my avatar says is actually voluntary,5,,P28
2,7,7. My avatar's behavior is planned by me from the very beginning to the very end,4,,P28
2,8,8. I am completely responsible for everything that results from my avatar's speech,3,,P28
2,9,9. I would use this response as my own.,6,,P28
3,1,1. I am in control of what my avatar says,6,,P28
3,2,2. My avatar is just an instrument in the hands of somebody or something else,2,,P28
3,3,3. My avatar's speech just happen without my intention,2,,P28
3,4,4. I am the author of my avatar's speech,6,,P28
3,5,5. Things my avatar says are subject only to my free will,5,,P28
3,6,6. Nothing my avatar says is actually voluntary,2,,P28
3,7,7. My avatar's behavior is planned by me from the very beginning to the very end,6,,P28
3,8,8. I am completely responsible for everything that results from my avatar's speech,5,,P28
3,9,9. I would use this response as my own.,10,,P28
4,1,1. I am in control of what my avatar says,6,,P28
4,2,2. My avatar is just an instrument in the hands of somebody or something else,2,,P28
4,3,3. My avatar's speech just happen without my intention,2,,P28
4,4,4. I am the author of my avatar's speech,6,,P28
4,5,5. Things my avatar says are subject only to my free will,6,,P28
4,6,6. Nothing my avatar says is actually voluntary,2,,P28
4,7,7. My avatar's behavior is planned by me from the very beginning to the very end,6,,P28
4,8,8. I am completely responsible for everything that results from my avatar's speech,5,,P28
4,9,9. I would use this response as my own.,10,,P28
5,1,1. I am in control of what my avatar says,7,,P28
5,2,2. My avatar is just an instrument in the hands of somebody or something else,1,,P28
5,3,3. My avatar's speech just happen without my intention,2,,P28
5,4,4. I am the author of my avatar's speech,6,,P28
5,5,5. Things my avatar says are subject only to my free will,5,,P28
5,6,6. Nothing my avatar says is actually voluntary,2,,P28
5,7,7. My avatar's behavior is planned by me from the very beginning to the very end,6,,P28
5,8,8. I am completely responsible for everything that results from my avatar's speech,5,,P28
5,9,9. I would use this response as my own.,10,,P28
6,1,1. I am in control of what my avatar says,7,,P28
6,2,2. My avatar is just an instrument in the hands of somebody or something else,2,,P28
6,3,3. My avatar's speech just happen without my intention,2,,P28
6,4,4. I am the author of my avatar's speech,7,,P28
6,5,5. Things my avatar says are subject only to my free will,6,,P28
6,6,6. Nothing my avatar says is actually voluntary,6,,P28
6,7,7. My avatar's behavior is planned by me from the very beginning to the very end,7,,P28
6,8,8. I am completely responsible for everything that results from my avatar's speech,5,,P28
6,9,9. I would use this response as my own.,10,,P28
7,1,1. I am in control of what my avatar says,7,,P28
7,2,2. My avatar is just an instrument in the hands of somebody or something else,2,,P28
7,3,3. My avatar's speech just happen without my intention,1,,P28
7,4,4. I am the author of my avatar's speech,7,,P28
7,5,5. Things my avatar says are subject only to my free will,6,,P28
7,6,6. Nothing my avatar says is actually voluntary,6,,P28
7,7,7. My avatar's behavior is planned by me from the very beginning to the very end,7,,P28
7,8,8. I am completely responsible for everything that results from my avatar's speech,5,,P28
7,9,9. I would use this response as my own.,10,,P28
8,1,1. I am in control of what my avatar says,5,,P28
8,2,2. My avatar is just an instrument in the hands of somebody or something else,5,,P28
8,3,3. My avatar's speech just happen without my intention,5,,P28
8,4,4. I am the author of my avatar's speech,4,,P28
8,5,5. Things my avatar says are subject only to my free will,3,,P28
8,6,6. Nothing my avatar says is actually voluntary,5,,P28
8,7,7. My avatar's behavior is planned by me from the very beginning to the very end,5,,P28
8,8,8. I am completely responsible for everything that results from my avatar's speech,2,,P28
8,9,9. I would use this response as my own.,8,,P28
9,1,1. I am in control of what my avatar says,1,,P28
9,2,2. My avatar is just an instrument in the hands of somebody or something else,7,,P28
9,3,3. My avatar's speech just happen without my intention,7,,P28
9,4,4. I am the author of my avatar's speech,1,,P28
9,5,5. Things my avatar says are subject only to my free will,1,,P28
9,6,6. Nothing my avatar says is actually voluntary,7,,P28
9,7,7. My avatar's behavior is planned by me from the very beginning to the very end,1,,P28
9,8,8. I am completely responsible for everything that results from my avatar's speech,1,,P28
9,9,9. I would use this response as my own.,1,,P28
10,1,1. I am in control of what my avatar says,7,,P28
10,2,2. My avatar is just an instrument in the hands of somebody or something else,1,,P28
10,3,3. My avatar's speech just happen without my intention,1,,P28
10,4,4. I am the author of my avatar's speech,7,,P28
10,5,5. Things my avatar says are subject only to my free will,6,,P28
10,6,6. Nothing my avatar says is actually voluntary,5,,P28
10,7,7. My avatar's behavior is planned by me from the very beginning to the very end,6,,P28
10,8,8. I am completely responsible for everything that results from my avatar's speech,6,,P28
10,9,9. I would use this response as my own.,10,,P28
11,1,1. I am in control of what my avatar says,6,,P28
11,2,2. My avatar is just an instrument in the hands of somebody or something else,4,,P28
11,3,3. My avatar's speech just happen without my intention,5,,P28
11,4,4. I am the author of my avatar's speech,6,,P28
11,5,5. Things my avatar says are subject only to my free will,1,,P28
11,6,6. Nothing my avatar says is actually voluntary,3,,P28
11,7,7. My avatar's behavior is planned by me from the very beginning to the very end,3,,P28
11,8,8. I am completely responsible for everything that results from my avatar's speech,3,,P28
11,9,9. I would use this response as my own.,10,,P28
12,1,1. I am in control of what my avatar says,3,,P28
12,2,2. My avatar is just an instrument in the hands of somebody or something else,3,,P28
12,3,3. My avatar's speech just happen without my intention,5,,P28
12,4,4. I am the author of my avatar's speech,5,,P28
12,5,5. Things my avatar says are subject only to my free will,1,,P28
12,6,6. Nothing my avatar says is actually voluntary,3,,P28
12,7,7. My avatar's behavior is planned by me from the very beginning to the very end,5,,P28
12,8,8. I am completely responsible for everything that results from my avatar's speech,2,,P28
12,9,9. I would use this response as my own.,10,,P28
1,1,1. I am in control of what my avatar says,6,,P17
1,2,2. My avatar is just an instrument in the hands of somebody or something else,2,,P17
1,3,3. My avatar's speech just happen without my intention,2,,P17
1,4,4. I am the author of my avatar's speech,4,,P17
1,5,5. Things my avatar says are subject only to my free will,2,,P17
1,6,6. Nothing my avatar says is actually voluntary,1,,P17
1,7,7. My avatar's behavior is planned by me from the very beginning to the very end,4,,P17
1,8,8. I am completely responsible for everything that results from my avatar's speech,5,,P17
1,9,9. I would use this response as my own.,8,,P17
2,1,1. I am in control of what my avatar says,7,,P17
2,2,2. My avatar is just an instrument in the hands of somebody or something else,1,,P17
2,3,3. My avatar's speech just happen without my intention,1,,P17
2,4,4. I am the author of my avatar's speech,7,,P17
2,5,5. Things my avatar says are subject only to my free will,7,,P17
2,6,6. Nothing my avatar says is actually voluntary,1,,P17
2,7,7. My avatar's behavior is planned by me from the very beginning to the very end,5,,P17
2,8,8. I am completely responsible for everything that results from my avatar's speech,6,,P17
2,9,9. I would use this response as my own.,10,,P17
3,1,1. I am in control of what my avatar says,1,,P17
3,2,2. My avatar is just an instrument in the hands of somebody or something else,6,,P17
3,3,3. My avatar's speech just happen without my intention,4,,P17
3,4,4. I am the author of my avatar's speech,2,,P17
3,5,5. Things my avatar says are subject only to my free will,1,,P17
3,6,6. Nothing my avatar says is actually voluntary,3,,P17
3,7,7. My avatar's behavior is planned by me from the very beginning to the very end,2,,P17
3,8,8. I am completely responsible for everything that results from my avatar's speech,3,,P17
3,9,9. I would use this response as my own.,1,,P17
4,1,1. I am in control of what my avatar says,7,,P17
4,2,2. My avatar is just an instrument in the hands of somebody or something else,7,,P17
4,3,3. My avatar's speech just happen without my intention,7,,P17
4,4,4. I am the author of my avatar's speech,7,,P17
4,5,5. Things my avatar says are subject only to my free will,7,,P17
4,6,6. Nothing my avatar says is actually voluntary,7,,P17
4,7,7. My avatar's behavior is planned by me from the very beginning to the very end,7,,P17
4,8,8. I am completely responsible for everything that results from my avatar's speech,7,,P17
4,9,9. I would use this response as my own.,10,,P17
5,1,1. I am in control of what my avatar says,6,,P17
5,2,2. My avatar is just an instrument in the hands of somebody or something else,5,,P17
5,3,3. My avatar's speech just happen without my intention,1,,P17
5,4,4. I am the author of my avatar's speech,6,,P17
5,5,5. Things my avatar says are subject only to my free will,5,,P17
5,6,6. Nothing my avatar says is actually voluntary,3,,P17
5,7,7. My avatar's behavior is planned by me from the very beginning to the very end,4,,P17
5,8,8. I am completely responsible for everything that results from my avatar's speech,3,,P17
5,9,9. I would use this response as my own.,9,,P17
6,1,1. I am in control of what my avatar says,2,,P17
6,2,2. My avatar is just an instrument in the hands of somebody or something else,5,,P17
6,3,3. My avatar's speech just happen without my intention,5,,P17
6,4,4. I am the author of my avatar's speech,3,,P17
6,5,5. Things my avatar says are subject only to my free will,2,,P17
6,6,6. Nothing my avatar says is actually voluntary,2,,P17
6,7,7. My avatar's behavior is planned by me from the very beginning to the very end,3,,P17
6,8,8. I am completely responsible for everything that results from my avatar's speech,4,,P17
6,9,9. I would use this response as my own.,1,,P17
7,1,1. I am in control of what my avatar says,1,,P17
7,2,2. My avatar is just an instrument in the hands of somebody or something else,6,,P17
7,3,3. My avatar's speech just happen without my intention,5,,P17
7,4,4. I am the author of my avatar's speech,2,,P17
7,5,5. Things my avatar says are subject only to my free will,2,,P17
7,6,6. Nothing my avatar says is actually voluntary,4,,P17
7,7,7. My avatar's behavior is planned by me from the very beginning to the very end,3,,P17
7,8,8. I am completely responsible for everything that results from my avatar's speech,1,,P17
7,9,9. I would use this response as my own.,1,,P17
8,1,1. I am in control of what my avatar says,6,,P17
8,2,2. My avatar is just an instrument in the hands of somebody or something else,3,,P17
8,3,3. My avatar's speech just happen without my intention,4,,P17
8,4,4. I am the author of my avatar's speech,7,,P17
8,5,5. Things my avatar says are subject only to my free will,4,,P17
8,6,6. Nothing my avatar says is actually voluntary,4,,P17
8,7,7. My avatar's behavior is planned by me from the very beginning to the very end,4,,P17
8,8,8. I am completely responsible for everything that results from my avatar's speech,5,,P17
8,9,9. I would use this response as my own.,9,,P17
9,1,1. I am in control of what my avatar says,6,,P17
9,2,2. My avatar is just an instrument in the hands of somebody or something else,3,,P17
9,3,3. My avatar's speech just happen without my intention,2,,P17
9,4,4. I am the author of my avatar's speech,5,,P17
9,5,5. Things my avatar says are subject only to my free will,4,,P17
9,6,6. Nothing my avatar says is actually voluntary,3,,P17
9,7,7. My avatar's behavior is planned by me from the very beginning to the very end,5,,P17
9,8,8. I am completely responsible for everything that results from my avatar's speech,4,,P17
9,9,9. I would use this response as my own.,9,,P17
10,1,1. I am in control of what my avatar says,1,,P17
10,2,2. My avatar is just an instrument in the hands of somebody or something else,6,,P17
10,3,3. My avatar's speech just happen without my intention,3,,P17
10,4,4. I am the author of my avatar's speech,1,,P17
10,5,5. Things my avatar says are subject only to my free will,2,,P17
10,6,6. Nothing my avatar says is actually voluntary,5,,P17
10,7,7. My avatar's behavior is planned by me from the very beginning to the very end,2,,P17
10,8,8. I am completely responsible for everything that results from my avatar's speech,1,,P17
10,9,9. I would use this response as my own.,1,,P17
11,1,1. I am in control of what my avatar says,7,,P17
11,2,2. My avatar is just an instrument in the hands of somebody or something else,2,,P17
11,3,3. My avatar's speech just happen without my intention,1,,P17
11,4,4. I am the author of my avatar's speech,6,,P17
11,5,5. Things my avatar says are subject only to my free will,3,,P17
11,6,6. Nothing my avatar says is actually voluntary,2,,P17
11,7,7. My avatar's behavior is planned by me from the very beginning to the very end,5,,P17
11,8,8. I am completely responsible for everything that results from my avatar's speech,4,,P17
11,9,9. I would use this response as my own.,9,,P17
12,1,1. I am in control of what my avatar says,5,,P17
12,2,2. My avatar is just an instrument in the hands of somebody or something else,5,,P17
12,3,3. My avatar's speech just happen without my intention,4,,P17
12,4,4. I am the author of my avatar's speech,4,,P17
12,5,5. Things my avatar says are subject only to my free will,2,,P17
12,6,6. Nothing my avatar says is actually voluntary,4,,P17
12,7,7. My avatar's behavior is planned by me from the very beginning to the very end,5,,P17
12,8,8. I am completely responsible for everything that results from my avatar's speech,3,,P17
12,9,9. I would use this response as my own.,6,,P17
1,1,1. I am in control of what my avatar says,5,,P10
1,2,2. My avatar is just an instrument in the hands of somebody or something else,5,,P10
1,3,3. My avatar's speech just happen without my intention,5,,P10
1,4,4. I am the author of my avatar's speech,6,,P10
1,5,5. Things my avatar says are subject only to my free will,4,,P10
1,6,6. Nothing my avatar says is actually voluntary,5,,P10
1,7,7. My avatar's behavior is planned by me from the very beginning to the very end,2,,P10
1,8,8. I am completely responsible for everything that results from my avatar's speech,4,,P10
1,9,9. I would use this response as my own.,8,,P10
2,1,1. I am in control of what my avatar says,2,,P10
2,2,2. My avatar is just an instrument in the hands of somebody or something else,3,,P10
2,3,3. My avatar's speech just happen without my intention,5,,P10
2,4,4. I am the author of my avatar's speech,2,,P10
2,5,5. Things my avatar says are subject only to my free will,2,,P10
2,6,6. Nothing my avatar says is actually voluntary,6,,P10
2,7,7. My avatar's behavior is planned by me from the very beginning to the very end,2,,P10
2,8,8. I am completely responsible for everything that results from my avatar's speech,2,,P10
2,9,9. I would use this response as my own.,2,,P10
3,1,1. I am in control of what my avatar says,3,,P10
3,2,2. My avatar is just an instrument in the hands of somebody or something else,3,,P10
3,3,3. My avatar's speech just happen without my intention,4,,P10
3,4,4. I am the author of my avatar's speech,3,,P10
3,5,5. Things my avatar says are subject only to my free will,3,,P10
3,6,6. Nothing my avatar says is actually voluntary,4,,P10
3,7,7. My avatar's behavior is planned by me from the very beginning to the very end,2,,P10
3,8,8. I am completely responsible for everything that results from my avatar's speech,3,,P10
3,9,9. I would use this response as my own.,9,,P10
4,1,1. I am in control of what my avatar says,4,,P10
4,2,2. My avatar is just an instrument in the hands of somebody or something else,4,,P10
4,3,3. My avatar's speech just happen without my intention,5,,P10
4,4,4. I am the author of my avatar's speech,4,,P10
4,5,5. Things my avatar says are subject only to my free will,3,,P10
4,6,6. Nothing my avatar says is actually voluntary,3,,P10
4,7,7. My avatar's behavior is planned by me from the very beginning to the very end,2,,P10
4,8,8. I am completely responsible for everything that results from my avatar's speech,4,,P10
4,9,9. I would use this response as my own.,6,,P10
5,1,1. I am in control of what my avatar says,2,,P10
5,2,2. My avatar is just an instrument in the hands of somebody or something else,2,,P10
5,3,3. My avatar's speech just happen without my intention,6,,P10
5,4,4. I am the author of my avatar's speech,1,,P10
5,5,5. Things my avatar says are subject only to my free will,1,,P10
5,6,6. Nothing my avatar says is actually voluntary,6,,P10
5,7,7. My avatar's behavior is planned by me from the very beginning to the very end,1,,P10
5,8,8. I am completely responsible for everything that results from my avatar's speech,1,,P10
5,9,9. I would use this response as my own.,2,,P10
6,1,1. I am in control of what my avatar says,4,,P10
6,2,2. My avatar is just an instrument in the hands of somebody or something else,4,,P10
6,3,3. My avatar's speech just happen without my intention,6,,P10
6,4,4. I am the author of my avatar's speech,5,,P10
6,5,5. Things my avatar says are subject only to my free will,4,,P10
6,6,6. Nothing my avatar says is actually voluntary,5,,P10
6,7,7. My avatar's behavior is planned by me from the very beginning to the very end,1,,P10
6,8,8. I am completely responsible for everything that results from my avatar's speech,2,,P10
6,9,9. I would use this response as my own.,10,,P10
7,1,1. I am in control of what my avatar says,3,,P10
7,2,2. My avatar is just an instrument in the hands of somebody or something else,3,,P10
7,3,3. My avatar's speech just happen without my intention,6,,P10
7,4,4. I am the author of my avatar's speech,4,,P10
7,5,5. Things my avatar says are subject only to my free will,1,,P10
7,6,6. Nothing my avatar says is actually voluntary,7,,P10
7,7,7. My avatar's behavior is planned by me from the very beginning to the very end,1,,P10
7,8,8. I am completely responsible for everything that results from my avatar's speech,1,,P10
7,9,9. I would use this response as my own.,4,,P10
8,1,1. I am in control of what my avatar says,1,,P10
8,2,2. My avatar is just an instrument in the hands of somebody or something else,1,,P10
8,3,3. My avatar's speech just happen without my intention,7,,P10
8,4,4. I am the author of my avatar's speech,1,,P10
8,5,5. Things my avatar says are subject only to my free will,1,,P10
8,6,6. Nothing my avatar says is actually voluntary,5,,P10
8,7,7. My avatar's behavior is planned by me from the very beginning to the very end,1,,P10
8,8,8. I am completely responsible for everything that results from my avatar's speech,1,,P10
8,9,9. I would use this response as my own.,2,,P10
9,1,1. I am in control of what my avatar says,3,,P10
9,2,2. My avatar is just an instrument in the hands of somebody or something else,3,,P10
9,3,3. My avatar's speech just happen without my intention,5,,P10
9,4,4. I am the author of my avatar's speech,3,,P10
9,5,5. Things my avatar says are subject only to my free will,3,,P10
9,6,6. Nothing my avatar says is actually voluntary,5,,P10
9,7,7. My avatar's behavior is planned by me from the very beginning to the very end,1,,P10
9,8,8. I am completely responsible for everything that results from my avatar's speech,1,,P10
9,9,9. I would use this response as my own.,5,,P10
10,1,1. I am in control of what my avatar says,3,,P10
10,2,2. My avatar is just an instrument in the hands of somebody or something else,2,,P10
10,3,3. My avatar's speech just happen without my intention,5,,P10
10,4,4. I am the author of my avatar's speech,4,,P10
10,5,5. Things my avatar says are subject only to my free will,1,,P10
10,6,6. Nothing my avatar says is actually voluntary,4,,P10
10,7,7. My avatar's behavior is planned by me from the very beginning to the very end,1,,P10
10,8,8. I am completely responsible for everything that results from my avatar's speech,1,,P10
10,9,9. I would use this response as my own.,7,,P10
11,1,1. I am in control of what my avatar says,1,,P10
11,2,2. My avatar is just an instrument in the hands of somebody or something else,2,,P10
11,3,3. My avatar's speech just happen without my intention,7,,P10
11,4,4. I am the author of my avatar's speech,1,,P10
11,5,5. Things my avatar says are subject only to my free will,1,,P10
11,6,6. Nothing my avatar says is actually voluntary,7,,P10
11,7,7. My avatar's behavior is planned by me from the very beginning to the very end,1,,P10
11,8,8. I am completely responsible for everything that results from my avatar's speech,1,,P10
11,9,9. I would use this response as my own.,1,,P10
12,1,1. I am in control of what my avatar says,1,,P10
12,2,2. My avatar is just an instrument in the hands of somebody or something else,2,,P10
12,3,3. My avatar's speech just happen without my intention,7,,P10
12,4,4. I am the author of my avatar's speech,2,,P10
12,5,5. Things my avatar says are subject only to my free will,1,,P10
12,6,6. Nothing my avatar says is actually voluntary,7,,P10
12,7,7. My avatar's behavior is planned by me from the very beginning to the very end,1,,P10
12,8,8. I am completely responsible for everything that results from my avatar's speech,1,,P10
12,9,9. I would use this response as my own.,7,,P10
1,1,1. I am in control of what my avatar says,4,,P11
1,2,2. My avatar is just an instrument in the hands of somebody or something else,3,,P11
1,3,3. My avatar's speech just happen without my intention,3,,P11
1,4,4. I am the author of my avatar's speech,5,,P11
1,5,5. Things my avatar says are subject only to my free will,4,,P11
1,6,6. Nothing my avatar says is actually voluntary,3,,P11
1,7,7. My avatar's behavior is planned by me from the very beginning to the very end,5,,P11
1,8,8. I am completely responsible for everything that results from my avatar's speech,4,,P11
1,9,9. I would use this response as my own.,7,,P11
2,1,1. I am in control of what my avatar says,5,,P11
2,2,2. My avatar is just an instrument in the hands of somebody or something else,4,,P11
2,3,3. My avatar's speech just happen without my intention,3,,P11
2,4,4. I am the author of my avatar's speech,5,,P11
2,5,5. Things my avatar says are subject only to my free will,5,,P11
2,6,6. Nothing my avatar says is actually voluntary,5,,P11
2,7,7. My avatar's behavior is planned by me from the very beginning to the very end,5,,P11
2,8,8. I am completely responsible for everything that results from my avatar's speech,5,,P11
2,9,9. I would use this response as my own.,7,,P11
3,1,1. I am in control of what my avatar says,1,,P11
3,2,2. My avatar is just an instrument in the hands of somebody or something else,6,,P11
3,3,3. My avatar's speech just happen without my intention,6,,P11
3,4,4. I am the author of my avatar's speech,1,,P11
3,5,5. Things my avatar says are subject only to my free will,1,,P11
3,6,6. Nothing my avatar says is actually voluntary,2,,P11
3,7,7. My avatar's behavior is planned by me from the very beginning to the very end,1,,P11
3,8,8. I am completely responsible for everything that results from my avatar's speech,1,,P11
3,9,9. I would use this response as my own.,2,,P11
4,1,1. I am in control of what my avatar says,5,,P11
4,2,2. My avatar is just an instrument in the hands of somebody or something else,5,,P11
4,3,3. My avatar's speech just happen without my intention,2,,P11
4,4,4. I am the author of my avatar's speech,5,,P11
4,5,5. Things my avatar says are subject only to my free will,5,,P11
4,6,6. Nothing my avatar says is actually voluntary,4,,P11
4,7,7. My avatar's behavior is planned by me from the very beginning to the very end,5,,P11
4,8,8. I am completely responsible for everything that results from my avatar's speech,5,,P11
4,9,9. I would use this response as my own.,7,,P11
5,1,1. I am in control of what my avatar says,7,,P11
5,2,2. My avatar is just an instrument in the hands of somebody or something else,1,,P11
5,3,3. My avatar's speech just happen without my intention,1,,P11
5,4,4. I am the author of my avatar's speech,7,,P11
5,5,5. Things my avatar says are subject only to my free will,7,,P11
5,6,6. Nothing my avatar says is actually voluntary,1,,P11
5,7,7. My avatar's behavior is planned by me from the very beginning to the very end,7,,P11
5,8,8. I am completely responsible for everything that results from my avatar's speech,7,,P11
5,9,9. I would use this response as my own.,10,,P11
6,1,1. I am in control of what my avatar says,5,,P11
6,2,2. My avatar is just an instrument in the hands of somebody or something else,4,,P11
6,3,3. My avatar's speech just happen without my intention,4,,P11
6,4,4. I am the author of my avatar's speech,5,,P11
6,5,5. Things my avatar says are subject only to my free will,5,,P11
6,6,6. Nothing my avatar says is actually voluntary,4,,P11
6,7,7. My avatar's behavior is planned by me from the very beginning to the very end,5,,P11
6,8,8. I am completely responsible for everything that results from my avatar's speech,5,,P11
6,9,9. I would use this response as my own.,7,,P11
7,1,1. I am in control of what my avatar says,1,,P11
7,2,2. My avatar is just an instrument in the hands of somebody or something else,7,,P11
7,3,3. My avatar's speech just happen without my intention,7,,P11
7,4,4. I am the author of my avatar's speech,1,,P11
7,5,5. Things my avatar says are subject only to my free will,1,,P11
7,6,6. Nothing my avatar says is actually voluntary,7,,P11
7,7,7. My avatar's behavior is planned by me from the very beginning to the very end,1,,P11
7,8,8. I am completely responsible for everything that results from my avatar's speech,1,,P11
7,9,9. I would use this response as my own.,1,,P11
8,1,1. I am in control of what my avatar says,1,,P11
8,2,2. My avatar is just an instrument in the hands of somebody or something else,1,,P11
8,3,3. My avatar's speech just happen without my intention,1,,P11
8,4,4. I am the author of my avatar's speech,1,,P11
8,5,5. Things my avatar says are subject only to my free will,1,,P11
8,6,6. Nothing my avatar says is actually voluntary,1,,P11
8,7,7. My avatar's behavior is planned by me from the very beginning to the very end,1,,P11
8,8,8. I am completely responsible for everything that results from my avatar's speech,1,,P11
8,9,9. I would use this response as my own.,1,,P11
9,1,1. I am in control of what my avatar says,4,,P11
9,2,2. My avatar is just an instrument in the hands of somebody or something else,4,,P11
9,3,3. My avatar's speech just happen without my intention,4,,P11
9,4,4. I am the author of my avatar's speech,3,,P11
9,5,5. Things my avatar says are subject only to my free will,3,,P11
9,6,6. Nothing my avatar says is actually voluntary,4,,P11
9,7,7. My avatar's behavior is planned by me from the very beginning to the very end,3,,P11
9,8,8. I am completely responsible for everything that results from my avatar's speech,3,,P11
9,9,9. I would use this response as my own.,4,,P11
10,1,1. I am in control of what my avatar says,1,,P11
10,2,2. My avatar is just an instrument in the hands of somebody or something else,6,,P11
10,3,3. My avatar's speech just happen without my intention,1,,P11
10,4,4. I am the author of my avatar's speech,1,,P11
10,5,5. Things my avatar says are subject only to my free will,1,,P11
10,6,6. Nothing my avatar says is actually voluntary,2,,P11
10,7,7. My avatar's behavior is planned by me from the very beginning to the very end,1,,P11
10,8,8. I am completely responsible for everything that results from my avatar's speech,1,,P11
10,9,9. I would use this response as my own.,1,,P11
11,1,1. I am in control of what my avatar says,5,,P11
11,2,2. My avatar is just an instrument in the hands of somebody or something else,4,,P11
11,3,3. My avatar's speech just happen without my intention,2,,P11
11,4,4. I am the author of my avatar's speech,6,,P11
11,5,5. Things my avatar says are subject only to my free will,6,,P11
11,6,6. Nothing my avatar says is actually voluntary,5,,P11
11,7,7. My avatar's behavior is planned by me from the very beginning to the very end,6,,P11
11,8,8. I am completely responsible for everything that results from my avatar's speech,6,,P11
11,9,9. I would use this response as my own.,8,,P11
12,1,1. I am in control of what my avatar says,4,,P11
12,2,2. My avatar is just an instrument in the hands of somebody or something else,4,,P11
12,3,3. My avatar's speech just happen without my intention,4,,P11
12,4,4. I am the author of my avatar's speech,4,,P11
12,5,5. Things my avatar says are subject only to my free will,4,,P11
12,6,6. Nothing my avatar says is actually voluntary,4,,P11
12,7,7. My avatar's behavior is planned by me from the very beginning to the very end,4,,P11
12,8,8. I am completely responsible for everything that results from my avatar's speech,4,,P11
12,9,9. I would use this response as my own.,6,,P11
1,1,1. I am in control of what my avatar says,6,,P29
1,2,2. My avatar is just an instrument in the hands of somebody or something else,6,,P29
1,3,3. My avatar's speech just happen without my intention,3,,P29
1,4,4. I am the author of my avatar's speech,5,,P29
1,5,5. Things my avatar says are subject only to my free will,4,,P29
1,6,6. Nothing my avatar says is actually voluntary,4,,P29
1,7,7. My avatar's behavior is planned by me from the very beginning to the very end,4,,P29
1,8,8. I am completely responsible for everything that results from my avatar's speech,3,,P29
1,9,9. I would use this response as my own.,4,,P29
2,1,1. I am in control of what my avatar says,1,,P29
2,2,2. My avatar is just an instrument in the hands of somebody or something else,6,,P29
2,3,3. My avatar's speech just happen without my intention,6,,P29
2,4,4. I am the author of my avatar's speech,1,,P29
2,5,5. Things my avatar says are subject only to my free will,1,,P29
2,6,6. Nothing my avatar says is actually voluntary,2,,P29
2,7,7. My avatar's behavior is planned by me from the very beginning to the very end,2,,P29
2,8,8. I am completely responsible for everything that results from my avatar's speech,2,,P29
2,9,9. I would use this response as my own.,1,,P29
3,1,1. I am in control of what my avatar says,5,,P29
3,2,2. My avatar is just an instrument in the hands of somebody or something else,4,,P29
3,3,3. My avatar's speech just happen without my intention,4,,P29
3,4,4. I am the author of my avatar's speech,2,,P29
3,5,5. Things my avatar says are subject only to my free will,2,,P29
3,6,6. Nothing my avatar says is actually voluntary,4,,P29
3,7,7. My avatar's behavior is planned by me from the very beginning to the very end,2,,P29
3,8,8. I am completely responsible for everything that results from my avatar's speech,2,,P29
3,9,9. I would use this response as my own.,3,,P29
4,1,1. I am in control of what my avatar says,4,,P29
4,2,2. My avatar is just an instrument in the hands of somebody or something else,4,,P29
4,3,3. My avatar's speech just happen without my intention,4,,P29
4,4,4. I am the author of my avatar's speech,4,,P29
4,5,5. Things my avatar says are subject only to my free will,4,,P29
4,6,6. Nothing my avatar says is actually voluntary,3,,P29
4,7,7. My avatar's behavior is planned by me from the very beginning to the very end,3,,P29
4,8,8. I am completely responsible for everything that results from my avatar's speech,2,,P29
4,9,9. I would use this response as my own.,8,,P29
5,1,1. I am in control of what my avatar says,2,,P29
5,2,2. My avatar is just an instrument in the hands of somebody or something else,6,,P29
5,3,3. My avatar's speech just happen without my intention,5,,P29
5,4,4. I am the author of my avatar's speech,1,,P29
5,5,5. Things my avatar says are subject only to my free will,1,,P29
5,6,6. Nothing my avatar says is actually voluntary,2,,P29
5,7,7. My avatar's behavior is planned by me from the very beginning to the very end,2,,P29
5,8,8. I am completely responsible for everything that results from my avatar's speech,1,,P29
5,9,9. I would use this response as my own.,1,,P29
6,1,1. I am in control of what my avatar says,6,,P29
6,2,2. My avatar is just an instrument in the hands of somebody or something else,2,,P29
6,3,3. My avatar's speech just happen without my intention,2,,P29
6,4,4. I am the author of my avatar's speech,6,,P29
6,5,5. Things my avatar says are subject only to my free will,6,,P29
6,6,6. Nothing my avatar says is actually voluntary,2,,P29
6,7,7. My avatar's behavior is planned by me from the very beginning to the very end,6,,P29
6,8,8. I am completely responsible for everything that results from my avatar's speech,6,,P29
6,9,9. I would use this response as my own.,9,,P29
7,1,1. I am in control of what my avatar says,5,,P29
7,2,2. My avatar is just an instrument in the hands of somebody or something else,4,,P29
7,3,3. My avatar's speech just happen without my intention,4,,P29
7,4,4. I am the author of my avatar's speech,2,,P29
7,5,5. Things my avatar says are subject only to my free will,2,,P29
7,6,6. Nothing my avatar says is actually voluntary,4,,P29
7,7,7. My avatar's behavior is planned by me from the very beginning to the very end,4,,P29
7,8,8. I am completely responsible for everything that results from my avatar's speech,3,,P29
7,9,9. I would use this response as my own.,6,,P29
8,1,1. I am in control of what my avatar says,2,,P29
8,2,2. My avatar is just an instrument in the hands of somebody or something else,6,,P29
8,3,3. My avatar's speech just happen without my intention,6,,P29
8,4,4. I am the author of my avatar's speech,2,,P29
8,5,5. Things my avatar says are subject only to my free will,2,,P29
8,6,6. Nothing my avatar says is actually voluntary,6,,P29
8,7,7. My avatar's behavior is planned by me from the very beginning to the very end,1,,P29
8,8,8. I am completely responsible for everything that results from my avatar's speech,1,,P29
8,9,9. I would use this response as my own.,1,,P29
9,1,1. I am in control of what my avatar says,7,,P29
9,2,2. My avatar is just an instrument in the hands of somebody or something else,2,,P29
9,3,3. My avatar's speech just happen without my intention,1,,P29
9,4,4. I am the author of my avatar's speech,6,,P29
9,5,5. Things my avatar says are subject only to my free will,6,,P29
9,6,6. Nothing my avatar says is actually voluntary,6,,P29
9,7,7. My avatar's behavior is planned by me from the very beginning to the very end,6,,P29
9,8,8. I am completely responsible for everything that results from my avatar's speech,6,,P29
9,9,9. I would use this response as my own.,10,,P29
10,1,1. I am in control of what my avatar says,5,,P29
10,2,2. My avatar is just an instrument in the hands of somebody or something else,4,,P29
10,3,3. My avatar's speech just happen without my intention,3,,P29
10,4,4. I am the author of my avatar's speech,4,,P29
10,5,5. Things my avatar says are subject only to my free will,4,,P29
10,6,6. Nothing my avatar says is actually voluntary,4,,P29
10,7,7. My avatar's behavior is planned by me from the very beginning to the very end,4,,P29
10,8,8. I am completely responsible for everything that results from my avatar's speech,4,,P29
10,9,9. I would use this response as my own.,7,,P29
11,1,1. I am in control of what my avatar says,1,,P29
11,2,2. My avatar is just an instrument in the hands of somebody or something else,7,,P29
11,3,3. My avatar's speech just happen without my intention,7,,P29
11,4,4. I am the author of my avatar's speech,1,,P29
11,5,5. Things my avatar says are subject only to my free will,1,,P29
11,6,6. Nothing my avatar says is actually voluntary,1,,P29
11,7,7. My avatar's behavior is planned by me from the very beginning to the very end,1,,P29
11,8,8. I am completely responsible for everything that results from my avatar's speech,1,,P29
11,9,9. I would use this response as my own.,1,,P29
12,1,1. I am in control of what my avatar says,6,,P29
12,2,2. My avatar is just an instrument in the hands of somebody or something else,4,,P29
12,3,3. My avatar's speech just happen without my intention,3,,P29
12,4,4. I am the author of my avatar's speech,5,,P29
12,5,5. Things my avatar says are subject only to my free will,4,,P29
12,6,6. Nothing my avatar says is actually voluntary,4,,P29
12,7,7. My avatar's behavior is planned by me from the very beginning to the very end,4,,P29
12,8,8. I am completely responsible for everything that results from my avatar's speech,3,,P29
12,9,9. I would use this response as my own.,7,,P29
1,1,1. I am in control of what my avatar says,6,,P16
1,2,2. My avatar is just an instrument in the hands of somebody or something else,2,,P16
1,3,3. My avatar's speech just happen without my intention,2,,P16
1,4,4. I am the author of my avatar's speech,7,,P16
1,5,5. Things my avatar says are subject only to my free will,5,,P16
1,6,6. Nothing my avatar says is actually voluntary,6,,P16
1,7,7. My avatar's behavior is planned by me from the very beginning to the very end,6,,P16
1,8,8. I am completely responsible for everything that results from my avatar's speech,6,,P16
1,9,9. I would use this response as my own.,10,,P16
2,1,1. I am in control of what my avatar says,4,,P16
2,2,2. My avatar is just an instrument in the hands of somebody or something else,2,,P16
2,3,3. My avatar's speech just happen without my intention,2,,P16
2,4,4. I am the author of my avatar's speech,5,,P16
2,5,5. Things my avatar says are subject only to my free will,5,,P16
2,6,6. Nothing my avatar says is actually voluntary,6,,P16
2,7,7. My avatar's behavior is planned by me from the very beginning to the very end,4,,P16
2,8,8. I am completely responsible for everything that results from my avatar's speech,4,,P16
2,9,9. I would use this response as my own.,8,,P16
3,1,1. I am in control of what my avatar says,5,,P16
3,2,2. My avatar is just an instrument in the hands of somebody or something else,2,,P16
3,3,3. My avatar's speech just happen without my intention,2,,P16
3,4,4. I am the author of my avatar's speech,5,,P16
3,5,5. Things my avatar says are subject only to my free will,4,,P16
3,6,6. Nothing my avatar says is actually voluntary,7,,P16
3,7,7. My avatar's behavior is planned by me from the very beginning to the very end,5,,P16
3,8,8. I am completely responsible for everything that results from my avatar's speech,4,,P16
3,9,9. I would use this response as my own.,6,,P16
4,1,1. I am in control of what my avatar says,3,,P16
4,2,2. My avatar is just an instrument in the hands of somebody or something else,2,,P16
4,3,3. My avatar's speech just happen without my intention,2,,P16
4,4,4. I am the author of my avatar's speech,4,,P16
4,5,5. Things my avatar says are subject only to my free will,5,,P16
4,6,6. Nothing my avatar says is actually voluntary,6,,P16
4,7,7. My avatar's behavior is planned by me from the very beginning to the very end,6,,P16
4,8,8. I am completely responsible for everything that results from my avatar's speech,5,,P16
4,9,9. I would use this response as my own.,6,,P16
5,1,1. I am in control of what my avatar says,3,,P16
5,2,2. My avatar is just an instrument in the hands of somebody or something else,4,,P16
5,3,3. My avatar's speech just happen without my intention,3,,P16
5,4,4. I am the author of my avatar's speech,3,,P16
5,5,5. Things my avatar says are subject only to my free will,3,,P16
5,6,6. Nothing my avatar says is actually voluntary,3,,P16
5,7,7. My avatar's behavior is planned by me from the very beginning to the very end,3,,P16
5,8,8. I am completely responsible for everything that results from my avatar's speech,3,,P16
5,9,9. I would use this response as my own.,3,,P16
6,1,1. I am in control of what my avatar says,4,,P16
6,2,2. My avatar is just an instrument in the hands of somebody or something else,3,,P16
6,3,3. My avatar's speech just happen without my intention,3,,P16
6,4,4. I am the author of my avatar's speech,4,,P16
6,5,5. Things my avatar says are subject only to my free will,4,,P16
6,6,6. Nothing my avatar says is actually voluntary,5,,P16
6,7,7. My avatar's behavior is planned by me from the very beginning to the very end,5,,P16
6,8,8. I am completely responsible for everything that results from my avatar's speech,4,,P16
6,9,9. I would use this response as my own.,5,,P16
7,1,1. I am in control of what my avatar says,4,,P16
7,2,2. My avatar is just an instrument in the hands of somebody or something else,4,,P16
7,3,3. My avatar's speech just happen without my intention,4,,P16
7,4,4. I am the author of my avatar's speech,5,,P16
7,5,5. Things my avatar says are subject only to my free will,6,,P16
7,6,6. Nothing my avatar says is actually voluntary,6,,P16
7,7,7. My avatar's behavior is planned by me from the very beginning to the very end,4,,P16
7,8,8. I am completely responsible for everything that results from my avatar's speech,4,,P16
7,9,9. I would use this response as my own.,8,,P16
8,1,1. I am in control of what my avatar says,4,,P16
8,2,2. My avatar is just an instrument in the hands of somebody or something else,5,,P16
8,3,3. My avatar's speech just happen without my intention,4,,P16
8,4,4. I am the author of my avatar's speech,6,,P16
8,5,5. Things my avatar says are subject only to my free will,3,,P16
8,6,6. Nothing my avatar says is actually voluntary,5,,P16
8,7,7. My avatar's behavior is planned by me from the very beginning to the very end,5,,P16
8,8,8. I am completely responsible for everything that results from my avatar's speech,4,,P16
8,9,9. I would use this response as my own.,8,,P16
9,1,1. I am in control of what my avatar says,4,,P16
9,2,2. My avatar is just an instrument in the hands of somebody or something else,5,,P16
9,3,3. My avatar's speech just happen without my intention,4,,P16
9,4,4. I am the author of my avatar's speech,4,,P16
9,5,5. Things my avatar says are subject only to my free will,4,,P16
9,6,6. Nothing my avatar says is actually voluntary,5,,P16
9,7,7. My avatar's behavior is planned by me from the very beginning to the very end,4,,P16
9,8,8. I am completely responsible for everything that results from my avatar's speech,2,,P16
9,9,9. I would use this response as my own.,3,,P16
10,1,1. I am in control of what my avatar says,4,,P16
10,2,2. My avatar is just an instrument in the hands of somebody or something else,5,,P16
10,3,3. My avatar's speech just happen without my intention,5,,P16
10,4,4. I am the author of my avatar's speech,3,,P16
10,5,5. Things my avatar says are subject only to my free will,5,,P16
10,6,6. Nothing my avatar says is actually voluntary,5,,P16
10,7,7. My avatar's behavior is planned by me from the very beginning to the very end,5,,P16
10,8,8. I am completely responsible for everything that results from my avatar's speech,2,,P16
10,9,9. I would use this response as my own.,3,,P16
11,1,1. I am in control of what my avatar says,2,,P16
11,2,2. My avatar is just an instrument in the hands of somebody or something else,3,,P16
11,3,3. My avatar's speech just happen without my intention,7,,P16
11,4,4. I am the author of my avatar's speech,2,,P16
11,5,5. Things my avatar says are subject only to my free will,2,,P16
11,6,6. Nothing my avatar says is actually voluntary,3,,P16
11,7,7. My avatar's behavior is planned by me from the very beginning to the very end,2,,P16
11,8,8. I am completely responsible for everything that results from my avatar's speech,3,,P16
11,9,9. I would use this response as my own.,2,,P16
12,1,1. I am in control of what my avatar says,1,,P16
12,2,2. My avatar is just an instrument in the hands of somebody or something else,3,,P16
12,3,3. My avatar's speech just happen without my intention,7,,P16
12,4,4. I am the author of my avatar's speech,1,,P16
12,5,5. Things my avatar says are subject only to my free will,2,,P16
12,6,6. Nothing my avatar says is actually voluntary,2,,P16
12,7,7. My avatar's behavior is planned by me from the very beginning to the very end,1,,P16
12,8,8. I am completely responsible for everything that results from my avatar's speech,1,,P16
12,9,9. I would use this response as my own.,1,,P16
1,1,1. I am in control of what my avatar says,3,,P18
1,2,2. My avatar is just an instrument in the hands of somebody or something else,5,,P18
1,3,3. My avatar's speech just happen without my intention,5,,P18
1,4,4. I am the author of my avatar's speech,1,,P18
1,5,5. Things my avatar says are subject only to my free will,3,,P18
1,6,6. Nothing my avatar says is actually voluntary,3,,P18
1,7,7. My avatar's behavior is planned by me from the very beginning to the very end,3,,P18
1,8,8. I am completely responsible for everything that results from my avatar's speech,5,,P18
1,9,9. I would use this response as my own.,7,,P18
2,1,1. I am in control of what my avatar says,5,,P18
2,2,2. My avatar is just an instrument in the hands of somebody or something else,5,,P18
2,3,3. My avatar's speech just happen without my intention,6,,P18
2,4,4. I am the author of my avatar's speech,5,,P18
2,5,5. Things my avatar says are subject only to my free will,3,,P18
2,6,6. Nothing my avatar says is actually voluntary,2,,P18
2,7,7. My avatar's behavior is planned by me from the very beginning to the very end,1,,P18
2,8,8. I am completely responsible for everything that results from my avatar's speech,5,,P18
2,9,9. I would use this response as my own.,6,,P18
3,1,1. I am in control of what my avatar says,1,,P18
3,2,2. My avatar is just an instrument in the hands of somebody or something else,7,,P18
3,3,3. My avatar's speech just happen without my intention,7,,P18
3,4,4. I am the author of my avatar's speech,1,,P18
3,5,5. Things my avatar says are subject only to my free will,1,,P18
3,6,6. Nothing my avatar says is actually voluntary,6,,P18
3,7,7. My avatar's behavior is planned by me from the very beginning to the very end,1,,P18
3,8,8. I am completely responsible for everything that results from my avatar's speech,1,,P18
3,9,9. I would use this response as my own.,2,,P18
4,1,1. I am in control of what my avatar says,1,,P18
4,2,2. My avatar is just an instrument in the hands of somebody or something else,7,,P18
4,3,3. My avatar's speech just happen without my intention,7,,P18
4,4,4. I am the author of my avatar's speech,1,,P18
4,5,5. Things my avatar says are subject only to my free will,1,,P18
4,6,6. Nothing my avatar says is actually voluntary,2,,P18
4,7,7. My avatar's behavior is planned by me from the very beginning to the very end,1,,P18
4,8,8. I am completely responsible for everything that results from my avatar's speech,1,,P18
4,9,9. I would use this response as my own.,2,,P18
5,1,1. I am in control of what my avatar says,5,,P18
5,2,2. My avatar is just an instrument in the hands of somebody or something else,5,,P18
5,3,3. My avatar's speech just happen without my intention,7,,P18
5,4,4. I am the author of my avatar's speech,5,,P18
5,5,5. Things my avatar says are subject only to my free will,5,,P18
5,6,6. Nothing my avatar says is actually voluntary,4,,P18
5,7,7. My avatar's behavior is planned by me from the very beginning to the very end,4,,P18
5,8,8. I am completely responsible for everything that results from my avatar's speech,5,,P18
5,9,9. I would use this response as my own.,7,,P18
6,1,1. I am in control of what my avatar says,1,,P18
6,2,2. My avatar is just an instrument in the hands of somebody or something else,7,,P18
6,3,3. My avatar's speech just happen without my intention,7,,P18
6,4,4. I am the author of my avatar's speech,1,,P18
6,5,5. Things my avatar says are subject only to my free will,1,,P18
6,6,6. Nothing my avatar says is actually voluntary,7,,P18
6,7,7. My avatar's behavior is planned by me from the very beginning to the very end,1,,P18
6,8,8. I am completely responsible for everything that results from my avatar's speech,1,,P18
6,9,9. I would use this response as my own.,1,,P18
7,1,1. I am in control of what my avatar says,2,,P18
7,2,2. My avatar is just an instrument in the hands of somebody or something else,3,,P18
7,3,3. My avatar's speech just happen without my intention,3,,P18
7,4,4. I am the author of my avatar's speech,3,,P18
7,5,5. Things my avatar says are subject only to my free will,3,,P18
7,6,6. Nothing my avatar says is actually voluntary,5,,P18
7,7,7. My avatar's behavior is planned by me from the very beginning to the very end,2,,P18
7,8,8. I am completely responsible for everything that results from my avatar's speech,3,,P18
7,9,9. I would use this response as my own.,4,,P18
8,1,1. I am in control of what my avatar says,3,,P18
8,2,2. My avatar is just an instrument in the hands of somebody or something else,2,,P18
8,3,3. My avatar's speech just happen without my intention,3,,P18
8,4,4. I am the author of my avatar's speech,7,,P18
8,5,5. Things my avatar says are subject only to my free will,6,,P18
8,6,6. Nothing my avatar says is actually voluntary,3,,P18
8,7,7. My avatar's behavior is planned by me from the very beginning to the very end,2,,P18
8,8,8. I am completely responsible for everything that results from my avatar's speech,6,,P18
8,9,9. I would use this response as my own.,8,,P18
9,1,1. I am in control of what my avatar says,5,,P18
9,2,2. My avatar is just an instrument in the hands of somebody or something else,3,,P18
9,3,3. My avatar's speech just happen without my intention,5,,P18
9,4,4. I am the author of my avatar's speech,5,,P18
9,5,5. Things my avatar says are subject only to my free will,5,,P18
9,6,6. Nothing my avatar says is actually voluntary,2,,P18
9,7,7. My avatar's behavior is planned by me from the very beginning to the very end,2,,P18
9,8,8. I am completely responsible for everything that results from my avatar's speech,5,,P18
9,9,9. I would use this response as my own.,6,,P18
10,1,1. I am in control of what my avatar says,1,,P18
10,2,2. My avatar is just an instrument in the hands of somebody or something else,5,,P18
10,3,3. My avatar's speech just happen without my intention,7,,P18
10,4,4. I am the author of my avatar's speech,1,,P18
10,5,5. Things my avatar says are subject only to my free will,1,,P18
10,6,6. Nothing my avatar says is actually voluntary,5,,P18
10,7,7. My avatar's behavior is planned by me from the very beginning to the very end,3,,P18
10,8,8. I am completely responsible for everything that results from my avatar's speech,2,,P18
10,9,9. I would use this response as my own.,3,,P18
11,1,1. I am in control of what my avatar says,5,,P18
11,2,2. My avatar is just an instrument in the hands of somebody or something else,3,,P18
11,3,3. My avatar's speech just happen without my intention,3,,P18
11,4,4. I am the author of my avatar's speech,6,,P18
11,5,5. Things my avatar says are subject only to my free will,5,,P18
11,6,6. Nothing my avatar says is actually voluntary,2,,P18
11,7,7. My avatar's behavior is planned by me from the very beginning to the very end,5,,P18
11,8,8. I am completely responsible for everything that results from my avatar's speech,6,,P18
11,9,9. I would use this response as my own.,8,,P18
12,1,1. I am in control of what my avatar says,7,,P18
12,2,2. My avatar is just an instrument in the hands of somebody or something else,2,,P18
12,3,3. My avatar's speech just happen without my intention,3,,P18
12,4,4. I am the author of my avatar's speech,6,,P18
12,5,5. Things my avatar says are subject only to my free will,6,,P18
12,6,6. Nothing my avatar says is actually voluntary,1,,P18
12,7,7. My avatar's behavior is planned by me from the very beginning to the very end,3,,P18
12,8,8. I am completely responsible for everything that results from my avatar's speech,7,,P18
12,9,9. I would use this response as my own.,9,,P18
1,1,1. I am in control of what my avatar says,2,,P27
1,2,2. My avatar is just an instrument in the hands of somebody or something else,6,,P27
1,3,3. My avatar's speech just happen without my intention,1,,P27
1,4,4. I am the author of my avatar's speech,5,,P27
1,5,5. Things my avatar says are subject only to my free will,2,,P27
1,6,6. Nothing my avatar says is actually voluntary,1,,P27
1,7,7. My avatar's behavior is planned by me from the very beginning to the very end,2,,P27
1,8,8. I am completely responsible for everything that results from my avatar's speech,1,,P27
1,9,9. I would use this response as my own.,5,,P27
2,1,1. I am in control of what my avatar says,6,,P27
2,2,2. My avatar is just an instrument in the hands of somebody or something else,3,,P27
2,3,3. My avatar's speech just happen without my intention,1,,P27
2,4,4. I am the author of my avatar's speech,6,,P27
2,5,5. Things my avatar says are subject only to my free will,5,,P27
2,6,6. Nothing my avatar says is actually voluntary,2,,P27
2,7,7. My avatar's behavior is planned by me from the very beginning to the very end,3,,P27
2,8,8. I am completely responsible for everything that results from my avatar's speech,5,,P27
2,9,9. I would use this response as my own.,6,,P27
3,1,1. I am in control of what my avatar says,1,,P27
3,2,2. My avatar is just an instrument in the hands of somebody or something else,2,,P27
3,3,3. My avatar's speech just happen without my intention,7,,P27
3,4,4. I am the author of my avatar's speech,1,,P27
3,5,5. Things my avatar says are subject only to my free will,1,,P27
3,6,6. Nothing my avatar says is actually voluntary,6,,P27
3,7,7. My avatar's behavior is planned by me from the very beginning to the very end,2,,P27
3,8,8. I am completely responsible for everything that results from my avatar's speech,1,,P27
3,9,9. I would use this response as my own.,2,,P27
4,1,1. I am in control of what my avatar says,3,,P27
4,2,2. My avatar is just an instrument in the hands of somebody or something else,5,,P27
4,3,3. My avatar's speech just happen without my intention,5,,P27
4,4,4. I am the author of my avatar's speech,5,,P27
4,5,5. Things my avatar says are subject only to my free will,3,,P27
4,6,6. Nothing my avatar says is actually voluntary,6,,P27
4,7,7. My avatar's behavior is planned by me from the very beginning to the very end,3,,P27
4,8,8. I am completely responsible for everything that results from my avatar's speech,4,,P27
4,9,9. I would use this response as my own.,5,,P27
5,1,1. I am in control of what my avatar says,5,,P27
5,2,2. My avatar is just an instrument in the hands of somebody or something else,6,,P27
5,3,3. My avatar's speech just happen without my intention,2,,P27
5,4,4. I am the author of my avatar's speech,5,,P27
5,5,5. Things my avatar says are subject only to my free will,4,,P27
5,6,6. Nothing my avatar says is actually voluntary,6,,P27
5,7,7. My avatar's behavior is planned by me from the very beginning to the very end,4,,P27
5,8,8. I am completely responsible for everything that results from my avatar's speech,4,,P27
5,9,9. I would use this response as my own.,7,,P27
6,1,1. I am in control of what my avatar says,1,,P27
6,2,2. My avatar is just an instrument in the hands of somebody or something else,7,,P27
6,3,3. My avatar's speech just happen without my intention,7,,P27
6,4,4. I am the author of my avatar's speech,1,,P27
6,5,5. Things my avatar says are subject only to my free will,1,,P27
6,6,6. Nothing my avatar says is actually voluntary,1,,P27
6,7,7. My avatar's behavior is planned by me from the very beginning to the very end,1,,P27
6,8,8. I am completely responsible for everything that results from my avatar's speech,1,,P27
6,9,9. I would use this response as my own.,1,,P27
7,1,1. I am in control of what my avatar says,5,,P27
7,2,2. My avatar is just an instrument in the hands of somebody or something else,5,,P27
7,3,3. My avatar's speech just happen without my intention,4,,P27
7,4,4. I am the author of my avatar's speech,4,,P27
7,5,5. Things my avatar says are subject only to my free will,4,,P27
7,6,6. Nothing my avatar says is actually voluntary,3,,P27
7,7,7. My avatar's behavior is planned by me from the very beginning to the very end,3,,P27
7,8,8. I am completely responsible for everything that results from my avatar's speech,3,,P27
7,9,9. I would use this response as my own.,5,,P27
8,1,1. I am in control of what my avatar says,2,,P27
8,2,2. My avatar is just an instrument in the hands of somebody or something else,5,,P27
8,3,3. My avatar's speech just happen without my intention,5,,P27
8,4,4. I am the author of my avatar's speech,4,,P27
8,5,5. Things my avatar says are subject only to my free will,3,,P27
8,6,6. Nothing my avatar says is actually voluntary,5,,P27
8,7,7. My avatar's behavior is planned by me from the very beginning to the very end,3,,P27
8,8,8. I am completely responsible for everything that results from my avatar's speech,2,,P27
8,9,9. I would use this response as my own.,4,,P27
9,1,1. I am in control of what my avatar says,5,,P27
9,2,2. My avatar is just an instrument in the hands of somebody or something else,5,,P27
9,3,3. My avatar's speech just happen without my intention,5,,P27
9,4,4. I am the author of my avatar's speech,5,,P27
9,5,5. Things my avatar says are subject only to my free will,5,,P27
9,6,6. Nothing my avatar says is actually voluntary,5,,P27
9,7,7. My avatar's behavior is planned by me from the very beginning to the very end,4,,P27
9,8,8. I am completely responsible for everything that results from my avatar's speech,4,,P27
9,9,9. I would use this response as my own.,9,,P27
10,1,1. I am in control of what my avatar says,1,,P27
10,2,2. My avatar is just an instrument in the hands of somebody or something else,7,,P27
10,3,3. My avatar's speech just happen without my intention,7,,P27
10,4,4. I am the author of my avatar's speech,1,,P27
10,5,5. Things my avatar says are subject only to my free will,4,,P27
10,6,6. Nothing my avatar says is actually voluntary,7,,P27
10,7,7. My avatar's behavior is planned by me from the very beginning to the very end,2,,P27
10,8,8. I am completely responsible for everything that results from my avatar's speech,1,,P27
10,9,9. I would use this response as my own.,9,,P27
11,1,1. I am in control of what my avatar says,1,,P27
11,2,2. My avatar is just an instrument in the hands of somebody or something else,7,,P27
11,3,3. My avatar's speech just happen without my intention,7,,P27
11,4,4. I am the author of my avatar's speech,1,,P27
11,5,5. Things my avatar says are subject only to my free will,1,,P27
11,6,6. Nothing my avatar says is actually voluntary,7,,P27
11,7,7. My avatar's behavior is planned by me from the very beginning to the very end,1,,P27
11,8,8. I am completely responsible for everything that results from my avatar's speech,1,,P27
11,9,9. I would use this response as my own.,1,,P27
12,1,1. I am in control of what my avatar says,2,,P27
12,2,2. My avatar is just an instrument in the hands of somebody or something else,3,,P27
12,3,3. My avatar's speech just happen without my intention,5,,P27
12,4,4. I am the author of my avatar's speech,2,,P27
12,5,5. Things my avatar says are subject only to my free will,6,,P27
12,6,6. Nothing my avatar says is actually voluntary,6,,P27
12,7,7. My avatar's behavior is planned by me from the very beginning to the very end,4,,P27
12,8,8. I am completely responsible for everything that results from my avatar's speech,3,,P27
12,9,9. I would use this response as my own.,4,,P27
1,1,1. I am in control of what my avatar says,2,,P05
1,2,2. My avatar is just an instrument in the hands of somebody or something else,3,,P05
1,3,3. My avatar's speech just happen without my intention,7,,P05
1,4,4. I am the author of my avatar's speech,2,,P05
1,5,5. Things my avatar says are subject only to my free will,1,,P05
1,6,6. Nothing my avatar says is actually voluntary,7,,P05
1,7,7. My avatar's behavior is planned by me from the very beginning to the very end,1,,P05
1,8,8. I am completely responsible for everything that results from my avatar's speech,2,,P05
1,9,9. I would use this response as my own.,5,,P05
2,1,1. I am in control of what my avatar says,4,,P05
2,2,2. My avatar is just an instrument in the hands of somebody or something else,2,,P05
2,3,3. My avatar's speech just happen without my intention,3,,P05
2,4,4. I am the author of my avatar's speech,5,,P05
2,5,5. Things my avatar says are subject only to my free will,5,,P05
2,6,6. Nothing my avatar says is actually voluntary,5,,P05
2,7,7. My avatar's behavior is planned by me from the very beginning to the very end,6,,P05
2,8,8. I am completely responsible for everything that results from my avatar's speech,6,,P05
2,9,9. I would use this response as my own.,8,,P05
3,1,1. I am in control of what my avatar says,4,,P05
3,2,2. My avatar is just an instrument in the hands of somebody or something else,3,,P05
3,3,3. My avatar's speech just happen without my intention,2,,P05
3,4,4. I am the author of my avatar's speech,4,,P05
3,5,5. Things my avatar says are subject only to my free will,5,,P05
3,6,6. Nothing my avatar says is actually voluntary,2,,P05
3,7,7. My avatar's behavior is planned by me from the very beginning to the very end,6,,P05
3,8,8. I am completely responsible for everything that results from my avatar's speech,3,,P05
3,9,9. I would use this response as my own.,4,,P05
4,1,1. I am in control of what my avatar says,1,,P05
4,2,2. My avatar is just an instrument in the hands of somebody or something else,6,,P05
4,3,3. My avatar's speech just happen without my intention,6,,P05
4,4,4. I am the author of my avatar's speech,1,,P05
4,5,5. Things my avatar says are subject only to my free will,1,,P05
4,6,6. Nothing my avatar says is actually voluntary,7,,P05
4,7,7. My avatar's behavior is planned by me from the very beginning to the very end,1,,P05
4,8,8. I am completely responsible for everything that results from my avatar's speech,1,,P05
4,9,9. I would use this response as my own.,1,,P05
5,1,1. I am in control of what my avatar says,6,,P05
5,2,2. My avatar is just an instrument in the hands of somebody or something else,2,,P05
5,3,3. My avatar's speech just happen without my intention,2,,P05
5,4,4. I am the author of my avatar's speech,6,,P05
5,5,5. Things my avatar says are subject only to my free will,6,,P05
5,6,6. Nothing my avatar says is actually voluntary,2,,P05
5,7,7. My avatar's behavior is planned by me from the very beginning to the very end,6,,P05
5,8,8. I am completely responsible for everything that results from my avatar's speech,6,,P05
5,9,9. I would use this response as my own.,8,,P05
6,1,1. I am in control of what my avatar says,3,,P05
6,2,2. My avatar is just an instrument in the hands of somebody or something else,6,,P05
6,3,3. My avatar's speech just happen without my intention,5,,P05
6,4,4. I am the author of my avatar's speech,2,,P05
6,5,5. Things my avatar says are subject only to my free will,5,,P05
6,6,6. Nothing my avatar says is actually voluntary,5,,P05
6,7,7. My avatar's behavior is planned by me from the very beginning to the very end,3,,P05
6,8,8. I am completely responsible for everything that results from my avatar's speech,3,,P05
6,9,9. I would use this response as my own.,7,,P05
7,1,1. I am in control of what my avatar says,4,,P05
7,2,2. My avatar is just an instrument in the hands of somebody or something else,4,,P05
7,3,3. My avatar's speech just happen without my intention,3,,P05
7,4,4. I am the author of my avatar's speech,4,,P05
7,5,5. Things my avatar says are subject only to my free will,5,,P05
7,6,6. Nothing my avatar says is actually voluntary,4,,P05
7,7,7. My avatar's behavior is planned by me from the very beginning to the very end,5,,P05
7,8,8. I am completely responsible for everything that results from my avatar's speech,3,,P05
7,9,9. I would use this response as my own.,9,,P05
8,1,1. I am in control of what my avatar says,7,,P05
8,2,2. My avatar is just an instrument in the hands of somebody or something else,1,,P05
8,3,3. My avatar's speech just happen without my intention,1,,P05
8,4,4. I am the author of my avatar's speech,7,,P05
8,5,5. Things my avatar says are subject only to my free will,7,,P05
8,6,6. Nothing my avatar says is actually voluntary,1,,P05
8,7,7. My avatar's behavior is planned by me from the very beginning to the very end,7,,P05
8,8,8. I am completely responsible for everything that results from my avatar's speech,7,,P05
8,9,9. I would use this response as my own.,10,,P05
9,1,1. I am in control of what my avatar says,1,,P05
9,2,2. My avatar is just an instrument in the hands of somebody or something else,6,,P05
9,3,3. My avatar's speech just happen without my intention,6,,P05
9,4,4. I am the author of my avatar's speech,2,,P05
9,5,5. Things my avatar says are subject only to my free will,2,,P05
9,6,6. Nothing my avatar says is actually voluntary,6,,P05
9,7,7. My avatar's behavior is planned by me from the very beginning to the very end,2,,P05
9,8,8. I am completely responsible for everything that results from my avatar's speech,1,,P05
9,9,9. I would use this response as my own.,2,,P05
10,1,1. I am in control of what my avatar says,6,,P05
10,2,2. My avatar is just an instrument in the hands of somebody or something else,2,,P05
10,3,3. My avatar's speech just happen without my intention,2,,P05
10,4,4. I am the author of my avatar's speech,6,,P05
10,5,5. Things my avatar says are subject only to my free will,6,,P05
10,6,6. Nothing my avatar says is actually voluntary,2,,P05
10,7,7. My avatar's behavior is planned by me from the very beginning to the very end,6,,P05
10,8,8. I am completely responsible for everything that results from my avatar's speech,6,,P05
10,9,9. I would use this response as my own.,10,,P05
11,1,1. I am in control of what my avatar says,7,,P05
11,2,2. My avatar is just an instrument in the hands of somebody or something else,1,,P05
11,3,3. My avatar's speech just happen without my intention,1,,P05
11,4,4. I am the author of my avatar's speech,7,,P05
11,5,5. Things my avatar says are subject only to my free will,7,,P05
11,6,6. Nothing my avatar says is actually voluntary,1,,P05
11,7,7. My avatar's behavior is planned by me from the very beginning to the very end,7,,P05
11,8,8. I am completely responsible for everything that results from my avatar's speech,7,,P05
11,9,9. I would use this response as my own.,10,,P05
12,1,1. I am in control of what my avatar says,4,,P05
12,2,2. My avatar is just an instrument in the hands of somebody or something else,5,,P05
12,3,3. My avatar's speech just happen without my intention,5,,P05
12,4,4. I am the author of my avatar's speech,2,,P05
12,5,5. Things my avatar says are subject only to my free will,2,,P05
12,6,6. Nothing my avatar says is actually voluntary,4,,P05
12,7,7. My avatar's behavior is planned by me from the very beginning to the very end,3,,P05
12,8,8. I am completely responsible for everything that results from my avatar's speech,2,,P05
12,9,9. I would use this response as my own.,4,,P05
1,1,1. I am in control of what my avatar says,4,,P02
1,2,2. My avatar is just an instrument in the hands of somebody or something else,2,,P02
1,3,3. My avatar's speech just happen without my intention,7,,P02
1,4,4. I am the author of my avatar's speech,7,,P02
1,5,5. Things my avatar says are subject only to my free will,1,,P02
1,6,6. Nothing my avatar says is actually voluntary,7,,P02
1,7,7. My avatar's behavior is planned by me from the very beginning to the very end,5,,P02
1,8,8. I am completely responsible for everything that results from my avatar's speech,1,,P02
1,9,9. I would use this response as my own.,4,,P02
2,1,1. I am in control of what my avatar says,1,,P02
2,2,2. My avatar is just an instrument in the hands of somebody or something else,6,,P02
2,3,3. My avatar's speech just happen without my intention,6,,P02
2,4,4. I am the author of my avatar's speech,1,,P02
2,5,5. Things my avatar says are subject only to my free will,1,,P02
2,6,6. Nothing my avatar says is actually voluntary,7,,P02
2,7,7. My avatar's behavior is planned by me from the very beginning to the very end,1,,P02
2,8,8. I am completely responsible for everything that results from my avatar's speech,1,,P02
2,9,9. I would use this response as my own.,8,,P02
3,1,1. I am in control of what my avatar says,1,,P02
3,2,2. My avatar is just an instrument in the hands of somebody or something else,7,,P02
3,3,3. My avatar's speech just happen without my intention,6,,P02
3,4,4. I am the author of my avatar's speech,3,,P02
3,5,5. Things my avatar says are subject only to my free will,1,,P02
3,6,6. Nothing my avatar says is actually voluntary,6,,P02
3,7,7. My avatar's behavior is planned by me from the very beginning to the very end,2,,P02
3,8,8. I am completely responsible for everything that results from my avatar's speech,3,,P02
3,9,9. I would use this response as my own.,3,,P02
4,1,1. I am in control of what my avatar says,3,,P02
4,2,2. My avatar is just an instrument in the hands of somebody or something else,5,,P02
4,3,3. My avatar's speech just happen without my intention,3,,P02
4,4,4. I am the author of my avatar's speech,4,,P02
4,5,5. Things my avatar says are subject only to my free will,5,,P02
4,6,6. Nothing my avatar says is actually voluntary,3,,P02
4,7,7. My avatar's behavior is planned by me from the very beginning to the very end,3,,P02
4,8,8. I am completely responsible for everything that results from my avatar's speech,2,,P02
4,9,9. I would use this response as my own.,2,,P02
5,1,1. I am in control of what my avatar says,4,,P02
5,2,2. My avatar is just an instrument in the hands of somebody or something else,4,,P02
5,3,3. My avatar's speech just happen without my intention,2,,P02
5,4,4. I am the author of my avatar's speech,5,,P02
5,5,5. Things my avatar says are subject only to my free will,3,,P02
5,6,6. Nothing my avatar says is actually voluntary,2,,P02
5,7,7. My avatar's behavior is planned by me from the very beginning to the very end,5,,P02
5,8,8. I am completely responsible for everything that results from my avatar's speech,3,,P02
5,9,9. I would use this response as my own.,7,,P02
6,1,1. I am in control of what my avatar says,4,,P02
6,2,2. My avatar is just an instrument in the hands of somebody or something else,5,,P02
6,3,3. My avatar's speech just happen without my intention,3,,P02
6,4,4. I am the author of my avatar's speech,4,,P02
6,5,5. Things my avatar says are subject only to my free will,5,,P02
6,6,6. Nothing my avatar says is actually voluntary,3,,P02
6,7,7. My avatar's behavior is planned by me from the very beginning to the very end,4,,P02
6,8,8. I am completely responsible for everything that results from my avatar's speech,5,,P02
6,9,9. I would use this response as my own.,2,,P02
7,1,1. I am in control of what my avatar says,2,,P02
7,2,2. My avatar is just an instrument in the hands of somebody or something else,3,,P02
7,3,3. My avatar's speech just happen without my intention,5,,P02
7,4,4. I am the author of my avatar's speech,3,,P02
7,5,5. Things my avatar says are subject only to my free will,2,,P02
7,6,6. Nothing my avatar says is actually voluntary,5,,P02
7,7,7. My avatar's behavior is planned by me from the very beginning to the very end,3,,P02
7,8,8. I am completely responsible for everything that results from my avatar's speech,2,,P02
7,9,9. I would use this response as my own.,1,,P02
8,1,1. I am in control of what my avatar says,6,,P02
8,2,2. My avatar is just an instrument in the hands of somebody or something else,3,,P02
8,3,3. My avatar's speech just happen without my intention,3,,P02
8,4,4. I am the author of my avatar's speech,6,,P02
8,5,5. Things my avatar says are subject only to my free will,5,,P02
8,6,6. Nothing my avatar says is actually voluntary,3,,P02
8,7,7. My avatar's behavior is planned by me from the very beginning to the very end,5,,P02
8,8,8. I am completely responsible for everything that results from my avatar's speech,2,,P02
8,9,9. I would use this response as my own.,9,,P02
9,1,1. I am in control of what my avatar says,6,,P02
9,2,2. My avatar is just an instrument in the hands of somebody or something else,3,,P02
9,3,3. My avatar's speech just happen without my intention,2,,P02
9,4,4. I am the author of my avatar's speech,6,,P02
9,5,5. Things my avatar says are subject only to my free will,6,,P02
9,6,6. Nothing my avatar says is actually voluntary,3,,P02
9,7,7. My avatar's behavior is planned by me from the very beginning to the very end,3,,P02
9,8,8. I am completely responsible for everything that results from my avatar's speech,5,,P02
9,9,9. I would use this response as my own.,9,,P02
10,1,1. I am in control of what my avatar says,2,,P02
10,2,2. My avatar is just an instrument in the hands of somebody or something else,2,,P02
10,3,3. My avatar's speech just happen without my intention,6,,P02
10,4,4. I am the author of my avatar's speech,2,,P02
10,5,5. Things my avatar says are subject only to my free will,3,,P02
10,6,6. Nothing my avatar says is actually voluntary,5,,P02
10,7,7. My avatar's behavior is planned by me from the very beginning to the very end,2,,P02
10,8,8. I am completely responsible for everything that results from my avatar's speech,2,,P02
10,9,9. I would use this response as my own.,3,,P02
11,1,1. I am in control of what my avatar says,5,,P02
11,2,2. My avatar is just an instrument in the hands of somebody or something else,4,,P02
11,3,3. My avatar's speech just happen without my intention,5,,P02
11,4,4. I am the author of my avatar's speech,5,,P02
11,5,5. Things my avatar says are subject only to my free will,5,,P02
11,6,6. Nothing my avatar says is actually voluntary,2,,P02
11,7,7. My avatar's behavior is planned by me from the very beginning to the very end,5,,P02
11,8,8. I am completely responsible for everything that results from my avatar's speech,5,,P02
11,9,9. I would use this response as my own.,7,,P02
12,1,1. I am in control of what my avatar says,5,,P02
12,2,2. My avatar is just an instrument in the hands of somebody or something else,4,,P02
12,3,3. My avatar's speech just happen without my intention,3,,P02
12,4,4. I am the author of my avatar's speech,4,,P02
12,5,5. Things my avatar says are subject only to my free will,4,,P02
12,6,6. Nothing my avatar says is actually voluntary,3,,P02
12,7,7. My avatar's behavior is planned by me from the very beginning to the very end,4,,P02
12,8,8. I am completely responsible for everything that results from my avatar's speech,5,,P02
12,9,9. I would use this response as my own.,3,,P02
1,1,1. I am in control of what my avatar says,3,,P03
1,2,2. My avatar is just an instrument in the hands of somebody or something else,1,,P03
1,3,3. My avatar's speech just happen without my intention,4,,P03
1,4,4. I am the author of my avatar's speech,7,,P03
1,5,5. Things my avatar says are subject only to my free will,4,,P03
1,6,6. Nothing my avatar says is actually voluntary,1,,P03
1,7,7. My avatar's behavior is planned by me from the very beginning to the very end,4,,P03
1,8,8. I am completely responsible for everything that results from my avatar's speech,1,,P03
1,9,9. I would use this response as my own.,6,,P03
2,1,1. I am in control of what my avatar says,3,,P03
2,2,2. My avatar is just an instrument in the hands of somebody or something else,1,,P03
2,3,3. My avatar's speech just happen without my intention,3,,P03
2,4,4. I am the author of my avatar's speech,7,,P03
2,5,5. Things my avatar says are subject only to my free will,4,,P03
2,6,6. Nothing my avatar says is actually voluntary,1,,P03
2,7,7. My avatar's behavior is planned by me from the very beginning to the very end,3,,P03
2,8,8. I am completely responsible for everything that results from my avatar's speech,3,,P03
2,9,9. I would use this response as my own.,5,,P03
3,1,1. I am in control of what my avatar says,6,,P03
3,2,2. My avatar is just an instrument in the hands of somebody or something else,4,,P03
3,3,3. My avatar's speech just happen without my intention,2,,P03
3,4,4. I am the author of my avatar's speech,7,,P03
3,5,5. Things my avatar says are subject only to my free will,5,,P03
3,6,6. Nothing my avatar says is actually voluntary,1,,P03
3,7,7. My avatar's behavior is planned by me from the very beginning to the very end,4,,P03
3,8,8. I am completely responsible for everything that results from my avatar's speech,4,,P03
3,9,9. I would use this response as my own.,8,,P03
4,1,1. I am in control of what my avatar says,4,,P03
4,2,2. My avatar is just an instrument in the hands of somebody or something else,4,,P03
4,3,3. My avatar's speech just happen without my intention,1,,P03
4,4,4. I am the author of my avatar's speech,7,,P03
4,5,5. Things my avatar says are subject only to my free will,4,,P03
4,6,6. Nothing my avatar says is actually voluntary,1,,P03
4,7,7. My avatar's behavior is planned by me from the very beginning to the very end,4,,P03
4,8,8. I am completely responsible for everything that results from my avatar's speech,4,,P03
4,9,9. I would use this response as my own.,6,,P03
5,1,1. I am in control of what my avatar says,3,,P03
5,2,2. My avatar is just an instrument in the hands of somebody or something else,4,,P03
5,3,3. My avatar's speech just happen without my intention,5,,P03
5,4,4. I am the author of my avatar's speech,6,,P03
5,5,5. Things my avatar says are subject only to my free will,4,,P03
5,6,6. Nothing my avatar says is actually voluntary,1,,P03
5,7,7. My avatar's behavior is planned by me from the very beginning to the very end,4,,P03
5,8,8. I am completely responsible for everything that results from my avatar's speech,3,,P03
5,9,9. I would use this response as my own.,4,,P03
6,1,1. I am in control of what my avatar says,4,,P03
6,2,2. My avatar is just an instrument in the hands of somebody or something else,3,,P03
6,3,3. My avatar's speech just happen without my intention,4,,P03
6,4,4. I am the author of my avatar's speech,7,,P03
6,5,5. Things my avatar says are subject only to my free will,4,,P03
6,6,6. Nothing my avatar says is actually voluntary,1,,P03
6,7,7. My avatar's behavior is planned by me from the very beginning to the very end,4,,P03
6,8,8. I am completely responsible for everything that results from my avatar's speech,4,,P03
6,9,9. I would use this response as my own.,5,,P03
7,1,1. I am in control of what my avatar says,5,,P03
7,2,2. My avatar is just an instrument in the hands of somebody or something else,4,,P03
7,3,3. My avatar's speech just happen without my intention,3,,P03
7,4,4. I am the author of my avatar's speech,7,,P03
7,5,5. Things my avatar says are subject only to my free will,4,,P03
7,6,6. Nothing my avatar says is actually voluntary,1,,P03
7,7,7. My avatar's behavior is planned by me from the very beginning to the very end,4,,P03
7,8,8. I am completely responsible for everything that results from my avatar's speech,5,,P03
7,9,9. I would use this response as my own.,7,,P03
8,1,1. I am in control of what my avatar says,3,,P03
8,2,2. My avatar is just an instrument in the hands of somebody or something else,4,,P03
8,3,3. My avatar's speech just happen without my intention,4,,P03
8,4,4. I am the author of my avatar's speech,5,,P03
8,5,5. Things my avatar says are subject only to my free will,3,,P03
8,6,6. Nothing my avatar says is actually voluntary,1,,P03
8,7,7. My avatar's behavior is planned by me from the very beginning to the very end,4,,P03
8,8,8. I am completely responsible for everything that results from my avatar's speech,4,,P03
8,9,9. I would use this response as my own.,4,,P03
9,1,1. I am in control of what my avatar says,3,,P03
9,2,2. My avatar is just an instrument in the hands of somebody or something else,3,,P03
9,3,3. My avatar's speech just happen without my intention,5,,P03
9,4,4. I am the author of my avatar's speech,7,,P03
9,5,5. Things my avatar says are subject only to my free will,4,,P03
9,6,6. Nothing my avatar says is actually voluntary,1,,P03
9,7,7. My avatar's behavior is planned by me from the very beginning to the very end,4,,P03
9,8,8. I am completely responsible for everything that results from my avatar's speech,4,,P03
9,9,9. I would use this response as my own.,4,,P03
10,1,1. I am in control of what my avatar says,3,,P03
10,2,2. My avatar is just an instrument in the hands of somebody or something else,4,,P03
10,3,3. My avatar's speech just happen without my intention,3,,P03
10,4,4. I am the author of my avatar's speech,7,,P03
10,5,5. Things my avatar says are subject only to my free will,5,,P03
10,6,6. Nothing my avatar says is actually voluntary,1,,P03
10,7,7. My avatar's behavior is planned by me from the very beginning to the very end,4,,P03
10,8,8. I am completely responsible for everything that results from my avatar's speech,5,,P03
10,9,9. I would use this response as my own.,6,,P03
11,1,1. I am in control of what my avatar says,1,,P03
11,2,2. My avatar is just an instrument in the hands of somebody or something else,2,,P03
11,3,3. My avatar's speech just happen without my intention,5,,P03
11,4,4. I am the author of my avatar's speech,4,,P03
11,5,5. Things my avatar says are subject only to my free will,3,,P03
11,6,6. Nothing my avatar says is actually voluntary,1,,P03
11,7,7. My avatar's behavior is planned by me from the very beginning to the very end,2,,P03
11,8,8. I am completely responsible for everything that results from my avatar's speech,2,,P03
11,9,9. I would use this response as my own.,2,,P03
12,1,1. I am in control of what my avatar says,4,,P03
12,2,2. My avatar is just an instrument in the hands of somebody or something else,4,,P03
12,3,3. My avatar's speech just happen without my intention,3,,P03
12,4,4. I am the author of my avatar's speech,7,,P03
12,5,5. Things my avatar says are subject only to my free will,3,,P03
12,6,6. Nothing my avatar says is actually voluntary,1,,P03
12,7,7. My avatar's behavior is planned by me from the very beginning to the very end,4,,P03
12,8,8. I am completely responsible for everything that results from my avatar's speech,5,,P03
12,9,9. I would use this response as my own.,7,,P03
1,1,1. I am in control of what my avatar says,3,,P04
1,2,2. My avatar is just an instrument in the hands of somebody or something else,4,,P04
1,3,3. My avatar's speech just happen without my intention,3,,P04
1,4,4. I am the author of my avatar's speech,1,,P04
1,5,5. Things my avatar says are subject only to my free will,4,,P04
1,6,6. Nothing my avatar says is actually voluntary,3,,P04
1,7,7. My avatar's behavior is planned by me from the very beginning to the very end,1,,P04
1,8,8. I am completely responsible for everything that results from my avatar's speech,1,,P04
1,9,9. I would use this response as my own.,6,,P04
2,1,1. I am in control of what my avatar says,2,,P04
2,2,2. My avatar is just an instrument in the hands of somebody or something else,6,,P04
2,3,3. My avatar's speech just happen without my intention,4,,P04
2,4,4. I am the author of my avatar's speech,1,,P04
2,5,5. Things my avatar says are subject only to my free will,3,,P04
2,6,6. Nothing my avatar says is actually voluntary,3,,P04
2,7,7. My avatar's behavior is planned by me from the very beginning to the very end,1,,P04
2,8,8. I am completely responsible for everything that results from my avatar's speech,2,,P04
2,9,9. I would use this response as my own.,1,,P04
3,1,1. I am in control of what my avatar says,3,,P04
3,2,2. My avatar is just an instrument in the hands of somebody or something else,5,,P04
3,3,3. My avatar's speech just happen without my intention,3,,P04
3,4,4. I am the author of my avatar's speech,1,,P04
3,5,5. Things my avatar says are subject only to my free will,5,,P04
3,6,6. Nothing my avatar says is actually voluntary,2,,P04
3,7,7. My avatar's behavior is planned by me from the very beginning to the very end,1,,P04
3,8,8. I am completely responsible for everything that results from my avatar's speech,2,,P04
3,9,9. I would use this response as my own.,3,,P04
4,1,1. I am in control of what my avatar says,5,,P04
4,2,2. My avatar is just an instrument in the hands of somebody or something else,5,,P04
4,3,3. My avatar's speech just happen without my intention,4,,P04
4,4,4. I am the author of my avatar's speech,2,,P04
4,5,5. Things my avatar says are subject only to my free will,4,,P04
4,6,6. Nothing my avatar says is actually voluntary,3,,P04
4,7,7. My avatar's behavior is planned by me from the very beginning to the very end,3,,P04
4,8,8. I am completely responsible for everything that results from my avatar's speech,1,,P04
4,9,9. I would use this response as my own.,5,,P04
5,1,1. I am in control of what my avatar says,3,,P04
5,2,2. My avatar is just an instrument in the hands of somebody or something else,5,,P04
5,3,3. My avatar's speech just happen without my intention,3,,P04
5,4,4. I am the author of my avatar's speech,1,,P04
5,5,5. Things my avatar says are subject only to my free will,4,,P04
5,6,6. Nothing my avatar says is actually voluntary,1,,P04
5,7,7. My avatar's behavior is planned by me from the very beginning to the very end,1,,P04
5,8,8. I am completely responsible for everything that results from my avatar's speech,2,,P04
5,9,9. I would use this response as my own.,7,,P04
6,1,1. I am in control of what my avatar says,1,,P04
6,2,2. My avatar is just an instrument in the hands of somebody or something else,7,,P04
6,3,3. My avatar's speech just happen without my intention,6,,P04
6,4,4. I am the author of my avatar's speech,1,,P04
6,5,5. Things my avatar says are subject only to my free will,3,,P04
6,6,6. Nothing my avatar says is actually voluntary,5,,P04
6,7,7. My avatar's behavior is planned by me from the very beginning to the very end,1,,P04
6,8,8. I am completely responsible for everything that results from my avatar's speech,1,,P04
6,9,9. I would use this response as my own.,1,,P04
7,1,1. I am in control of what my avatar says,5,,P04
7,2,2. My avatar is just an instrument in the hands of somebody or something else,6,,P04
7,3,3. My avatar's speech just happen without my intention,4,,P04
7,4,4. I am the author of my avatar's speech,1,,P04
7,5,5. Things my avatar says are subject only to my free will,5,,P04
7,6,6. Nothing my avatar says is actually voluntary,3,,P04
7,7,7. My avatar's behavior is planned by me from the very beginning to the very end,3,,P04
7,8,8. I am completely responsible for everything that results from my avatar's speech,1,,P04
7,9,9. I would use this response as my own.,1,,P04
8,1,1. I am in control of what my avatar says,1,,P04
8,2,2. My avatar is just an instrument in the hands of somebody or something else,7,,P04
8,3,3. My avatar's speech just happen without my intention,7,,P04
8,4,4. I am the author of my avatar's speech,1,,P04
8,5,5. Things my avatar says are subject only to my free will,2,,P04
8,6,6. Nothing my avatar says is actually voluntary,3,,P04
8,7,7. My avatar's behavior is planned by me from the very beginning to the very end,1,,P04
8,8,8. I am completely responsible for everything that results from my avatar's speech,1,,P04
8,9,9. I would use this response as my own.,1,,P04
9,1,1. I am in control of what my avatar says,6,,P04
9,2,2. My avatar is just an instrument in the hands of somebody or something else,5,,P04
9,3,3. My avatar's speech just happen without my intention,2,,P04
9,4,4. I am the author of my avatar's speech,3,,P04
9,5,5. Things my avatar says are subject only to my free will,5,,P04
9,6,6. Nothing my avatar says is actually voluntary,5,,P04
9,7,7. My avatar's behavior is planned by me from the very beginning to the very end,3,,P04
9,8,8. I am completely responsible for everything that results from my avatar's speech,4,,P04
9,9,9. I would use this response as my own.,5,,P04
10,1,1. I am in control of what my avatar says,6,,P04
10,2,2. My avatar is just an instrument in the hands of somebody or something else,6,,P04
10,3,3. My avatar's speech just happen without my intention,2,,P04
10,4,4. I am the author of my avatar's speech,3,,P04
10,5,5. Things my avatar says are subject only to my free will,5,,P04
10,6,6. Nothing my avatar says is actually voluntary,5,,P04
10,7,7. My avatar's behavior is planned by me from the very beginning to the very end,4,,P04
10,8,8. I am completely responsible for everything that results from my avatar's speech,5,,P04
10,9,9. I would use this response as my own.,6,,P04
11,1,1. I am in control of what my avatar says,6,,P04
11,2,2. My avatar is just an instrument in the hands of somebody or something else,4,,P04
11,3,3. My avatar's speech just happen without my intention,2,,P04
11,4,4. I am the author of my avatar's speech,4,,P04
11,5,5. Things my avatar says are subject only to my free will,5,,P04
11,6,6. Nothing my avatar says is actually voluntary,5,,P04
11,7,7. My avatar's behavior is planned by me from the very beginning to the very end,5,,P04
11,8,8. I am completely responsible for everything that results from my avatar's speech,5,,P04
11,9,9. I would use this response as my own.,6,,P04
12,1,1. I am in control of what my avatar says,1,,P04
12,2,2. My avatar is just an instrument in the hands of somebody or something else,1,,P04
12,3,3. My avatar's speech just happen without my intention,1,,P04
12,4,4. I am the author of my avatar's speech,1,,P04
12,5,5. Things my avatar says are subject only to my free will,1,,P04
12,6,6. Nothing my avatar says is actually voluntary,1,,P04
12,7,7. My avatar's behavior is planned by me from the very beginning to the very end,1,,P04
12,8,8. I am completely responsible for everything that results from my avatar's speech,1,,P04
12,9,9. I would use this response as my own.,1,,P04
1,1,1. I am in control of what my avatar says,2,,P22
1,2,2. My avatar is just an instrument in the hands of somebody or something else,6,,P22
1,3,3. My avatar's speech just happen without my intention,4,,P22
1,4,4. I am the author of my avatar's speech,2,,P22
1,5,5. Things my avatar says are subject only to my free will,4,,P22
1,6,6. Nothing my avatar says is actually voluntary,5,,P22
1,7,7. My avatar's behavior is planned by me from the very beginning to the very end,2,,P22
1,8,8. I am completely responsible for everything that results from my avatar's speech,3,,P22
1,9,9. I would use this response as my own.,5,,P22
2,1,1. I am in control of what my avatar says,3,,P22
2,2,2. My avatar is just an instrument in the hands of somebody or something else,4,,P22
2,3,3. My avatar's speech just happen without my intention,4,,P22
2,4,4. I am the author of my avatar's speech,3,,P22
2,5,5. Things my avatar says are subject only to my free will,3,,P22
2,6,6. Nothing my avatar says is actually voluntary,5,,P22
2,7,7. My avatar's behavior is planned by me from the very beginning to the very end,2,,P22
2,8,8. I am completely responsible for everything that results from my avatar's speech,2,,P22
2,9,9. I would use this response as my own.,4,,P22
3,1,1. I am in control of what my avatar says,5,,P22
3,2,2. My avatar is just an instrument in the hands of somebody or something else,4,,P22
3,3,3. My avatar's speech just happen without my intention,3,,P22
3,4,4. I am the author of my avatar's speech,5,,P22
3,5,5. Things my avatar says are subject only to my free will,4,,P22
3,6,6. Nothing my avatar says is actually voluntary,3,,P22
3,7,7. My avatar's behavior is planned by me from the very beginning to the very end,2,,P22
3,8,8. I am completely responsible for everything that results from my avatar's speech,2,,P22
3,9,9. I would use this response as my own.,6,,P22
4,1,1. I am in control of what my avatar says,5,,P22
4,2,2. My avatar is just an instrument in the hands of somebody or something else,4,,P22
4,3,3. My avatar's speech just happen without my intention,3,,P22
4,4,4. I am the author of my avatar's speech,4,,P22
4,5,5. Things my avatar says are subject only to my free will,3,,P22
4,6,6. Nothing my avatar says is actually voluntary,4,,P22
4,7,7. My avatar's behavior is planned by me from the very beginning to the very end,3,,P22
4,8,8. I am completely responsible for everything that results from my avatar's speech,3,,P22
4,9,9. I would use this response as my own.,6,,P22
5,1,1. I am in control of what my avatar says,2,,P22
5,2,2. My avatar is just an instrument in the hands of somebody or something else,6,,P22
5,3,3. My avatar's speech just happen without my intention,5,,P22
5,4,4. I am the author of my avatar's speech,2,,P22
5,5,5. Things my avatar says are subject only to my free will,3,,P22
5,6,6. Nothing my avatar says is actually voluntary,5,,P22
5,7,7. My avatar's behavior is planned by me from the very beginning to the very end,2,,P22
5,8,8. I am completely responsible for everything that results from my avatar's speech,2,,P22
5,9,9. I would use this response as my own.,2,,P22
6,1,1. I am in control of what my avatar says,5,,P22
6,2,2. My avatar is just an instrument in the hands of somebody or something else,4,,P22
6,3,3. My avatar's speech just happen without my intention,4,,P22
6,4,4. I am the author of my avatar's speech,4,,P22
6,5,5. Things my avatar says are subject only to my free will,4,,P22
6,6,6. Nothing my avatar says is actually voluntary,3,,P22
6,7,7. My avatar's behavior is planned by me from the very beginning to the very end,2,,P22
6,8,8. I am completely responsible for everything that results from my avatar's speech,2,,P22
6,9,9. I would use this response as my own.,7,,P22
7,1,1. I am in control of what my avatar says,4,,P22
7,2,2. My avatar is just an instrument in the hands of somebody or something else,4,,P22
7,3,3. My avatar's speech just happen without my intention,3,,P22
7,4,4. I am the author of my avatar's speech,4,,P22
7,5,5. Things my avatar says are subject only to my free will,4,,P22
7,6,6. Nothing my avatar says is actually voluntary,3,,P22
7,7,7. My avatar's behavior is planned by me from the very beginning to the very end,3,,P22
7,8,8. I am completely responsible for everything that results from my avatar's speech,3,,P22
7,9,9. I would use this response as my own.,5,,P22
8,1,1. I am in control of what my avatar says,2,,P22
8,2,2. My avatar is just an instrument in the hands of somebody or something else,4,,P22
8,3,3. My avatar's speech just happen without my intention,4,,P22
8,4,4. I am the author of my avatar's speech,2,,P22
8,5,5. Things my avatar says are subject only to my free will,4,,P22
8,6,6. Nothing my avatar says is actually voluntary,4,,P22
8,7,7. My avatar's behavior is planned by me from the very beginning to the very end,2,,P22
8,8,8. I am completely responsible for everything that results from my avatar's speech,2,,P22
8,9,9. I would use this response as my own.,4,,P22
9,1,1. I am in control of what my avatar says,3,,P22
9,2,2. My avatar is just an instrument in the hands of somebody or something else,5,,P22
9,3,3. My avatar's speech just happen without my intention,4,,P22
9,4,4. I am the author of my avatar's speech,3,,P22
9,5,5. Things my avatar says are subject only to my free will,4,,P22
9,6,6. Nothing my avatar says is actually voluntary,3,,P22
9,7,7. My avatar's behavior is planned by me from the very beginning to the very end,3,,P22
9,8,8. I am completely responsible for everything that results from my avatar's speech,2,,P22
9,9,9. I would use this response as my own.,4,,P22
10,1,1. I am in control of what my avatar says,5,,P22
10,2,2. My avatar is just an instrument in the hands of somebody or something else,3,,P22
10,3,3. My avatar's speech just happen without my intention,4,,P22
10,4,4. I am the author of my avatar's speech,6,,P22
10,5,5. Things my avatar says are subject only to my free will,4,,P22
10,6,6. Nothing my avatar says is actually voluntary,4,,P22
10,7,7. My avatar's behavior is planned by me from the very beginning to the very end,3,,P22
10,8,8. I am completely responsible for everything that results from my avatar's speech,2,,P22
10,9,9. I would use this response as my own.,8,,P22
11,1,1. I am in control of what my avatar says,1,,P22
11,2,2. My avatar is just an instrument in the hands of somebody or something else,6,,P22
11,3,3. My avatar's speech just happen without my intention,5,,P22
11,4,4. I am the author of my avatar's speech,2,,P22
11,5,5. Things my avatar says are subject only to my free will,4,,P22
11,6,6. Nothing my avatar says is actually voluntary,5,,P22
11,7,7. My avatar's behavior is planned by me from the very beginning to the very end,2,,P22
11,8,8. I am completely responsible for everything that results from my avatar's speech,2,,P22
11,9,9. I would use this response as my own.,2,,P22
12,1,1. I am in control of what my avatar says,5,,P22
12,2,2. My avatar is just an instrument in the hands of somebody or something else,4,,P22
12,3,3. My avatar's speech just happen without my intention,5,,P22
12,4,4. I am the author of my avatar's speech,3,,P22
12,5,5. Things my avatar says are subject only to my free will,4,,P22
12,6,6. Nothing my avatar says is actually voluntary,4,,P22
12,7,7. My avatar's behavior is planned by me from the very beginning to the very end,3,,P22
12,8,8. I am completely responsible for everything that results from my avatar's speech,2,,P22
12,9,9. I would use this response as my own.,4,,P22
1,1,1. I am in control of what my avatar says,2,,P25
1,2,2. My avatar is just an instrument in the hands of somebody or something else,3,,P25
1,3,3. My avatar's speech just happen without my intention,7,,P25
1,4,4. I am the author of my avatar's speech,3,,P25
1,5,5. Things my avatar says are subject only to my free will,2,,P25
1,6,6. Nothing my avatar says is actually voluntary,2,,P25
1,7,7. My avatar's behavior is planned by me from the very beginning to the very end,1,,P25
1,8,8. I am completely responsible for everything that results from my avatar's speech,2,,P25
1,9,9. I would use this response as my own.,2,,P25
2,1,1. I am in control of what my avatar says,4,,P25
2,2,2. My avatar is just an instrument in the hands of somebody or something else,3,,P25
2,3,3. My avatar's speech just happen without my intention,5,,P25
2,4,4. I am the author of my avatar's speech,4,,P25
2,5,5. Things my avatar says are subject only to my free will,2,,P25
2,6,6. Nothing my avatar says is actually voluntary,5,,P25
2,7,7. My avatar's behavior is planned by me from the very beginning to the very end,3,,P25
2,8,8. I am completely responsible for everything that results from my avatar's speech,3,,P25
2,9,9. I would use this response as my own.,7,,P25
3,1,1. I am in control of what my avatar says,4,,P25
3,2,2. My avatar is just an instrument in the hands of somebody or something else,4,,P25
3,3,3. My avatar's speech just happen without my intention,3,,P25
3,4,4. I am the author of my avatar's speech,5,,P25
3,5,5. Things my avatar says are subject only to my free will,3,,P25
3,6,6. Nothing my avatar says is actually voluntary,5,,P25
3,7,7. My avatar's behavior is planned by me from the very beginning to the very end,2,,P25
3,8,8. I am completely responsible for everything that results from my avatar's speech,3,,P25
3,9,9. I would use this response as my own.,6,,P25
4,1,1. I am in control of what my avatar says,5,,P25
4,2,2. My avatar is just an instrument in the hands of somebody or something else,5,,P25
4,3,3. My avatar's speech just happen without my intention,3,,P25
4,4,4. I am the author of my avatar's speech,6,,P25
4,5,5. Things my avatar says are subject only to my free will,6,,P25
4,6,6. Nothing my avatar says is actually voluntary,6,,P25
4,7,7. My avatar's behavior is planned by me from the very beginning to the very end,5,,P25
4,8,8. I am completely responsible for everything that results from my avatar's speech,5,,P25
4,9,9. I would use this response as my own.,9,,P25
5,1,1. I am in control of what my avatar says,4,,P25
5,2,2. My avatar is just an instrument in the hands of somebody or something else,5,,P25
5,3,3. My avatar's speech just happen without my intention,5,,P25
5,4,4. I am the author of my avatar's speech,4,,P25
5,5,5. Things my avatar says are subject only to my free will,4,,P25
5,6,6. Nothing my avatar says is actually voluntary,2,,P25
5,7,7. My avatar's behavior is planned by me from the very beginning to the very end,3,,P25
5,8,8. I am completely responsible for everything that results from my avatar's speech,3,,P25
5,9,9. I would use this response as my own.,7,,P25
6,1,1. I am in control of what my avatar says,1,,P25
6,2,2. My avatar is just an instrument in the hands of somebody or something else,5,,P25
6,3,3. My avatar's speech just happen without my intention,6,,P25
6,4,4. I am the author of my avatar's speech,2,,P25
6,5,5. Things my avatar says are subject only to my free will,2,,P25
6,6,6. Nothing my avatar says is actually voluntary,2,,P25
6,7,7. My avatar's behavior is planned by me from the very beginning to the very end,2,,P25
6,8,8. I am completely responsible for everything that results from my avatar's speech,3,,P25
6,9,9. I would use this response as my own.,4,,P25
7,1,1. I am in control of what my avatar says,1,,P25
7,2,2. My avatar is just an instrument in the hands of somebody or something else,7,,P25
7,3,3. My avatar's speech just happen without my intention,7,,P25
7,4,4. I am the author of my avatar's speech,2,,P25
7,5,5. Things my avatar says are subject only to my free will,2,,P25
7,6,6. Nothing my avatar says is actually voluntary,1,,P25
7,7,7. My avatar's behavior is planned by me from the very beginning to the very end,1,,P25
7,8,8. I am completely responsible for everything that results from my avatar's speech,1,,P25
7,9,9. I would use this response as my own.,2,,P25
8,1,1. I am in control of what my avatar says,5,,P25
8,2,2. My avatar is just an instrument in the hands of somebody or something else,5,,P25
8,3,3. My avatar's speech just happen without my intention,5,,P25
8,4,4. I am the author of my avatar's speech,5,,P25
8,5,5. Things my avatar says are subject only to my free will,3,,P25
8,6,6. Nothing my avatar says is actually voluntary,3,,P25
8,7,7. My avatar's behavior is planned by me from the very beginning to the very end,3,,P25
8,8,8. I am completely responsible for everything that results from my avatar's speech,5,,P25
8,9,9. I would use this response as my own.,9,,P25
9,1,1. I am in control of what my avatar says,1,,P25
9,2,2. My avatar is just an instrument in the hands of somebody or something else,1,,P25
9,3,3. My avatar's speech just happen without my intention,1,,P25
9,4,4. I am the author of my avatar's speech,1,,P25
9,5,5. Things my avatar says are subject only to my free will,1,,P25
9,6,6. Nothing my avatar says is actually voluntary,1,,P25
9,7,7. My avatar's behavior is planned by me from the very beginning to the very end,1,,P25
9,8,8. I am completely responsible for everything that results from my avatar's speech,1,,P25
9,9,9. I would use this response as my own.,1,,P25
10,1,1. I am in control of what my avatar says,1,,P25
10,2,2. My avatar is just an instrument in the hands of somebody or something else,7,,P25
10,3,3. My avatar's speech just happen without my intention,7,,P25
10,4,4. I am the author of my avatar's speech,1,,P25
10,5,5. Things my avatar says are subject only to my free will,1,,P25
10,6,6. Nothing my avatar says is actually voluntary,1,,P25
10,7,7. My avatar's behavior is planned by me from the very beginning to the very end,1,,P25
10,8,8. I am completely responsible for everything that results from my avatar's speech,2,,P25
10,9,9. I would use this response as my own.,1,,P25
11,1,1. I am in control of what my avatar says,3,,P25
11,2,2. My avatar is just an instrument in the hands of somebody or something else,4,,P25
11,3,3. My avatar's speech just happen without my intention,4,,P25
11,4,4. I am the author of my avatar's speech,5,,P25
11,5,5. Things my avatar says are subject only to my free will,5,,P25
11,6,6. Nothing my avatar says is actually voluntary,4,,P25
11,7,7. My avatar's behavior is planned by me from the very beginning to the very end,3,,P25
11,8,8. I am completely responsible for everything that results from my avatar's speech,4,,P25
11,9,9. I would use this response as my own.,6,,P25
12,1,1. I am in control of what my avatar says,6,,P25
12,2,2. My avatar is just an instrument in the hands of somebody or something else,1,,P25
12,3,3. My avatar's speech just happen without my intention,1,,P25
12,4,4. I am the author of my avatar's speech,6,,P25
12,5,5. Things my avatar says are subject only to my free will,6,,P25
12,6,6. Nothing my avatar says is actually voluntary,6,,P25
12,7,7. My avatar's behavior is planned by me from the very beginning to the very end,6,,P25
12,8,8. I am completely responsible for everything that results from my avatar's speech,6,,P25
12,9,9. I would use this response as my own.,10,,P25
1,1,1. I am in control of what my avatar says,2,,P13
1,2,2. My avatar is just an instrument in the hands of somebody or something else,2,,P13
1,3,3. My avatar's speech just happen without my intention,6,,P13
1,4,4. I am the author of my avatar's speech,1,,P13
1,5,5. Things my avatar says are subject only to my free will,4,,P13
1,6,6. Nothing my avatar says is actually voluntary,4,,P13
1,7,7. My avatar's behavior is planned by me from the very beginning to the very end,3,,P13
1,8,8. I am completely responsible for everything that results from my avatar's speech,2,,P13
1,9,9. I would use this response as my own.,5,,P13
2,1,1. I am in control of what my avatar says,3,,P13
2,2,2. My avatar is just an instrument in the hands of somebody or something else,6,,P13
2,3,3. My avatar's speech just happen without my intention,5,,P13
2,4,4. I am the author of my avatar's speech,3,,P13
2,5,5. Things my avatar says are subject only to my free will,2,,P13
2,6,6. Nothing my avatar says is actually voluntary,4,,P13
2,7,7. My avatar's behavior is planned by me from the very beginning to the very end,1,,P13
2,8,8. I am completely responsible for everything that results from my avatar's speech,1,,P13
2,9,9. I would use this response as my own.,3,,P13
3,1,1. I am in control of what my avatar says,5,,P13
3,2,2. My avatar is just an instrument in the hands of somebody or something else,4,,P13
3,3,3. My avatar's speech just happen without my intention,2,,P13
3,4,4. I am the author of my avatar's speech,6,,P13
3,5,5. Things my avatar says are subject only to my free will,4,,P13
3,6,6. Nothing my avatar says is actually voluntary,3,,P13
3,7,7. My avatar's behavior is planned by me from the very beginning to the very end,2,,P13
3,8,8. I am completely responsible for everything that results from my avatar's speech,1,,P13
3,9,9. I would use this response as my own.,8,,P13
4,1,1. I am in control of what my avatar says,1,,P13
4,2,2. My avatar is just an instrument in the hands of somebody or something else,7,,P13
4,3,3. My avatar's speech just happen without my intention,7,,P13
4,4,4. I am the author of my avatar's speech,2,,P13
4,5,5. Things my avatar says are subject only to my free will,1,,P13
4,6,6. Nothing my avatar says is actually voluntary,2,,P13
4,7,7. My avatar's behavior is planned by me from the very beginning to the very end,1,,P13
4,8,8. I am completely responsible for everything that results from my avatar's speech,1,,P13
4,9,9. I would use this response as my own.,2,,P13
5,1,1. I am in control of what my avatar says,2,,P13
5,2,2. My avatar is just an instrument in the hands of somebody or something else,6,,P13
5,3,3. My avatar's speech just happen without my intention,7,,P13
5,4,4. I am the author of my avatar's speech,4,,P13
5,5,5. Things my avatar says are subject only to my free will,1,,P13
5,6,6. Nothing my avatar says is actually voluntary,1,,P13
5,7,7. My avatar's behavior is planned by me from the very beginning to the very end,1,,P13
5,8,8. I am completely responsible for everything that results from my avatar's speech,1,,P13
5,9,9. I would use this response as my own.,7,,P13
6,1,1. I am in control of what my avatar says,7,,P13
6,2,2. My avatar is just an instrument in the hands of somebody or something else,2,,P13
6,3,3. My avatar's speech just happen without my intention,1,,P13
6,4,4. I am the author of my avatar's speech,7,,P13
6,5,5. Things my avatar says are subject only to my free will,4,,P13
6,6,6. Nothing my avatar says is actually voluntary,2,,P13
6,7,7. My avatar's behavior is planned by me from the very beginning to the very end,1,,P13
6,8,8. I am completely responsible for everything that results from my avatar's speech,6,,P13
6,9,9. I would use this response as my own.,10,,P13
7,1,1. I am in control of what my avatar says,7,,P13
7,2,2. My avatar is just an instrument in the hands of somebody or something else,2,,P13
7,3,3. My avatar's speech just happen without my intention,7,,P13
7,4,4. I am the author of my avatar's speech,5,,P13
7,5,5. Things my avatar says are subject only to my free will,1,,P13
7,6,6. Nothing my avatar says is actually voluntary,2,,P13
7,7,7. My avatar's behavior is planned by me from the very beginning to the very end,2,,P13
7,8,8. I am completely responsible for everything that results from my avatar's speech,1,,P13
7,9,9. I would use this response as my own.,8,,P13
8,1,1. I am in control of what my avatar says,1,,P13
8,2,2. My avatar is just an instrument in the hands of somebody or something else,7,,P13
8,3,3. My avatar's speech just happen without my intention,7,,P13
8,4,4. I am the author of my avatar's speech,1,,P13
8,5,5. Things my avatar says are subject only to my free will,1,,P13
8,6,6. Nothing my avatar says is actually voluntary,1,,P13
8,7,7. My avatar's behavior is planned by me from the very beginning to the very end,1,,P13
8,8,8. I am completely responsible for everything that results from my avatar's speech,1,,P13
8,9,9. I would use this response as my own.,1,,P13
9,1,1. I am in control of what my avatar says,1,,P13
9,2,2. My avatar is just an instrument in the hands of somebody or something else,7,,P13
9,3,3. My avatar's speech just happen without my intention,1,,P13
9,4,4. I am the author of my avatar's speech,1,,P13
9,5,5. Things my avatar says are subject only to my free will,1,,P13
9,6,6. Nothing my avatar says is actually voluntary,1,,P13
9,7,7. My avatar's behavior is planned by me from the very beginning to the very end,1,,P13
9,8,8. I am completely responsible for everything that results from my avatar's speech,1,,P13
9,9,9. I would use this response as my own.,1,,P13
10,1,1. I am in control of what my avatar says,1,,P13
10,2,2. My avatar is just an instrument in the hands of somebody or something else,7,,P13
10,3,3. My avatar's speech just happen without my intention,1,,P13
10,4,4. I am the author of my avatar's speech,1,,P13
10,5,5. Things my avatar says are subject only to my free will,1,,P13
10,6,6. Nothing my avatar says is actually voluntary,4,,P13
10,7,7. My avatar's behavior is planned by me from the very beginning to the very end,1,,P13
10,8,8. I am completely responsible for everything that results from my avatar's speech,1,,P13
10,9,9. I would use this response as my own.,3,,P13
11,1,1. I am in control of what my avatar says,1,,P13
11,2,2. My avatar is just an instrument in the hands of somebody or something else,7,,P13
11,3,3. My avatar's speech just happen without my intention,7,,P13
11,4,4. I am the author of my avatar's speech,3,,P13
11,5,5. Things my avatar says are subject only to my free will,1,,P13
11,6,6. Nothing my avatar says is actually voluntary,1,,P13
11,7,7. My avatar's behavior is planned by me from the very beginning to the very end,1,,P13
11,8,8. I am completely responsible for everything that results from my avatar's speech,1,,P13
11,9,9. I would use this response as my own.,7,,P13
12,1,1. I am in control of what my avatar says,1,,P13
12,2,2. My avatar is just an instrument in the hands of somebody or something else,7,,P13
12,3,3. My avatar's speech just happen without my intention,7,,P13
12,4,4. I am the author of my avatar's speech,2,,P13
12,5,5. Things my avatar says are subject only to my free will,1,,P13
12,6,6. Nothing my avatar says is actually voluntary,1,,P13
12,7,7. My avatar's behavior is planned by me from the very beginning to the very end,1,,P13
12,8,8. I am completely responsible for everything that results from my avatar's speech,1,,P13
12,9,9. I would use this response as my own.,1,,P13
1,1,1. I am in control of what my avatar says,4,,P14
1,2,2. My avatar is just an instrument in the hands of somebody or something else,6,,P14
1,3,3. My avatar's speech just happen without my intention,7,,P14
1,4,4. I am the author of my avatar's speech,7,,P14
1,5,5. Things my avatar says are subject only to my free will,1,,P14
1,6,6. Nothing my avatar says is actually voluntary,7,,P14
1,7,7. My avatar's behavior is planned by me from the very beginning to the very end,1,,P14
1,8,8. I am completely responsible for everything that results from my avatar's speech,1,,P14
1,9,9. I would use this response as my own.,10,,P14
2,1,1. I am in control of what my avatar says,6,,P14
2,2,2. My avatar is just an instrument in the hands of somebody or something else,5,,P14
2,3,3. My avatar's speech just happen without my intention,7,,P14
2,4,4. I am the author of my avatar's speech,4,,P14
2,5,5. Things my avatar says are subject only to my free will,2,,P14
2,6,6. Nothing my avatar says is actually voluntary,6,,P14
2,7,7. My avatar's behavior is planned by me from the very beginning to the very end,2,,P14
2,8,8. I am completely responsible for everything that results from my avatar's speech,1,,P14
2,9,9. I would use this response as my own.,10,,P14
3,1,1. I am in control of what my avatar says,7,,P14
3,2,2. My avatar is just an instrument in the hands of somebody or something else,5,,P14
3,3,3. My avatar's speech just happen without my intention,6,,P14
3,4,4. I am the author of my avatar's speech,7,,P14
3,5,5. Things my avatar says are subject only to my free will,2,,P14
3,6,6. Nothing my avatar says is actually voluntary,6,,P14
3,7,7. My avatar's behavior is planned by me from the very beginning to the very end,2,,P14
3,8,8. I am completely responsible for everything that results from my avatar's speech,1,,P14
3,9,9. I would use this response as my own.,10,,P14
4,1,1. I am in control of what my avatar says,1,,P14
4,2,2. My avatar is just an instrument in the hands of somebody or something else,7,,P14
4,3,3. My avatar's speech just happen without my intention,7,,P14
4,4,4. I am the author of my avatar's speech,1,,P14
4,5,5. Things my avatar says are subject only to my free will,1,,P14
4,6,6. Nothing my avatar says is actually voluntary,3,,P14
4,7,7. My avatar's behavior is planned by me from the very beginning to the very end,1,,P14
4,8,8. I am completely responsible for everything that results from my avatar's speech,1,,P14
4,9,9. I would use this response as my own.,3,,P14
5,1,1. I am in control of what my avatar says,5,,P14
5,2,2. My avatar is just an instrument in the hands of somebody or something else,7,,P14
5,3,3. My avatar's speech just happen without my intention,7,,P14
5,4,4. I am the author of my avatar's speech,5,,P14
5,5,5. Things my avatar says are subject only to my free will,2,,P14
5,6,6. Nothing my avatar says is actually voluntary,6,,P14
5,7,7. My avatar's behavior is planned by me from the very beginning to the very end,1,,P14
5,8,8. I am completely responsible for everything that results from my avatar's speech,1,,P14
5,9,9. I would use this response as my own.,10,,P14
6,1,1. I am in control of what my avatar says,7,,P14
6,2,2. My avatar is just an instrument in the hands of somebody or something else,7,,P14
6,3,3. My avatar's speech just happen without my intention,3,,P14
6,4,4. I am the author of my avatar's speech,7,,P14
6,5,5. Things my avatar says are subject only to my free will,5,,P14
6,6,6. Nothing my avatar says is actually voluntary,7,,P14
6,7,7. My avatar's behavior is planned by me from the very beginning to the very end,1,,P14
6,8,8. I am completely responsible for everything that results from my avatar's speech,1,,P14
6,9,9. I would use this response as my own.,10,,P14
7,1,1. I am in control of what my avatar says,7,,P14
7,2,2. My avatar is just an instrument in the hands of somebody or something else,2,,P14
7,3,3. My avatar's speech just happen without my intention,3,,P14
7,4,4. I am the author of my avatar's speech,7,,P14
7,5,5. Things my avatar says are subject only to my free will,7,,P14
7,6,6. Nothing my avatar says is actually voluntary,7,,P14
7,7,7. My avatar's behavior is planned by me from the very beginning to the very end,1,,P14
7,8,8. I am completely responsible for everything that results from my avatar's speech,5,,P14
7,9,9. I would use this response as my own.,10,,P14
8,1,1. I am in control of what my avatar says,5,,P14
8,2,2. My avatar is just an instrument in the hands of somebody or something else,5,,P14
8,3,3. My avatar's speech just happen without my intention,5,,P14
8,4,4. I am the author of my avatar's speech,5,,P14
8,5,5. Things my avatar says are subject only to my free will,3,,P14
8,6,6. Nothing my avatar says is actually voluntary,4,,P14
8,7,7. My avatar's behavior is planned by me from the very beginning to the very end,1,,P14
8,8,8. I am completely responsible for everything that results from my avatar's speech,1,,P14
8,9,9. I would use this response as my own.,6,,P14
9,1,1. I am in control of what my avatar says,5,,P14
9,2,2. My avatar is just an instrument in the hands of somebody or something else,5,,P14
9,3,3. My avatar's speech just happen without my intention,7,,P14
9,4,4. I am the author of my avatar's speech,4,,P14
9,5,5. Things my avatar says are subject only to my free will,2,,P14
9,6,6. Nothing my avatar says is actually voluntary,6,,P14
9,7,7. My avatar's behavior is planned by me from the very beginning to the very end,1,,P14
9,8,8. I am completely responsible for everything that results from my avatar's speech,2,,P14
9,9,9. I would use this response as my own.,8,,P14
10,1,1. I am in control of what my avatar says,7,,P14
10,2,2. My avatar is just an instrument in the hands of somebody or something else,5,,P14
10,3,3. My avatar's speech just happen without my intention,3,,P14
10,4,4. I am the author of my avatar's speech,7,,P14
10,5,5. Things my avatar says are subject only to my free will,2,,P14
10,6,6. Nothing my avatar says is actually voluntary,6,,P14
10,7,7. My avatar's behavior is planned by me from the very beginning to the very end,1,,P14
10,8,8. I am completely responsible for everything that results from my avatar's speech,4,,P14
10,9,9. I would use this response as my own.,10,,P14
11,1,1. I am in control of what my avatar says,5,,P14
11,2,2. My avatar is just an instrument in the hands of somebody or something else,7,,P14
11,3,3. My avatar's speech just happen without my intention,7,,P14
11,4,4. I am the author of my avatar's speech,4,,P14
11,5,5. Things my avatar says are subject only to my free will,3,,P14
11,6,6. Nothing my avatar says is actually voluntary,3,,P14
11,7,7. My avatar's behavior is planned by me from the very beginning to the very end,1,,P14
11,8,8. I am completely responsible for everything that results from my avatar's speech,2,,P14
11,9,9. I would use this response as my own.,2,,P14
12,1,1. I am in control of what my avatar says,4,,P14
12,2,2. My avatar is just an instrument in the hands of somebody or something else,7,,P14
12,3,3. My avatar's speech just happen without my intention,6,,P14
12,4,4. I am the author of my avatar's speech,4,,P14
12,5,5. Things my avatar says are subject only to my free will,1,,P14
12,6,6. Nothing my avatar says is actually voluntary,4,,P14
12,7,7. My avatar's behavior is planned by me from the very beginning to the very end,1,,P14
12,8,8. I am completely responsible for everything that results from my avatar's speech,1,,P14
12,9,9. I would use this response as my own.,2,,P14
1,1,1. I am in control of what my avatar says,5,,P15
1,2,2. My avatar is just an instrument in the hands of somebody or something else,4,,P15
1,3,3. My avatar's speech just happen without my intention,3,,P15
1,4,4. I am the author of my avatar's speech,5,,P15
1,5,5. Things my avatar says are subject only to my free will,4,,P15
1,6,6. Nothing my avatar says is actually voluntary,4,,P15
1,7,7. My avatar's behavior is planned by me from the very beginning to the very end,5,,P15
1,8,8. I am completely responsible for everything that results from my avatar's speech,5,,P15
1,9,9. I would use this response as my own.,7,,P15
2,1,1. I am in control of what my avatar says,3,,P15
2,2,2. My avatar is just an instrument in the hands of somebody or something else,4,,P15
2,3,3. My avatar's speech just happen without my intention,5,,P15
2,4,4. I am the author of my avatar's speech,4,,P15
2,5,5. Things my avatar says are subject only to my free will,4,,P15
2,6,6. Nothing my avatar says is actually voluntary,5,,P15
2,7,7. My avatar's behavior is planned by me from the very beginning to the very end,3,,P15
2,8,8. I am completely responsible for everything that results from my avatar's speech,4,,P15
2,9,9. I would use this response as my own.,4,,P15
3,1,1. I am in control of what my avatar says,3,,P15
3,2,2. My avatar is just an instrument in the hands of somebody or something else,5,,P15
3,3,3. My avatar's speech just happen without my intention,2,,P15
3,4,4. I am the author of my avatar's speech,4,,P15
3,5,5. Things my avatar says are subject only to my free will,5,,P15
3,6,6. Nothing my avatar says is actually voluntary,5,,P15
3,7,7. My avatar's behavior is planned by me from the very beginning to the very end,4,,P15
3,8,8. I am completely responsible for everything that results from my avatar's speech,5,,P15
3,9,9. I would use this response as my own.,4,,P15
4,1,1. I am in control of what my avatar says,5,,P15
4,2,2. My avatar is just an instrument in the hands of somebody or something else,5,,P15
4,3,3. My avatar's speech just happen without my intention,3,,P15
4,4,4. I am the author of my avatar's speech,6,,P15
4,5,5. Things my avatar says are subject only to my free will,6,,P15
4,6,6. Nothing my avatar says is actually voluntary,3,,P15
4,7,7. My avatar's behavior is planned by me from the very beginning to the very end,5,,P15
4,8,8. I am completely responsible for everything that results from my avatar's speech,7,,P15
4,9,9. I would use this response as my own.,9,,P15
5,1,1. I am in control of what my avatar says,3,,P15
5,2,2. My avatar is just an instrument in the hands of somebody or something else,5,,P15
5,3,3. My avatar's speech just happen without my intention,3,,P15
5,4,4. I am the author of my avatar's speech,2,,P15
5,5,5. Things my avatar says are subject only to my free will,5,,P15
5,6,6. Nothing my avatar says is actually voluntary,7,,P15
5,7,7. My avatar's behavior is planned by me from the very beginning to the very end,5,,P15
5,8,8. I am completely responsible for everything that results from my avatar's speech,6,,P15
5,9,9. I would use this response as my own.,5,,P15
6,1,1. I am in control of what my avatar says,5,,P15
6,2,2. My avatar is just an instrument in the hands of somebody or something else,6,,P15
6,3,3. My avatar's speech just happen without my intention,2,,P15
6,4,4. I am the author of my avatar's speech,5,,P15
6,5,5. Things my avatar says are subject only to my free will,5,,P15
6,6,6. Nothing my avatar says is actually voluntary,2,,P15
6,7,7. My avatar's behavior is planned by me from the very beginning to the very end,5,,P15
6,8,8. I am completely responsible for everything that results from my avatar's speech,6,,P15
6,9,9. I would use this response as my own.,3,,P15
7,1,1. I am in control of what my avatar says,6,,P15
7,2,2. My avatar is just an instrument in the hands of somebody or something else,3,,P15
7,3,3. My avatar's speech just happen without my intention,2,,P15
7,4,4. I am the author of my avatar's speech,5,,P15
7,5,5. Things my avatar says are subject only to my free will,5,,P15
7,6,6. Nothing my avatar says is actually voluntary,2,,P15
7,7,7. My avatar's behavior is planned by me from the very beginning to the very end,5,,P15
7,8,8. I am completely responsible for everything that results from my avatar's speech,6,,P15
7,9,9. I would use this response as my own.,6,,P15
8,1,1. I am in control of what my avatar says,6,,P15
8,2,2. My avatar is just an instrument in the hands of somebody or something else,2,,P15
8,3,3. My avatar's speech just happen without my intention,3,,P15
8,4,4. I am the author of my avatar's speech,5,,P15
8,5,5. Things my avatar says are subject only to my free will,6,,P15
8,6,6. Nothing my avatar says is actually voluntary,1,,P15
8,7,7. My avatar's behavior is planned by me from the very beginning to the very end,4,,P15
8,8,8. I am completely responsible for everything that results from my avatar's speech,1,,P15
8,9,9. I would use this response as my own.,3,,P15
9,1,1. I am in control of what my avatar says,7,,P15
9,2,2. My avatar is just an instrument in the hands of somebody or something else,2,,P15
9,3,3. My avatar's speech just happen without my intention,3,,P15
9,4,4. I am the author of my avatar's speech,6,,P15
9,5,5. Things my avatar says are subject only to my free will,5,,P15
9,6,6. Nothing my avatar says is actually voluntary,6,,P15
9,7,7. My avatar's behavior is planned by me from the very beginning to the very end,5,,P15
9,8,8. I am completely responsible for everything that results from my avatar's speech,5,,P15
9,9,9. I would use this response as my own.,9,,P15
10,1,1. I am in control of what my avatar says,3,,P15
10,2,2. My avatar is just an instrument in the hands of somebody or something else,5,,P15
10,3,3. My avatar's speech just happen without my intention,5,,P15
10,4,4. I am the author of my avatar's speech,6,,P15
10,5,5. Things my avatar says are subject only to my free will,5,,P15
10,6,6. Nothing my avatar says is actually voluntary,1,,P15
10,7,7. My avatar's behavior is planned by me from the very beginning to the very end,3,,P15
10,8,8. I am completely responsible for everything that results from my avatar's speech,4,,P15
10,9,9. I would use this response as my own.,4,,P15
11,1,1. I am in control of what my avatar says,4,,P15
11,2,2. My avatar is just an instrument in the hands of somebody or something else,5,,P15
11,3,3. My avatar's speech just happen without my intention,3,,P15
11,4,4. I am the author of my avatar's speech,5,,P15
11,5,5. Things my avatar says are subject only to my free will,5,,P15
11,6,6. Nothing my avatar says is actually voluntary,1,,P15
11,7,7. My avatar's behavior is planned by me from the very beginning to the very end,3,,P15
11,8,8. I am completely responsible for everything that results from my avatar's speech,5,,P15
11,9,9. I would use this response as my own.,4,,P15
12,1,1. I am in control of what my avatar says,2,,P15
12,2,2. My avatar is just an instrument in the hands of somebody or something else,6,,P15
12,3,3. My avatar's speech just happen without my intention,2,,P15
12,4,4. I am the author of my avatar's speech,5,,P15
12,5,5. Things my avatar says are subject only to my free will,5,,P15
12,6,6. Nothing my avatar says is actually voluntary,1,,P15
12,7,7. My avatar's behavior is planned by me from the very beginning to the very end,1,,P15
12,8,8. I am completely responsible for everything that results from my avatar's speech,5,,P15
12,9,9. I would use this response as my own.,4,,P15
1,1,1. I am in control of what my avatar says,6,,P12
1,2,2. My avatar is just an instrument in the hands of somebody or something else,2,,P12
1,3,3. My avatar's speech just happen without my intention,1,,P12
1,4,4. I am the author of my avatar's speech,3,,P12
1,5,5. Things my avatar says are subject only to my free will,4,,P12
1,6,6. Nothing my avatar says is actually voluntary,1,,P12
1,7,7. My avatar's behavior is planned by me from the very beginning to the very end,3,,P12
1,8,8. I am completely responsible for everything that results from my avatar's speech,2,,P12
1,9,9. I would use this response as my own.,9,,P12
2,1,1. I am in control of what my avatar says,7,,P12
2,2,2. My avatar is just an instrument in the hands of somebody or something else,1,,P12
2,3,3. My avatar's speech just happen without my intention,1,,P12
2,4,4. I am the author of my avatar's speech,7,,P12
2,5,5. Things my avatar says are subject only to my free will,6,,P12
2,6,6. Nothing my avatar says is actually voluntary,1,,P12
2,7,7. My avatar's behavior is planned by me from the very beginning to the very end,5,,P12
2,8,8. I am completely responsible for everything that results from my avatar's speech,7,,P12
2,9,9. I would use this response as my own.,10,,P12
3,1,1. I am in control of what my avatar says,2,,P12
3,2,2. My avatar is just an instrument in the hands of somebody or something else,5,,P12
3,3,3. My avatar's speech just happen without my intention,4,,P12
3,4,4. I am the author of my avatar's speech,3,,P12
3,5,5. Things my avatar says are subject only to my free will,2,,P12
3,6,6. Nothing my avatar says is actually voluntary,3,,P12
3,7,7. My avatar's behavior is planned by me from the very beginning to the very end,2,,P12
3,8,8. I am completely responsible for everything that results from my avatar's speech,1,,P12
3,9,9. I would use this response as my own.,3,,P12
4,1,1. I am in control of what my avatar says,5,,P12
4,2,2. My avatar is just an instrument in the hands of somebody or something else,5,,P12
4,3,3. My avatar's speech just happen without my intention,3,,P12
4,4,4. I am the author of my avatar's speech,4,,P12
4,5,5. Things my avatar says are subject only to my free will,2,,P12
4,6,6. Nothing my avatar says is actually voluntary,2,,P12
4,7,7. My avatar's behavior is planned by me from the very beginning to the very end,5,,P12
4,8,8. I am completely responsible for everything that results from my avatar's speech,2,,P12
4,9,9. I would use this response as my own.,7,,P12
5,1,1. I am in control of what my avatar says,6,,P12
5,2,2. My avatar is just an instrument in the hands of somebody or something else,1,,P12
5,3,3. My avatar's speech just happen without my intention,1,,P12
5,4,4. I am the author of my avatar's speech,7,,P12
5,5,5. Things my avatar says are subject only to my free will,7,,P12
5,6,6. Nothing my avatar says is actually voluntary,1,,P12
5,7,7. My avatar's behavior is planned by me from the very beginning to the very end,6,,P12
5,8,8. I am completely responsible for everything that results from my avatar's speech,6,,P12
5,9,9. I would use this response as my own.,9,,P12
6,1,1. I am in control of what my avatar says,4,,P12
6,2,2. My avatar is just an instrument in the hands of somebody or something else,4,,P12
6,3,3. My avatar's speech just happen without my intention,5,,P12
6,4,4. I am the author of my avatar's speech,4,,P12
6,5,5. Things my avatar says are subject only to my free will,3,,P12
6,6,6. Nothing my avatar says is actually voluntary,2,,P12
6,7,7. My avatar's behavior is planned by me from the very beginning to the very end,1,,P12
6,8,8. I am completely responsible for everything that results from my avatar's speech,3,,P12
6,9,9. I would use this response as my own.,8,,P12
7,1,1. I am in control of what my avatar says,2,,P12
7,2,2. My avatar is just an instrument in the hands of somebody or something else,5,,P12
7,3,3. My avatar's speech just happen without my intention,5,,P12
7,4,4. I am the author of my avatar's speech,2,,P12
7,5,5. Things my avatar says are subject only to my free will,2,,P12
7,6,6. Nothing my avatar says is actually voluntary,1,,P12
7,7,7. My avatar's behavior is planned by me from the very beginning to the very end,3,,P12
7,8,8. I am completely responsible for everything that results from my avatar's speech,3,,P12
7,9,9. I would use this response as my own.,10,,P12
8,1,1. I am in control of what my avatar says,5,,P12
8,2,2. My avatar is just an instrument in the hands of somebody or something else,5,,P12
8,3,3. My avatar's speech just happen without my intention,3,,P12
8,4,4. I am the author of my avatar's speech,7,,P12
8,5,5. Things my avatar says are subject only to my free will,6,,P12
8,6,6. Nothing my avatar says is actually voluntary,1,,P12
8,7,7. My avatar's behavior is planned by me from the very beginning to the very end,5,,P12
8,8,8. I am completely responsible for everything that results from my avatar's speech,5,,P12
8,9,9. I would use this response as my own.,6,,P12
9,1,1. I am in control of what my avatar says,3,,P12
9,2,2. My avatar is just an instrument in the hands of somebody or something else,5,,P12
9,3,3. My avatar's speech just happen without my intention,5,,P12
9,4,4. I am the author of my avatar's speech,2,,P12
9,5,5. Things my avatar says are subject only to my free will,1,,P12
9,6,6. Nothing my avatar says is actually voluntary,2,,P12
9,7,7. My avatar's behavior is planned by me from the very beginning to the very end,2,,P12
9,8,8. I am completely responsible for everything that results from my avatar's speech,2,,P12
9,9,9. I would use this response as my own.,4,,P12
10,1,1. I am in control of what my avatar says,2,,P12
10,2,2. My avatar is just an instrument in the hands of somebody or something else,6,,P12
10,3,3. My avatar's speech just happen without my intention,6,,P12
10,4,4. I am the author of my avatar's speech,2,,P12
10,5,5. Things my avatar says are subject only to my free will,2,,P12
10,6,6. Nothing my avatar says is actually voluntary,4,,P12
10,7,7. My avatar's behavior is planned by me from the very beginning to the very end,2,,P12
10,8,8. I am completely responsible for everything that results from my avatar's speech,2,,P12
10,9,9. I would use this response as my own.,3,,P12
11,1,1. I am in control of what my avatar says,5,,P12
11,2,2. My avatar is just an instrument in the hands of somebody or something else,4,,P12
11,3,3. My avatar's speech just happen without my intention,5,,P12
11,4,4. I am the author of my avatar's speech,5,,P12
11,5,5. Things my avatar says are subject only to my free will,1,,P12
11,6,6. Nothing my avatar says is actually voluntary,1,,P12
11,7,7. My avatar's behavior is planned by me from the very beginning to the very end,3,,P12
11,8,8. I am completely responsible for everything that results from my avatar's speech,1,,P12
11,9,9. I would use this response as my own.,9,,P12
12,1,1. I am in control of what my avatar says,5,,P12
12,2,2. My avatar is just an instrument in the hands of somebody or something else,2,,P12
12,3,3. My avatar's speech just happen without my intention,4,,P12
12,4,4. I am the author of my avatar's speech,3,,P12
12,5,5. Things my avatar says are subject only to my free will,3,,P12
12,6,6. Nothing my avatar says is actually voluntary,1,,P12
12,7,7. My avatar's behavior is planned by me from the very beginning to the very end,3,,P12
12,8,8. I am completely responsible for everything that results from my avatar's speech,1,,P12
12,9,9. I would use this response as my own.,10,,P12
1,1,1. I am in control of what my avatar says,3,,P24
1,2,2. My avatar is just an instrument in the hands of somebody or something else,3,,P24
1,3,3. My avatar's speech just happen without my intention,2,,P24
1,4,4. I am the author of my avatar's speech,3,,P24
1,5,5. Things my avatar says are subject only to my free will,1,,P24
1,6,6. Nothing my avatar says is actually voluntary,3,,P24
1,7,7. My avatar's behavior is planned by me from the very beginning to the very end,3,,P24
1,8,8. I am completely responsible for everything that results from my avatar's speech,2,,P24
1,9,9. I would use this response as my own.,5,,P24
2,1,1. I am in control of what my avatar says,1,,P24
2,2,2. My avatar is just an instrument in the hands of somebody or something else,1,,P24
2,3,3. My avatar's speech just happen without my intention,1,,P24
2,4,4. I am the author of my avatar's speech,1,,P24
2,5,5. Things my avatar says are subject only to my free will,1,,P24
2,6,6. Nothing my avatar says is actually voluntary,1,,P24
2,7,7. My avatar's behavior is planned by me from the very beginning to the very end,1,,P24
2,8,8. I am completely responsible for everything that results from my avatar's speech,1,,P24
2,9,9. I would use this response as my own.,1,,P24
3,1,1. I am in control of what my avatar says,4,,P24
3,2,2. My avatar is just an instrument in the hands of somebody or something else,3,,P24
3,3,3. My avatar's speech just happen without my intention,3,,P24
3,4,4. I am the author of my avatar's speech,4,,P24
3,5,5. Things my avatar says are subject only to my free will,4,,P24
3,6,6. Nothing my avatar says is actually voluntary,4,,P24
3,7,7. My avatar's behavior is planned by me from the very beginning to the very end,3,,P24
3,8,8. I am completely responsible for everything that results from my avatar's speech,2,,P24
3,9,9. I would use this response as my own.,3,,P24
4,1,1. I am in control of what my avatar says,1,,P24
4,2,2. My avatar is just an instrument in the hands of somebody or something else,5,,P24
4,3,3. My avatar's speech just happen without my intention,4,,P24
4,4,4. I am the author of my avatar's speech,2,,P24
4,5,5. Things my avatar says are subject only to my free will,3,,P24
4,6,6. Nothing my avatar says is actually voluntary,5,,P24
4,7,7. My avatar's behavior is planned by me from the very beginning to the very end,2,,P24
4,8,8. I am completely responsible for everything that results from my avatar's speech,2,,P24
4,9,9. I would use this response as my own.,2,,P24
5,1,1. I am in control of what my avatar says,5,,P24
5,2,2. My avatar is just an instrument in the hands of somebody or something else,2,,P24
5,3,3. My avatar's speech just happen without my intention,3,,P24
5,4,4. I am the author of my avatar's speech,5,,P24
5,5,5. Things my avatar says are subject only to my free will,4,,P24
5,6,6. Nothing my avatar says is actually voluntary,4,,P24
5,7,7. My avatar's behavior is planned by me from the very beginning to the very end,4,,P24
5,8,8. I am completely responsible for everything that results from my avatar's speech,5,,P24
5,9,9. I would use this response as my own.,8,,P24
6,1,1. I am in control of what my avatar says,4,,P24
6,2,2. My avatar is just an instrument in the hands of somebody or something else,5,,P24
6,3,3. My avatar's speech just happen without my intention,4,,P24
6,4,4. I am the author of my avatar's speech,4,,P24
6,5,5. Things my avatar says are subject only to my free will,4,,P24
6,6,6. Nothing my avatar says is actually voluntary,4,,P24
6,7,7. My avatar's behavior is planned by me from the very beginning to the very end,4,,P24
6,8,8. I am completely responsible for everything that results from my avatar's speech,4,,P24
6,9,9. I would use this response as my own.,7,,P24
7,1,1. I am in control of what my avatar says,4,,P24
7,2,2. My avatar is just an instrument in the hands of somebody or something else,4,,P24
7,3,3. My avatar's speech just happen without my intention,4,,P24
7,4,4. I am the author of my avatar's speech,5,,P24
7,5,5. Things my avatar says are subject only to my free will,5,,P24
7,6,6. Nothing my avatar says is actually voluntary,4,,P24
7,7,7. My avatar's behavior is planned by me from the very beginning to the very end,5,,P24
7,8,8. I am completely responsible for everything that results from my avatar's speech,5,,P24
7,9,9. I would use this response as my own.,7,,P24
8,1,1. I am in control of what my avatar says,5,,P24
8,2,2. My avatar is just an instrument in the hands of somebody or something else,3,,P24
8,3,3. My avatar's speech just happen without my intention,4,,P24
8,4,4. I am the author of my avatar's speech,5,,P24
8,5,5. Things my avatar says are subject only to my free will,5,,P24
8,6,6. Nothing my avatar says is actually voluntary,5,,P24
8,7,7. My avatar's behavior is planned by me from the very beginning to the very end,5,,P24
8,8,8. I am completely responsible for everything that results from my avatar's speech,6,,P24
8,9,9. I would use this response as my own.,8,,P24
9,1,1. I am in control of what my avatar says,1,,P24
9,2,2. My avatar is just an instrument in the hands of somebody or something else,6,,P24
9,3,3. My avatar's speech just happen without my intention,6,,P24
9,4,4. I am the author of my avatar's speech,1,,P24
9,5,5. Things my avatar says are subject only to my free will,4,,P24
9,6,6. Nothing my avatar says is actually voluntary,2,,P24
9,7,7. My avatar's behavior is planned by me from the very beginning to the very end,2,,P24
9,8,8. I am completely responsible for everything that results from my avatar's speech,2,,P24
9,9,9. I would use this response as my own.,2,,P24
10,1,1. I am in control of what my avatar says,1,,P24
10,2,2. My avatar is just an instrument in the hands of somebody or something else,2,,P24
10,3,3. My avatar's speech just happen without my intention,2,,P24
10,4,4. I am the author of my avatar's speech,3,,P24
10,5,5. Things my avatar says are subject only to my free will,4,,P24
10,6,6. Nothing my avatar says is actually voluntary,4,,P24
10,7,7. My avatar's behavior is planned by me from the very beginning to the very end,3,,P24
10,8,8. I am completely responsible for everything that results from my avatar's speech,4,,P24
10,9,9. I would use this response as my own.,5,,P24
11,1,1. I am in control of what my avatar says,6,,P24
11,2,2. My avatar is just an instrument in the hands of somebody or something else,6,,P24
11,3,3. My avatar's speech just happen without my intention,4,,P24
11,4,4. I am the author of my avatar's speech,6,,P24
11,5,5. Things my avatar says are subject only to my free will,5,,P24
11,6,6. Nothing my avatar says is actually voluntary,4,,P24
11,7,7. My avatar's behavior is planned by me from the very beginning to the very end,5,,P24
11,8,8. I am completely responsible for everything that results from my avatar's speech,5,,P24
11,9,9. I would use this response as my own.,8,,P24
12,1,1. I am in control of what my avatar says,2,,P24
12,2,2. My avatar is just an instrument in the hands of somebody or something else,5,,P24
12,3,3. My avatar's speech just happen without my intention,3,,P24
12,4,4. I am the author of my avatar's speech,2,,P24
12,5,5. Things my avatar says are subject only to my free will,2,,P24
12,6,6. Nothing my avatar says is actually voluntary,3,,P24
12,7,7. My avatar's behavior is planned by me from the very beginning to the very end,2,,P24
12,8,8. I am completely responsible for everything that results from my avatar's speech,2,,P24
12,9,9. I would use this response as my own.,4,,P24
1,1,1. I am in control of what my avatar says,4,,P23
1,2,2. My avatar is just an instrument in the hands of somebody or something else,5,,P23
1,3,3. My avatar's speech just happen without my intention,3,,P23
1,4,4. I am the author of my avatar's speech,3,,P23
1,5,5. Things my avatar says are subject only to my free will,4,,P23
1,6,6. Nothing my avatar says is actually voluntary,4,,P23
1,7,7. My avatar's behavior is planned by me from the very beginning to the very end,5,,P23
1,8,8. I am completely responsible for everything that results from my avatar's speech,4,,P23
1,9,9. I would use this response as my own.,4,,P23
2,1,1. I am in control of what my avatar says,5,,P23
2,2,2. My avatar is just an instrument in the hands of somebody or something else,5,,P23
2,3,3. My avatar's speech just happen without my intention,2,,P23
2,4,4. I am the author of my avatar's speech,5,,P23
2,5,5. Things my avatar says are subject only to my free will,3,,P23
2,6,6. Nothing my avatar says is actually voluntary,3,,P23
2,7,7. My avatar's behavior is planned by me from the very beginning to the very end,5,,P23
2,8,8. I am completely responsible for everything that results from my avatar's speech,4,,P23
2,9,9. I would use this response as my own.,3,,P23
3,1,1. I am in control of what my avatar says,5,,P23
3,2,2. My avatar is just an instrument in the hands of somebody or something else,3,,P23
3,3,3. My avatar's speech just happen without my intention,2,,P23
3,4,4. I am the author of my avatar's speech,6,,P23
3,5,5. Things my avatar says are subject only to my free will,3,,P23
3,6,6. Nothing my avatar says is actually voluntary,4,,P23
3,7,7. My avatar's behavior is planned by me from the very beginning to the very end,7,,P23
3,8,8. I am completely responsible for everything that results from my avatar's speech,7,,P23
3,9,9. I would use this response as my own.,10,,P23
4,1,1. I am in control of what my avatar says,3,,P23
4,2,2. My avatar is just an instrument in the hands of somebody or something else,2,,P23
4,3,3. My avatar's speech just happen without my intention,6,,P23
4,4,4. I am the author of my avatar's speech,2,,P23
4,5,5. Things my avatar says are subject only to my free will,3,,P23
4,6,6. Nothing my avatar says is actually voluntary,7,,P23
4,7,7. My avatar's behavior is planned by me from the very beginning to the very end,1,,P23
4,8,8. I am completely responsible for everything that results from my avatar's speech,1,,P23
4,9,9. I would use this response as my own.,1,,P23
5,1,1. I am in control of what my avatar says,6,,P23
5,2,2. My avatar is just an instrument in the hands of somebody or something else,2,,P23
5,3,3. My avatar's speech just happen without my intention,2,,P23
5,4,4. I am the author of my avatar's speech,6,,P23
5,5,5. Things my avatar says are subject only to my free will,6,,P23
5,6,6. Nothing my avatar says is actually voluntary,6,,P23
5,7,7. My avatar's behavior is planned by me from the very beginning to the very end,6,,P23
5,8,8. I am completely responsible for everything that results from my avatar's speech,7,,P23
5,9,9. I would use this response as my own.,10,,P23
6,1,1. I am in control of what my avatar says,6,,P23
6,2,2. My avatar is just an instrument in the hands of somebody or something else,2,,P23
6,3,3. My avatar's speech just happen without my intention,2,,P23
6,4,4. I am the author of my avatar's speech,6,,P23
6,5,5. Things my avatar says are subject only to my free will,7,,P23
6,6,6. Nothing my avatar says is actually voluntary,7,,P23
6,7,7. My avatar's behavior is planned by me from the very beginning to the very end,6,,P23
6,8,8. I am completely responsible for everything that results from my avatar's speech,7,,P23
6,9,9. I would use this response as my own.,10,,P23
7,1,1. I am in control of what my avatar says,5,,P23
7,2,2. My avatar is just an instrument in the hands of somebody or something else,3,,P23
7,3,3. My avatar's speech just happen without my intention,3,,P23
7,4,4. I am the author of my avatar's speech,5,,P23
7,5,5. Things my avatar says are subject only to my free will,5,,P23
7,6,6. Nothing my avatar says is actually voluntary,4,,P23
7,7,7. My avatar's behavior is planned by me from the very beginning to the very end,5,,P23
7,8,8. I am completely responsible for everything that results from my avatar's speech,6,,P23
7,9,9. I would use this response as my own.,9,,P23
8,1,1. I am in control of what my avatar says,5,,P23
8,2,2. My avatar is just an instrument in the hands of somebody or something else,3,,P23
8,3,3. My avatar's speech just happen without my intention,2,,P23
8,4,4. I am the author of my avatar's speech,5,,P23
8,5,5. Things my avatar says are subject only to my free will,5,,P23
8,6,6. Nothing my avatar says is actually voluntary,5,,P23
8,7,7. My avatar's behavior is planned by me from the very beginning to the very end,5,,P23
8,8,8. I am completely responsible for everything that results from my avatar's speech,6,,P23
8,9,9. I would use this response as my own.,9,,P23
9,1,1. I am in control of what my avatar says,4,,P23
9,2,2. My avatar is just an instrument in the hands of somebody or something else,3,,P23
9,3,3. My avatar's speech just happen without my intention,4,,P23
9,4,4. I am the author of my avatar's speech,3,,P23
9,5,5. Things my avatar says are subject only to my free will,4,,P23
9,6,6. Nothing my avatar says is actually voluntary,3,,P23
9,7,7. My avatar's behavior is planned by me from the very beginning to the very end,4,,P23
9,8,8. I am completely responsible for everything that results from my avatar's speech,4,,P23
9,9,9. I would use this response as my own.,6,,P23
10,1,1. I am in control of what my avatar says,3,,P23
10,2,2. My avatar is just an instrument in the hands of somebody or something else,3,,P23
10,3,3. My avatar's speech just happen without my intention,3,,P23
10,4,4. I am the author of my avatar's speech,2,,P23
10,5,5. Things my avatar says are subject only to my free will,3,,P23
10,6,6. Nothing my avatar says is actually voluntary,2,,P23
10,7,7. My avatar's behavior is planned by me from the very beginning to the very end,2,,P23
10,8,8. I am completely responsible for everything that results from my avatar's speech,4,,P23
10,9,9. I would use this response as my own.,5,,P23
11,1,1. I am in control of what my avatar says,6,,P23
11,2,2. My avatar is just an instrument in the hands of somebody or something else,3,,P23
11,3,3. My avatar's speech just happen without my intention,2,,P23
11,4,4. I am the author of my avatar's speech,6,,P23
11,5,5. Things my avatar says are subject only to my free will,3,,P23
11,6,6. Nothing my avatar says is actually voluntary,5,,P23
11,7,7. My avatar's behavior is planned by me from the very beginning to the very end,5,,P23
11,8,8. I am completely responsible for everything that results from my avatar's speech,6,,P23
11,9,9. I would use this response as my own.,10,,P23
12,1,1. I am in control of what my avatar says,4,,P23
12,2,2. My avatar is just an instrument in the hands of somebody or something else,4,,P23
12,3,3. My avatar's speech just happen without my intention,4,,P23
12,4,4. I am the author of my avatar's speech,3,,P23
12,5,5. Things my avatar says are subject only to my free will,3,,P23
12,6,6. Nothing my avatar says is actually voluntary,2,,P23
12,7,7. My avatar's behavior is planned by me from the very beginning to the very end,2,,P23
12,8,8. I am completely responsible for everything that results from my avatar's speech,6,,P23
12,9,9. I would use this response as my own.,8,,P23
1,1,1. I am in control of what my avatar says,4,,P01
1,2,2. My avatar is just an instrument in the hands of somebody or something else,2,,P01
1,3,3. My avatar's speech just happen without my intention,7,,P01
1,4,4. I am the author of my avatar's speech,4,,P01
1,5,5. Things my avatar says are subject only to my free will,2,,P01
1,6,6. Nothing my avatar says is actually voluntary,3,,P01
1,7,7. My avatar's behavior is planned by me from the very beginning to the very end,2,,P01
1,8,8. I am completely responsible for everything that results from my avatar's speech,2,,P01
1,9,9. I would use this response as my own.,3,,P01
2,1,1. I am in control of what my avatar says,2,,P01
2,2,2. My avatar is just an instrument in the hands of somebody or something else,6,,P01
2,3,3. My avatar's speech just happen without my intention,5,,P01
2,4,4. I am the author of my avatar's speech,2,,P01
2,5,5. Things my avatar says are subject only to my free will,1,,P01
2,6,6. Nothing my avatar says is actually voluntary,5,,P01
2,7,7. My avatar's behavior is planned by me from the very beginning to the very end,2,,P01
2,8,8. I am completely responsible for everything that results from my avatar's speech,3,,P01
2,9,9. I would use this response as my own.,7,,P01
3,1,1. I am in control of what my avatar says,1,,P01
3,2,2. My avatar is just an instrument in the hands of somebody or something else,6,,P01
3,3,3. My avatar's speech just happen without my intention,6,,P01
3,4,4. I am the author of my avatar's speech,1,,P01
3,5,5. Things my avatar says are subject only to my free will,2,,P01
3,6,6. Nothing my avatar says is actually voluntary,6,,P01
3,7,7. My avatar's behavior is planned by me from the very beginning to the very end,1,,P01
3,8,8. I am completely responsible for everything that results from my avatar's speech,3,,P01
3,9,9. I would use this response as my own.,4,,P01
4,1,1. I am in control of what my avatar says,2,,P01
4,2,2. My avatar is just an instrument in the hands of somebody or something else,6,,P01
4,3,3. My avatar's speech just happen without my intention,6,,P01
4,4,4. I am the author of my avatar's speech,2,,P01
4,5,5. Things my avatar says are subject only to my free will,2,,P01
4,6,6. Nothing my avatar says is actually voluntary,6,,P01
4,7,7. My avatar's behavior is planned by me from the very beginning to the very end,1,,P01
4,8,8. I am completely responsible for everything that results from my avatar's speech,3,,P01
4,9,9. I would use this response as my own.,7,,P01
5,1,1. I am in control of what my avatar says,1,,P01
5,2,2. My avatar is just an instrument in the hands of somebody or something else,5,,P01
5,3,3. My avatar's speech just happen without my intention,5,,P01
5,4,4. I am the author of my avatar's speech,2,,P01
5,5,5. Things my avatar says are subject only to my free will,1,,P01
5,6,6. Nothing my avatar says is actually voluntary,5,,P01
5,7,7. My avatar's behavior is planned by me from the very beginning to the very end,2,,P01
5,8,8. I am completely responsible for everything that results from my avatar's speech,3,,P01
5,9,9. I would use this response as my own.,7,,P01
6,1,1. I am in control of what my avatar says,2,,P01
6,2,2. My avatar is just an instrument in the hands of somebody or something else,6,,P01
6,3,3. My avatar's speech just happen without my intention,6,,P01
6,4,4. I am the author of my avatar's speech,1,,P01
6,5,5. Things my avatar says are subject only to my free will,1,,P01
6,6,6. Nothing my avatar says is actually voluntary,6,,P01
6,7,7. My avatar's behavior is planned by me from the very beginning to the very end,1,,P01
6,8,8. I am completely responsible for everything that results from my avatar's speech,2,,P01
6,9,9. I would use this response as my own.,2,,P01
7,1,1. I am in control of what my avatar says,2,,P01
7,2,2. My avatar is just an instrument in the hands of somebody or something else,6,,P01
7,3,3. My avatar's speech just happen without my intention,6,,P01
7,4,4. I am the author of my avatar's speech,2,,P01
7,5,5. Things my avatar says are subject only to my free will,1,,P01
7,6,6. Nothing my avatar says is actually voluntary,6,,P01
7,7,7. My avatar's behavior is planned by me from the very beginning to the very end,1,,P01
7,8,8. I am completely responsible for everything that results from my avatar's speech,1,,P01
7,9,9. I would use this response as my own.,2,,P01
8,1,1. I am in control of what my avatar says,1,,P01
8,2,2. My avatar is just an instrument in the hands of somebody or something else,6,,P01
8,3,3. My avatar's speech just happen without my intention,6,,P01
8,4,4. I am the author of my avatar's speech,3,,P01
8,5,5. Things my avatar says are subject only to my free will,4,,P01
8,6,6. Nothing my avatar says is actually voluntary,6,,P01
8,7,7. My avatar's behavior is planned by me from the very beginning to the very end,2,,P01
8,8,8. I am completely responsible for everything that results from my avatar's speech,2,,P01
8,9,9. I would use this response as my own.,8,,P01
9,1,1. I am in control of what my avatar says,3,,P01
9,2,2. My avatar is just an instrument in the hands of somebody or something else,4,,P01
9,3,3. My avatar's speech just happen without my intention,4,,P01
9,4,4. I am the author of my avatar's speech,5,,P01
9,5,5. Things my avatar says are subject only to my free will,3,,P01
9,6,6. Nothing my avatar says is actually voluntary,5,,P01
9,7,7. My avatar's behavior is planned by me from the very beginning to the very end,2,,P01
9,8,8. I am completely responsible for everything that results from my avatar's speech,2,,P01
9,9,9. I would use this response as my own.,5,,P01
10,1,1. I am in control of what my avatar says,3,,P01
10,2,2. My avatar is just an instrument in the hands of somebody or something else,5,,P01
10,3,3. My avatar's speech just happen without my intention,5,,P01
10,4,4. I am the author of my avatar's speech,2,,P01
10,5,5. Things my avatar says are subject only to my free will,1,,P01
10,6,6. Nothing my avatar says is actually voluntary,5,,P01
10,7,7. My avatar's behavior is planned by me from the very beginning to the very end,1,,P01
10,8,8. I am completely responsible for everything that results from my avatar's speech,2,,P01
10,9,9. I would use this response as my own.,7,,P01
11,1,1. I am in control of what my avatar says,3,,P01
11,2,2. My avatar is just an instrument in the hands of somebody or something else,3,,P01
11,3,3. My avatar's speech just happen without my intention,4,,P01
11,4,4. I am the author of my avatar's speech,5,,P01
11,5,5. Things my avatar says are subject only to my free will,3,,P01
11,6,6. Nothing my avatar says is actually voluntary,4,,P01
11,7,7. My avatar's behavior is planned by me from the very beginning to the very end,3,,P01
11,8,8. I am completely responsible for everything that results from my avatar's speech,2,,P01
11,9,9. I would use this response as my own.,8,,P01
12,1,1. I am in control of what my avatar says,5,,P01
12,2,2. My avatar is just an instrument in the hands of somebody or something else,3,,P01
12,3,3. My avatar's speech just happen without my intention,5,,P01
12,4,4. I am the author of my avatar's speech,5,,P01
12,5,5. Things my avatar says are subject only to my free will,3,,P01
12,6,6. Nothing my avatar says is actually voluntary,3,,P01
12,7,7. My avatar's behavior is planned by me from the very beginning to the very end,4,,P01
12,8,8. I am completely responsible for everything that results from my avatar's speech,2,,P01
12,9,9. I would use this response as my own.,6,,P01
1,1,1. I am in control of what my avatar says,1,,P06
1,2,2. My avatar is just an instrument in the hands of somebody or something else,6,,P06
1,3,3. My avatar's speech just happen without my intention,7,,P06
1,4,4. I am the author of my avatar's speech,2,,P06
1,5,5. Things my avatar says are subject only to my free will,3,,P06
1,6,6. Nothing my avatar says is actually voluntary,5,,P06
1,7,7. My avatar's behavior is planned by me from the very beginning to the very end,1,,P06
1,8,8. I am completely responsible for everything that results from my avatar's speech,5,,P06
1,9,9. I would use this response as my own.,1,,P06
2,1,1. I am in control of what my avatar says,7,,P06
2,2,2. My avatar is just an instrument in the hands of somebody or something else,3,,P06
2,3,3. My avatar's speech just happen without my intention,3,,P06
2,4,4. I am the author of my avatar's speech,6,,P06
2,5,5. Things my avatar says are subject only to my free will,5,,P06
2,6,6. Nothing my avatar says is actually voluntary,4,,P06
2,7,7. My avatar's behavior is planned by me from the very beginning to the very end,5,,P06
2,8,8. I am completely responsible for everything that results from my avatar's speech,6,,P06
2,9,9. I would use this response as my own.,10,,P06
3,1,1. I am in control of what my avatar says,5,,P06
3,2,2. My avatar is just an instrument in the hands of somebody or something else,3,,P06
3,3,3. My avatar's speech just happen without my intention,3,,P06
3,4,4. I am the author of my avatar's speech,4,,P06
3,5,5. Things my avatar says are subject only to my free will,4,,P06
3,6,6. Nothing my avatar says is actually voluntary,3,,P06
3,7,7. My avatar's behavior is planned by me from the very beginning to the very end,3,,P06
3,8,8. I am completely responsible for everything that results from my avatar's speech,5,,P06
3,9,9. I would use this response as my own.,7,,P06
4,1,1. I am in control of what my avatar says,2,,P06
4,2,2. My avatar is just an instrument in the hands of somebody or something else,6,,P06
4,3,3. My avatar's speech just happen without my intention,6,,P06
4,4,4. I am the author of my avatar's speech,2,,P06
4,5,5. Things my avatar says are subject only to my free will,2,,P06
4,6,6. Nothing my avatar says is actually voluntary,2,,P06
4,7,7. My avatar's behavior is planned by me from the very beginning to the very end,2,,P06
4,8,8. I am completely responsible for everything that results from my avatar's speech,2,,P06
4,9,9. I would use this response as my own.,7,,P06
5,1,1. I am in control of what my avatar says,7,,P06
5,2,2. My avatar is just an instrument in the hands of somebody or something else,1,,P06
5,3,3. My avatar's speech just happen without my intention,1,,P06
5,4,4. I am the author of my avatar's speech,6,,P06
5,5,5. Things my avatar says are subject only to my free will,5,,P06
5,6,6. Nothing my avatar says is actually voluntary,3,,P06
5,7,7. My avatar's behavior is planned by me from the very beginning to the very end,5,,P06
5,8,8. I am completely responsible for everything that results from my avatar's speech,5,,P06
5,9,9. I would use this response as my own.,9,,P06
6,1,1. I am in control of what my avatar says,3,,P06
6,2,2. My avatar is just an instrument in the hands of somebody or something else,6,,P06
6,3,3. My avatar's speech just happen without my intention,5,,P06
6,4,4. I am the author of my avatar's speech,5,,P06
6,5,5. Things my avatar says are subject only to my free will,3,,P06
6,6,6. Nothing my avatar says is actually voluntary,3,,P06
6,7,7. My avatar's behavior is planned by me from the very beginning to the very end,3,,P06
6,8,8. I am completely responsible for everything that results from my avatar's speech,3,,P06
6,9,9. I would use this response as my own.,10,,P06
7,1,1. I am in control of what my avatar says,3,,P06
7,2,2. My avatar is just an instrument in the hands of somebody or something else,6,,P06
7,3,3. My avatar's speech just happen without my intention,5,,P06
7,4,4. I am the author of my avatar's speech,5,,P06
7,5,5. Things my avatar says are subject only to my free will,3,,P06
7,6,6. Nothing my avatar says is actually voluntary,3,,P06
7,7,7. My avatar's behavior is planned by me from the very beginning to the very end,4,,P06
7,8,8. I am completely responsible for everything that results from my avatar's speech,4,,P06
7,9,9. I would use this response as my own.,10,,P06
8,1,1. I am in control of what my avatar says,5,,P06
8,2,2. My avatar is just an instrument in the hands of somebody or something else,3,,P06
8,3,3. My avatar's speech just happen without my intention,3,,P06
8,4,4. I am the author of my avatar's speech,5,,P06
8,5,5. Things my avatar says are subject only to my free will,5,,P06
8,6,6. Nothing my avatar says is actually voluntary,4,,P06
8,7,7. My avatar's behavior is planned by me from the very beginning to the very end,3,,P06
8,8,8. I am completely responsible for everything that results from my avatar's speech,5,,P06
8,9,9. I would use this response as my own.,10,,P06
9,1,1. I am in control of what my avatar says,1,,P06
9,2,2. My avatar is just an instrument in the hands of somebody or something else,7,,P06
9,3,3. My avatar's speech just happen without my intention,6,,P06
9,4,4. I am the author of my avatar's speech,3,,P06
9,5,5. Things my avatar says are subject only to my free will,2,,P06
9,6,6. Nothing my avatar says is actually voluntary,5,,P06
9,7,7. My avatar's behavior is planned by me from the very beginning to the very end,2,,P06
9,8,8. I am completely responsible for everything that results from my avatar's speech,3,,P06
9,9,9. I would use this response as my own.,10,,P06
10,1,1. I am in control of what my avatar says,5,,P06
10,2,2. My avatar is just an instrument in the hands of somebody or something else,5,,P06
10,3,3. My avatar's speech just happen without my intention,3,,P06
10,4,4. I am the author of my avatar's speech,5,,P06
10,5,5. Things my avatar says are subject only to my free will,5,,P06
10,6,6. Nothing my avatar says is actually voluntary,4,,P06
10,7,7. My avatar's behavior is planned by me from the very beginning to the very end,6,,P06
10,8,8. I am completely responsible for everything that results from my avatar's speech,5,,P06
10,9,9. I would use this response as my own.,10,,P06
11,1,1. I am in control of what my avatar says,7,,P06
11,2,2. My avatar is just an instrument in the hands of somebody or something else,1,,P06
11,3,3. My avatar's speech just happen without my intention,2,,P06
11,4,4. I am the author of my avatar's speech,6,,P06
11,5,5. Things my avatar says are subject only to my free will,6,,P06
11,6,6. Nothing my avatar says is actually voluntary,6,,P06
11,7,7. My avatar's behavior is planned by me from the very beginning to the very end,6,,P06
11,8,8. I am completely responsible for everything that results from my avatar's speech,6,,P06
11,9,9. I would use this response as my own.,10,,P06
12,1,1. I am in control of what my avatar says,1,,P06
12,2,2. My avatar is just an instrument in the hands of somebody or something else,7,,P06
12,3,3. My avatar's speech just happen without my intention,6,,P06
12,4,4. I am the author of my avatar's speech,2,,P06
12,5,5. Things my avatar says are subject only to my free will,2,,P06
12,6,6. Nothing my avatar says is actually voluntary,3,,P06
12,7,7. My avatar's behavior is planned by me from the very beginning to the very end,2,,P06
12,8,8. I am completely responsible for everything that results from my avatar's speech,2,,P06
12,9,9. I would use this response as my own.,1,,P06
1,1,1. I am in control of what my avatar says,1,,P30
1,2,2. My avatar is just an instrument in the hands of somebody or something else,7,,P30
1,3,3. My avatar's speech just happen without my intention,7,,P30
1,4,4. I am the author of my avatar's speech,1,,P30
1,5,5. Things my avatar says are subject only to my free will,1,,P30
1,6,6. Nothing my avatar says is actually voluntary,7,,P30
1,7,7. My avatar's behavior is planned by me from the very beginning to the very end,1,,P30
1,8,8. I am completely responsible for everything that results from my avatar's speech,1,,P30
1,9,9. I would use this response as my own.,1,,P30
2,1,1. I am in control of what my avatar says,2,,P30
2,2,2. My avatar is just an instrument in the hands of somebody or something else,6,,P30
2,3,3. My avatar's speech just happen without my intention,6,,P30
2,4,4. I am the author of my avatar's speech,3,,P30
2,5,5. Things my avatar says are subject only to my free will,1,,P30
2,6,6. Nothing my avatar says is actually voluntary,6,,P30
2,7,7. My avatar's behavior is planned by me from the very beginning to the very end,1,,P30
2,8,8. I am completely responsible for everything that results from my avatar's speech,1,,P30
2,9,9. I would use this response as my own.,4,,P30
3,1,1. I am in control of what my avatar says,1,,P30
3,2,2. My avatar is just an instrument in the hands of somebody or something else,7,,P30
3,3,3. My avatar's speech just happen without my intention,7,,P30
3,4,4. I am the author of my avatar's speech,1,,P30
3,5,5. Things my avatar says are subject only to my free will,1,,P30
3,6,6. Nothing my avatar says is actually voluntary,7,,P30
3,7,7. My avatar's behavior is planned by me from the very beginning to the very end,1,,P30
3,8,8. I am completely responsible for everything that results from my avatar's speech,1,,P30
3,9,9. I would use this response as my own.,2,,P30
4,1,1. I am in control of what my avatar says,3,,P30
4,2,2. My avatar is just an instrument in the hands of somebody or something else,5,,P30
4,3,3. My avatar's speech just happen without my intention,6,,P30
4,4,4. I am the author of my avatar's speech,2,,P30
4,5,5. Things my avatar says are subject only to my free will,2,,P30
4,6,6. Nothing my avatar says is actually voluntary,6,,P30
4,7,7. My avatar's behavior is planned by me from the very beginning to the very end,1,,P30
4,8,8. I am completely responsible for everything that results from my avatar's speech,1,,P30
4,9,9. I would use this response as my own.,6,,P30
5,1,1. I am in control of what my avatar says,2,,P30
5,2,2. My avatar is just an instrument in the hands of somebody or something else,5,,P30
5,3,3. My avatar's speech just happen without my intention,5,,P30
5,4,4. I am the author of my avatar's speech,2,,P30
5,5,5. Things my avatar says are subject only to my free will,1,,P30
5,6,6. Nothing my avatar says is actually voluntary,7,,P30
5,7,7. My avatar's behavior is planned by me from the very beginning to the very end,1,,P30
5,8,8. I am completely responsible for everything that results from my avatar's speech,1,,P30
5,9,9. I would use this response as my own.,4,,P30
6,1,1. I am in control of what my avatar says,1,,P30
6,2,2. My avatar is just an instrument in the hands of somebody or something else,6,,P30
6,3,3. My avatar's speech just happen without my intention,7,,P30
6,4,4. I am the author of my avatar's speech,1,,P30
6,5,5. Things my avatar says are subject only to my free will,1,,P30
6,6,6. Nothing my avatar says is actually voluntary,7,,P30
6,7,7. My avatar's behavior is planned by me from the very beginning to the very end,1,,P30
6,8,8. I am completely responsible for everything that results from my avatar's speech,1,,P30
6,9,9. I would use this response as my own.,2,,P30
7,1,1. I am in control of what my avatar says,3,,P30
7,2,2. My avatar is just an instrument in the hands of somebody or something else,5,,P30
7,3,3. My avatar's speech just happen without my intention,6,,P30
7,4,4. I am the author of my avatar's speech,1,,P30
7,5,5. Things my avatar says are subject only to my free will,1,,P30
7,6,6. Nothing my avatar says is actually voluntary,7,,P30
7,7,7. My avatar's behavior is planned by me from the very beginning to the very end,1,,P30
7,8,8. I am completely responsible for everything that results from my avatar's speech,1,,P30
7,9,9. I would use this response as my own.,1,,P30
8,1,1. I am in control of what my avatar says,2,,P30
8,2,2. My avatar is just an instrument in the hands of somebody or something else,6,,P30
8,3,3. My avatar's speech just happen without my intention,7,,P30
8,4,4. I am the author of my avatar's speech,1,,P30
8,5,5. Things my avatar says are subject only to my free will,1,,P30
8,6,6. Nothing my avatar says is actually voluntary,7,,P30
8,7,7. My avatar's behavior is planned by me from the very beginning to the very end,1,,P30
8,8,8. I am completely responsible for everything that results from my avatar's speech,1,,P30
8,9,9. I would use this response as my own.,2,,P30
9,1,1. I am in control of what my avatar says,3,,P30
9,2,2. My avatar is just an instrument in the hands of somebody or something else,5,,P30
9,3,3. My avatar's speech just happen without my intention,6,,P30
9,4,4. I am the author of my avatar's speech,2,,P30
9,5,5. Things my avatar says are subject only to my free will,1,,P30
9,6,6. Nothing my avatar says is actually voluntary,7,,P30
9,7,7. My avatar's behavior is planned by me from the very beginning to the very end,1,,P30
9,8,8. I am completely responsible for everything that results from my avatar's speech,1,,P30
9,9,9. I would use this response as my own.,4,,P30
10,1,1. I am in control of what my avatar says,1,,P30
10,2,2. My avatar is just an instrument in the hands of somebody or something else,7,,P30
10,3,3. My avatar's speech just happen without my intention,7,,P30
10,4,4. I am the author of my avatar's speech,1,,P30
10,5,5. Things my avatar says are subject only to my free will,1,,P30
10,6,6. Nothing my avatar says is actually voluntary,7,,P30
10,7,7. My avatar's behavior is planned by me from the very beginning to the very end,1,,P30
10,8,8. I am completely responsible for everything that results from my avatar's speech,1,,P30
10,9,9. I would use this response as my own.,1,,P30
11,1,1. I am in control of what my avatar says,3,,P30
11,2,2. My avatar is just an instrument in the hands of somebody or something else,5,,P30
11,3,3. My avatar's speech just happen without my intention,6,,P30
11,4,4. I am the author of my avatar's speech,2,,P30
11,5,5. Things my avatar says are subject only to my free will,2,,P30
11,6,6. Nothing my avatar says is actually voluntary,7,,P30
11,7,7. My avatar's behavior is planned by me from the very beginning to the very end,1,,P30
11,8,8. I am completely responsible for everything that results from my avatar's speech,1,,P30
11,9,9. I would use this response as my own.,4,,P30
12,1,1. I am in control of what my avatar says,4,,P30
12,2,2. My avatar is just an instrument in the hands of somebody or something else,5,,P30
12,3,3. My avatar's speech just happen without my intention,3,,P30
12,4,4. I am the author of my avatar's speech,2,,P30
12,5,5. Things my avatar says are subject only to my free will,1,,P30
12,6,6. Nothing my avatar says is actually voluntary,7,,P30
12,7,7. My avatar's behavior is planned by me from the very beginning to the very end,1,,P30
12,8,8. I am completely responsible for everything that results from my avatar's speech,1,,P30
12,9,9. I would use this response as my own.,5,,P30
1,1,1. I am in control of what my avatar says,7,,P09
1,2,2. My avatar is just an instrument in the hands of somebody or something else,7,,P09
1,3,3. My avatar's speech just happen without my intention,2,,P09
1,4,4. I am the author of my avatar's speech,7,,P09
1,5,5. Things my avatar says are subject only to my free will,7,,P09
1,6,6. Nothing my avatar says is actually voluntary,7,,P09
1,7,7. My avatar's behavior is planned by me from the very beginning to the very end,7,,P09
1,8,8. I am completely responsible for everything that results from my avatar's speech,7,,P09
1,9,9. I would use this response as my own.,10,,P09
2,1,1. I am in control of what my avatar says,1,,P09
2,2,2. My avatar is just an instrument in the hands of somebody or something else,7,,P09
2,3,3. My avatar's speech just happen without my intention,1,,P09
2,4,4. I am the author of my avatar's speech,1,,P09
2,5,5. Things my avatar says are subject only to my free will,1,,P09
2,6,6. Nothing my avatar says is actually voluntary,1,,P09
2,7,7. My avatar's behavior is planned by me from the very beginning to the very end,1,,P09
2,8,8. I am completely responsible for everything that results from my avatar's speech,1,,P09
2,9,9. I would use this response as my own.,1,,P09
3,1,1. I am in control of what my avatar says,2,,P09
3,2,2. My avatar is just an instrument in the hands of somebody or something else,4,,P09
3,3,3. My avatar's speech just happen without my intention,1,,P09
3,4,4. I am the author of my avatar's speech,1,,P09
3,5,5. Things my avatar says are subject only to my free will,1,,P09
3,6,6. Nothing my avatar says is actually voluntary,3,,P09
3,7,7. My avatar's behavior is planned by me from the very beginning to the very end,1,,P09
3,8,8. I am completely responsible for everything that results from my avatar's speech,1,,P09
3,9,9. I would use this response as my own.,1,,P09
4,1,1. I am in control of what my avatar says,7,,P09
4,2,2. My avatar is just an instrument in the hands of somebody or something else,7,,P09
4,3,3. My avatar's speech just happen without my intention,7,,P09
4,4,4. I am the author of my avatar's speech,7,,P09
4,5,5. Things my avatar says are subject only to my free will,7,,P09
4,6,6. Nothing my avatar says is actually voluntary,7,,P09
4,7,7. My avatar's behavior is planned by me from the very beginning to the very end,7,,P09
4,8,8. I am completely responsible for everything that results from my avatar's speech,7,,P09
4,9,9. I would use this response as my own.,8,,P09
5,1,1. I am in control of what my avatar says,2,,P09
5,2,2. My avatar is just an instrument in the hands of somebody or something else,2,,P09
5,3,3. My avatar's speech just happen without my intention,2,,P09
5,4,4. I am the author of my avatar's speech,2,,P09
5,5,5. Things my avatar says are subject only to my free will,2,,P09
5,6,6. Nothing my avatar says is actually voluntary,2,,P09
5,7,7. My avatar's behavior is planned by me from the very beginning to the very end,2,,P09
5,8,8. I am completely responsible for everything that results from my avatar's speech,1,,P09
5,9,9. I would use this response as my own.,2,,P09
6,1,1. I am in control of what my avatar says,2,,P09
6,2,2. My avatar is just an instrument in the hands of somebody or something else,1,,P09
6,3,3. My avatar's speech just happen without my intention,2,,P09
6,4,4. I am the author of my avatar's speech,1,,P09
6,5,5. Things my avatar says are subject only to my free will,1,,P09
6,6,6. Nothing my avatar says is actually voluntary,1,,P09
6,7,7. My avatar's behavior is planned by me from the very beginning to the very end,1,,P09
6,8,8. I am completely responsible for everything that results from my avatar's speech,1,,P09
6,9,9. I would use this response as my own.,2,,P09
7,1,1. I am in control of what my avatar says,7,,P09
7,2,2. My avatar is just an instrument in the hands of somebody or something else,7,,P09
7,3,3. My avatar's speech just happen without my intention,7,,P09
7,4,4. I am the author of my avatar's speech,7,,P09
7,5,5. Things my avatar says are subject only to my free will,7,,P09
7,6,6. Nothing my avatar says is actually voluntary,7,,P09
7,7,7. My avatar's behavior is planned by me from the very beginning to the very end,7,,P09
7,8,8. I am completely responsible for everything that results from my avatar's speech,7,,P09
7,9,9. I would use this response as my own.,10,,P09
8,1,1. I am in control of what my avatar says,7,,P09
8,2,2. My avatar is just an instrument in the hands of somebody or something else,7,,P09
8,3,3. My avatar's speech just happen without my intention,7,,P09
8,4,4. I am the author of my avatar's speech,7,,P09
8,5,5. Things my avatar says are subject only to my free will,6,,P09
8,6,6. Nothing my avatar says is actually voluntary,7,,P09
8,7,7. My avatar's behavior is planned by me from the very beginning to the very end,7,,P09
8,8,8. I am completely responsible for everything that results from my avatar's speech,7,,P09
8,9,9. I would use this response as my own.,10,,P09
9,1,1. I am in control of what my avatar says,7,,P09
9,2,2. My avatar is just an instrument in the hands of somebody or something else,7,,P09
9,3,3. My avatar's speech just happen without my intention,7,,P09
9,4,4. I am the author of my avatar's speech,7,,P09
9,5,5. Things my avatar says are subject only to my free will,7,,P09
9,6,6. Nothing my avatar says is actually voluntary,7,,P09
9,7,7. My avatar's behavior is planned by me from the very beginning to the very end,7,,P09
9,8,8. I am completely responsible for everything that results from my avatar's speech,7,,P09
9,9,9. I would use this response as my own.,10,,P09
10,1,1. I am in control of what my avatar says,1,,P09
10,2,2. My avatar is just an instrument in the hands of somebody or something else,3,,P09
10,3,3. My avatar's speech just happen without my intention,1,,P09
10,4,4. I am the author of my avatar's speech,2,,P09
10,5,5. Things my avatar says are subject only to my free will,2,,P09
10,6,6. Nothing my avatar says is actually voluntary,2,,P09
10,7,7. My avatar's behavior is planned by me from the very beginning to the very end,1,,P09
10,8,8. I am completely responsible for everything that results from my avatar's speech,2,,P09
10,9,9. I would use this response as my own.,2,,P09
11,1,1. I am in control of what my avatar says,2,,P09
11,2,2. My avatar is just an instrument in the hands of somebody or something else,1,,P09
11,3,3. My avatar's speech just happen without my intention,1,,P09
11,4,4. I am the author of my avatar's speech,1,,P09
11,5,5. Things my avatar says are subject only to my free will,3,,P09
11,6,6. Nothing my avatar says is actually voluntary,3,,P09
11,7,7. My avatar's behavior is planned by me from the very beginning to the very end,1,,P09
11,8,8. I am completely responsible for everything that results from my avatar's speech,2,,P09
11,9,9. I would use this response as my own.,1,,P09
12,1,1. I am in control of what my avatar says,7,,P09
12,2,2. My avatar is just an instrument in the hands of somebody or something else,7,,P09
12,3,3. My avatar's speech just happen without my intention,7,,P09
12,4,4. I am the author of my avatar's speech,7,,P09
12,5,5. Things my avatar says are subject only to my free will,7,,P09
12,6,6. Nothing my avatar says is actually voluntary,7,,P09
12,7,7. My avatar's behavior is planned by me from the very beginning to the very end,7,,P09
12,8,8. I am completely responsible for everything that results from my avatar's speech,7,,P09
12,9,9. I would use this response as my own.,10,,P09
1,1,1. I am in control of what my avatar says,2,,P07
1,2,2. My avatar is just an instrument in the hands of somebody or something else,4,,P07
1,3,3. My avatar's speech just happen without my intention,2,,P07
1,4,4. I am the author of my avatar's speech,2,,P07
1,5,5. Things my avatar says are subject only to my free will,1,,P07
1,6,6. Nothing my avatar says is actually voluntary,6,,P07
1,7,7. My avatar's behavior is planned by me from the very beginning to the very end,1,,P07
1,8,8. I am completely responsible for everything that results from my avatar's speech,1,,P07
1,9,9. I would use this response as my own.,7,,P07
2,1,1. I am in control of what my avatar says,4,,P07
2,2,2. My avatar is just an instrument in the hands of somebody or something else,5,,P07
2,3,3. My avatar's speech just happen without my intention,7,,P07
2,4,4. I am the author of my avatar's speech,5,,P07
2,5,5. Things my avatar says are subject only to my free will,1,,P07
2,6,6. Nothing my avatar says is actually voluntary,5,,P07
2,7,7. My avatar's behavior is planned by me from the very beginning to the very end,1,,P07
2,8,8. I am completely responsible for everything that results from my avatar's speech,1,,P07
2,9,9. I would use this response as my own.,2,,P07
3,1,1. I am in control of what my avatar says,7,,P07
3,2,2. My avatar is just an instrument in the hands of somebody or something else,1,,P07
3,3,3. My avatar's speech just happen without my intention,1,,P07
3,4,4. I am the author of my avatar's speech,7,,P07
3,5,5. Things my avatar says are subject only to my free will,7,,P07
3,6,6. Nothing my avatar says is actually voluntary,1,,P07
3,7,7. My avatar's behavior is planned by me from the very beginning to the very end,5,,P07
3,8,8. I am completely responsible for everything that results from my avatar's speech,7,,P07
3,9,9. I would use this response as my own.,10,,P07
4,1,1. I am in control of what my avatar says,1,,P07
4,2,2. My avatar is just an instrument in the hands of somebody or something else,6,,P07
4,3,3. My avatar's speech just happen without my intention,7,,P07
4,4,4. I am the author of my avatar's speech,1,,P07
4,5,5. Things my avatar says are subject only to my free will,1,,P07
4,6,6. Nothing my avatar says is actually voluntary,7,,P07
4,7,7. My avatar's behavior is planned by me from the very beginning to the very end,1,,P07
4,8,8. I am completely responsible for everything that results from my avatar's speech,1,,P07
4,9,9. I would use this response as my own.,1,,P07
5,1,1. I am in control of what my avatar says,3,,P07
5,2,2. My avatar is just an instrument in the hands of somebody or something else,4,,P07
5,3,3. My avatar's speech just happen without my intention,3,,P07
5,4,4. I am the author of my avatar's speech,3,,P07
5,5,5. Things my avatar says are subject only to my free will,1,,P07
5,6,6. Nothing my avatar says is actually voluntary,2,,P07
5,7,7. My avatar's behavior is planned by me from the very beginning to the very end,1,,P07
5,8,8. I am completely responsible for everything that results from my avatar's speech,1,,P07
5,9,9. I would use this response as my own.,6,,P07
6,1,1. I am in control of what my avatar says,7,,P07
6,2,2. My avatar is just an instrument in the hands of somebody or something else,1,,P07
6,3,3. My avatar's speech just happen without my intention,1,,P07
6,4,4. I am the author of my avatar's speech,7,,P07
6,5,5. Things my avatar says are subject only to my free will,7,,P07
6,6,6. Nothing my avatar says is actually voluntary,1,,P07
6,7,7. My avatar's behavior is planned by me from the very beginning to the very end,1,,P07
6,8,8. I am completely responsible for everything that results from my avatar's speech,7,,P07
6,9,9. I would use this response as my own.,10,,P07
7,1,1. I am in control of what my avatar says,7,,P07
7,2,2. My avatar is just an instrument in the hands of somebody or something else,1,,P07
7,3,3. My avatar's speech just happen without my intention,1,,P07
7,4,4. I am the author of my avatar's speech,7,,P07
7,5,5. Things my avatar says are subject only to my free will,7,,P07
7,6,6. Nothing my avatar says is actually voluntary,1,,P07
7,7,7. My avatar's behavior is planned by me from the very beginning to the very end,1,,P07
7,8,8. I am completely responsible for everything that results from my avatar's speech,7,,P07
7,9,9. I would use this response as my own.,10,,P07
8,1,1. I am in control of what my avatar says,4,,P07
8,2,2. My avatar is just an instrument in the hands of somebody or something else,3,,P07
8,3,3. My avatar's speech just happen without my intention,4,,P07
8,4,4. I am the author of my avatar's speech,3,,P07
8,5,5. Things my avatar says are subject only to my free will,1,,P07
8,6,6. Nothing my avatar says is actually voluntary,3,,P07
8,7,7. My avatar's behavior is planned by me from the very beginning to the very end,1,,P07
8,8,8. I am completely responsible for everything that results from my avatar's speech,1,,P07
8,9,9. I would use this response as my own.,8,,P07
9,1,1. I am in control of what my avatar says,2,,P07
9,2,2. My avatar is just an instrument in the hands of somebody or something else,5,,P07
9,3,3. My avatar's speech just happen without my intention,6,,P07
9,4,4. I am the author of my avatar's speech,1,,P07
9,5,5. Things my avatar says are subject only to my free will,1,,P07
9,6,6. Nothing my avatar says is actually voluntary,5,,P07
9,7,7. My avatar's behavior is planned by me from the very beginning to the very end,1,,P07
9,8,8. I am completely responsible for everything that results from my avatar's speech,1,,P07
9,9,9. I would use this response as my own.,1,,P07
10,1,1. I am in control of what my avatar says,4,,P07
10,2,2. My avatar is just an instrument in the hands of somebody or something else,3,,P07
10,3,3. My avatar's speech just happen without my intention,2,,P07
10,4,4. I am the author of my avatar's speech,5,,P07
10,5,5. Things my avatar says are subject only to my free will,1,,P07
10,6,6. Nothing my avatar says is actually voluntary,2,,P07
10,7,7. My avatar's behavior is planned by me from the very beginning to the very end,1,,P07
10,8,8. I am completely responsible for everything that results from my avatar's speech,1,,P07
10,9,9. I would use this response as my own.,10,,P07
11,1,1. I am in control of what my avatar says,2,,P07
11,2,2. My avatar is just an instrument in the hands of somebody or something else,4,,P07
11,3,3. My avatar's speech just happen without my intention,3,,P07
11,4,4. I am the author of my avatar's speech,3,,P07
11,5,5. Things my avatar says are subject only to my free will,1,,P07
11,6,6. Nothing my avatar says is actually voluntary,5,,P07
11,7,7. My avatar's behavior is planned by me from the very beginning to the very end,1,,P07
11,8,8. I am completely responsible for everything that results from my avatar's speech,1,,P07
11,9,9. I would use this response as my own.,5,,P07
12,1,1. I am in control of what my avatar says,1,,P07
12,2,2. My avatar is just an instrument in the hands of somebody or something else,6,,P07
12,3,3. My avatar's speech just happen without my intention,7,,P07
12,4,4. I am the author of my avatar's speech,1,,P07
12,5,5. Things my avatar says are subject only to my free will,1,,P07
12,6,6. Nothing my avatar says is actually voluntary,7,,P07
12,7,7. My avatar's behavior is planned by me from the very beginning to the very end,1,,P07
12,8,8. I am completely responsible for everything that results from my avatar's speech,1,,P07
12,9,9. I would use this response as my own.,1,,P07
