trial,question_index,question_text,answer_index,answer_text,pp,condition,voice_id,scene_id
1,1,1. I am in control of what my avatar says,7,,P19,repeat,robotic,7
1,2,2. My avatar is just an instrument in the hands of somebody or something else,5,,P19,repeat,robotic,7
1,3,3. My avatar's speech just happen without my intention,4,,P19,repeat,robotic,7
1,4,4. I am the author of my avatar's speech,7,,P19,repeat,robotic,7
1,5,5. Things my avatar says are subject only to my free will,3,,P19,repeat,robotic,7
1,6,6. Nothing my avatar says is actually voluntary,7,,P19,repeat,robotic,7
1,7,7. My avatar's behavior is planned by me from the very beginning to the very end,2,,P19,repeat,robotic,7
1,8,8. I am completely responsible for everything that results from my avatar's speech,2,,P19,repeat,robotic,7
1,9,9. I would use this response as my own.,8,,P19,repeat,robotic,7
2,1,1. I am in control of what my avatar says,1,,P19,enhance,robotic,9
2,2,2. My avatar is just an instrument in the hands of somebody or something else,5,,P19,enhance,robotic,9
2,3,3. My avatar's speech just happen without my intention,7,,P19,enhance,robotic,9
2,4,4. I am the author of my avatar's speech,1,,P19,enhance,robotic,9
2,5,5. Things my avatar says are subject only to my free will,1,,P19,enhance,robotic,9
2,6,6. Nothing my avatar says is actually voluntary,7,,P19,enhance,robotic,9
2,7,7. My avatar's behavior is planned by me from the very beginning to the very end,1,,P19,enhance,robotic,9
2,8,8. I am completely responsible for everything that results from my avatar's speech,1,,P19,enhance,robotic,9
2,9,9. I would use this response as my own.,6,,P19,enhance,robotic,9
3,1,1. I am in control of what my avatar says,1,,P19,counter,robotic,11
3,2,2. My avatar is just an instrument in the hands of somebody or something else,7,,P19,counter,robotic,11
3,3,3. My avatar's speech just happen without my intention,5,,P19,counter,robotic,11
3,4,4. I am the author of my avatar's speech,1,,P19,counter,robotic,11
3,5,5. Things my avatar says are subject only to my free will,1,,P19,counter,robotic,11
3,6,6. Nothing my avatar says is actually voluntary,5,,P19,counter,robotic,11
3,7,7. My avatar's behavior is planned by me from the very beginning to the very end,1,,P19,counter,robotic,11
3,8,8. I am completely responsible for everything that results from my avatar's speech,1,,P19,counter,robotic,11
3,9,9. I would use this response as my own.,1,,P19,counter,robotic,11
4,1,1. I am in control of what my avatar says,2,,P19,repeat,robotic,1
4,2,2. My avatar is just an instrument in the hands of somebody or something else,6,,P19,repeat,robotic,1
4,3,3. My avatar's speech just happen without my intention,5,,P19,repeat,robotic,1
4,4,4. I am the author of my avatar's speech,2,,P19,repeat,robotic,1
4,5,5. Things my avatar says are subject only to my free will,2,,P19,repeat,robotic,1
4,6,6. Nothing my avatar says is actually voluntary,5,,P19,repeat,robotic,1
4,7,7. My avatar's behavior is planned by me from the very beginning to the very end,1,,P19,repeat,robotic,1
4,8,8. I am completely responsible for everything that results from my avatar's speech,1,,P19,repeat,robotic,1
4,9,9. I would use this response as my own.,7,,P19,repeat,robotic,1
5,1,1. I am in control of what my avatar says,2,,P19,enhance,robotic,3
5,2,2. My avatar is just an instrument in the hands of somebody or something else,6,,P19,enhance,robotic,3
5,3,3. My avatar's speech just happen without my intention,5,,P19,enhance,robotic,3
5,4,4. I am the author of my avatar's speech,2,,P19,enhance,robotic,3
5,5,5. Things my avatar says are subject only to my free will,2,,P19,enhance,robotic,3
5,6,6. Nothing my avatar says is actually voluntary,5,,P19,enhance,robotic,3
5,7,7. My avatar's behavior is planned by me from the very beginning to the very end,1,,P19,enhance,robotic,3
5,8,8. I am completely responsible for everything that results from my avatar's speech,1,,P19,enhance,robotic,3
5,9,9. I would use this response as my own.,7,,P19,enhance,robotic,3
6,1,1. I am in control of what my avatar says,2,,P19,counter,robotic,5
6,2,2. My avatar is just an instrument in the hands of somebody or something else,6,,P19,counter,robotic,5
6,3,3. My avatar's speech just happen without my intention,5,,P19,counter,robotic,5
6,4,4. I am the author of my avatar's speech,2,,P19,counter,robotic,5
6,5,5. Things my avatar says are subject only to my free will,2,,P19,counter,robotic,5
6,6,6. Nothing my avatar says is actually voluntary,5,,P19,counter,robotic,5
6,7,7. My avatar's behavior is planned by me from the very beginning to the very end,1,,P19,counter,robotic,5
6,8,8. I am completely responsible for everything that results from my avatar's speech,1,,P19,counter,robotic,5
6,9,9. I would use this response as my own.,3,,P19,counter,robotic,5
7,1,1. I am in control of what my avatar says,2,,P19,counter,clone,8
7,2,2. My avatar is just an instrument in the hands of somebody or something else,6,,P19,counter,clone,8
7,3,3. My avatar's speech just happen without my intention,7,,P19,counter,clone,8
7,4,4. I am the author of my avatar's speech,1,,P19,counter,clone,8
7,5,5. Things my avatar says are subject only to my free will,1,,P19,counter,clone,8
7,6,6. Nothing my avatar says is actually voluntary,6,,P19,counter,clone,8
7,7,7. My avatar's behavior is planned by me from the very beginning to the very end,1,,P19,counter,clone,8
7,8,8. I am completely responsible for everything that results from my avatar's speech,1,,P19,counter,clone,8
7,9,9. I would use this response as my own.,2,,P19,counter,clone,8
8,1,1. I am in control of what my avatar says,1,,P19,enhance,clone,10
8,2,2. My avatar is just an instrument in the hands of somebody or something else,6,,P19,enhance,clone,10
8,3,3. My avatar's speech just happen without my intention,5,,P19,enhance,clone,10
8,4,4. I am the author of my avatar's speech,2,,P19,enhance,clone,10
8,5,5. Things my avatar says are subject only to my free will,1,,P19,enhance,clone,10
8,6,6. Nothing my avatar says is actually voluntary,6,,P19,enhance,clone,10
8,7,7. My avatar's behavior is planned by me from the very beginning to the very end,1,,P19,enhance,clone,10
8,8,8. I am completely responsible for everything that results from my avatar's speech,1,,P19,enhance,clone,10
8,9,9. I would use this response as my own.,7,,P19,enhance,clone,10
9,1,1. I am in control of what my avatar says,1,,P19,repeat,clone,12
9,2,2. My avatar is just an instrument in the hands of somebody or something else,1,,P19,repeat,clone,12
9,3,3. My avatar's speech just happen without my intention,5,,P19,repeat,clone,12
9,4,4. I am the author of my avatar's speech,2,,P19,repeat,clone,12
9,5,5. Things my avatar says are subject only to my free will,1,,P19,repeat,clone,12
9,6,6. Nothing my avatar says is actually voluntary,5,,P19,repeat,clone,12
9,7,7. My avatar's behavior is planned by me from the very beginning to the very end,1,,P19,repeat,clone,12
9,8,8. I am completely responsible for everything that results from my avatar's speech,1,,P19,repeat,clone,12
9,9,9. I would use this response as my own.,6,,P19,repeat,clone,12
10,1,1. I am in control of what my avatar says,1,,P19,counter,clone,2
10,2,2. My avatar is just an instrument in the hands of somebody or something else,1,,P19,counter,clone,2
10,3,3. My avatar's speech just happen without my intention,5,,P19,counter,clone,2
10,4,4. I am the author of my avatar's speech,1,,P19,counter,clone,2
10,5,5. Things my avatar says are subject only to my free will,1,,P19,counter,clone,2
10,6,6. Nothing my avatar says is actually voluntary,7,,P19,counter,clone,2
10,7,7. My avatar's behavior is planned by me from the very beginning to the very end,1,,P19,counter,clone,2
10,8,8. I am completely responsible for everything that results from my avatar's speech,1,,P19,counter,clone,2
10,9,9. I would use this response as my own.,1,,P19,counter,clone,2
11,1,1. I am in control of what my avatar says,1,,P19,enhance,clone,4
11,2,2. My avatar is just an instrument in the hands of somebody or something else,1,,P19,enhance,clone,4
11,3,3. My avatar's speech just happen without my intention,6,,P19,enhance,clone,4
11,4,4. I am the author of my avatar's speech,2,,P19,enhance,clone,4
11,5,5. Things my avatar says are subject only to my free will,1,,P19,enhance,clone,4
11,6,6. Nothing my avatar says is actually voluntary,5,,P19,enhance,clone,4
11,7,7. My avatar's behavior is planned by me from the very beginning to the very end,1,,P19,enhance,clone,4
11,8,8. I am completely responsible for everything that results from my avatar's speech,1,,P19,enhance,clone,4
11,9,9. I would use this response as my own.,8,,P19,enhance,clone,4
12,1,1. I am in control of what my avatar says,1,,P19,repeat,clone,6
12,2,2. My avatar is just an instrument in the hands of somebody or something else,1,,P19,repeat,clone,6
12,3,3. My avatar's speech just happen without my intention,5,,P19,repeat,clone,6
12,4,4. I am the author of my avatar's speech,2,,P19,repeat,clone,6
12,5,5. Things my avatar says are subject only to my free will,1,,P19,repeat,clone,6
12,6,6. Nothing my avatar says is actually voluntary,1,,P19,repeat,clone,6
12,7,7. My avatar's behavior is planned by me from the very beginning to the very end,1,,P19,repeat,clone,6
12,8,8. I am completely responsible for everything that results from my avatar's speech,1,,P19,repeat,clone,6
12,9,9. I would use this response as my own.,5,,P19,repeat,clone,6
1,1,1. I am in control of what my avatar says,1,,P26,enhance,clone,3
1,2,2. My avatar is just an instrument in the hands of somebody or something else,3,,P26,enhance,clone,3
1,3,3. My avatar's speech just happen without my intention,7,,P26,enhance,clone,3
1,4,4. I am the author of my avatar's speech,1,,P26,enhance,clone,3
1,5,5. Things my avatar says are subject only to my free will,2,,P26,enhance,clone,3
1,6,6. Nothing my avatar says is actually voluntary,2,,P26,enhance,clone,3
1,7,7. My avatar's behavior is planned by me from the very beginning to the very end,2,,P26,enhance,clone,3
1,8,8. I am completely responsible for everything that results from my avatar's speech,3,,P26,enhance,clone,3
1,9,9. I would use this response as my own.,6,,P26,enhance,clone,3
2,1,1. I am in control of what my avatar says,3,,P26,counter,clone,5
2,2,2. My avatar is just an instrument in the hands of somebody or something else,4,,P26,counter,clone,5
2,3,3. My avatar's speech just happen without my intention,2,,P26,counter,clone,5
2,4,4. I am the author of my avatar's speech,2,,P26,counter,clone,5
2,5,5. Things my avatar says are subject only to my free will,3,,P26,counter,clone,5
2,6,6. Nothing my avatar says is actually voluntary,4,,P26,counter,clone,5
2,7,7. My avatar's behavior is planned by me from the very beginning to the very end,1,,P26,counter,clone,5
2,8,8. I am completely responsible for everything that results from my avatar's speech,2,,P26,counter,clone,5
2,9,9. I would use this response as my own.,6,,P26,counter,clone,5
3,1,1. I am in control of what my avatar says,1,,P26,repeat,clone,7
3,2,2. My avatar is just an instrument in the hands of somebody or something else,4,,P26,repeat,clone,7
3,3,3. My avatar's speech just happen without my intention,7,,P26,repeat,clone,7
3,4,4. I am the author of my avatar's speech,1,,P26,repeat,clone,7
3,5,5. Things my avatar says are subject only to my free will,2,,P26,repeat,clone,7
3,6,6. Nothing my avatar says is actually voluntary,3,,P26,repeat,clone,7
3,7,7. My avatar's behavior is planned by me from the very beginning to the very end,2,,P26,repeat,clone,7
3,8,8. I am completely responsible for everything that results from my avatar's speech,2,,P26,repeat,clone,7
3,9,9. I would use this response as my own.,1,,P26,repeat,clone,7
4,1,1. I am in control of what my avatar says,5,,P26,enhance,clone,9
4,2,2. My avatar is just an instrument in the hands of somebody or something else,3,,P26,enhance,clone,9
4,3,3. My avatar's speech just happen without my intention,3,,P26,enhance,clone,9
4,4,4. I am the author of my avatar's speech,4,,P26,enhance,clone,9
4,5,5. Things my avatar says are subject only to my free will,3,,P26,enhance,clone,9
4,6,6. Nothing my avatar says is actually voluntary,3,,P26,enhance,clone,9
4,7,7. My avatar's behavior is planned by me from the very beginning to the very end,2,,P26,enhance,clone,9
4,8,8. I am completely responsible for everything that results from my avatar's speech,4,,P26,enhance,clone,9
4,9,9. I would use this response as my own.,9,,P26,enhance,clone,9
5,1,1. I am in control of what my avatar says,1,,P26,counter,clone,11
5,2,2. My avatar is just an instrument in the hands of somebody or something else,5,,P26,counter,clone,11
5,3,3. My avatar's speech just happen without my intention,5,,P26,counter,clone,11
5,4,4. I am the author of my avatar's speech,1,,P26,counter,clone,11
5,5,5. Things my avatar says are subject only to my free will,1,,P26,counter,clone,11
5,6,6. Nothing my avatar says is actually voluntary,6,,P26,counter,clone,11
5,7,7. My avatar's behavior is planned by me from the very beginning to the very end,2,,P26,counter,clone,11
5,8,8. I am completely responsible for everything that results from my avatar's speech,1,,P26,counter,clone,11
5,9,9. I would use this response as my own.,1,,P26,counter,clone,11
6,1,1. I am in control of what my avatar says,4,,P26,repeat,clone,1
6,2,2. My avatar is just an instrument in the hands of somebody or something else,4,,P26,repeat,clone,1
6,3,3. My avatar's speech just happen without my intention,4,,P26,repeat,clone,1
6,4,4. I am the author of my avatar's speech,6,,P26,repeat,clone,1
6,5,5. Things my avatar says are subject only to my free will,4,,P26,repeat,clone,1
6,6,6. Nothing my avatar says is actually voluntary,4,,P26,repeat,clone,1
6,7,7. My avatar's behavior is planned by me from the very beginning to the very end,2,,P26,repeat,clone,1
6,8,8. I am completely responsible for everything that results from my avatar's speech,2,,P26,repeat,clone,1
6,9,9. I would use this response as my own.,8,,P26,repeat,clone,1
7,1,1. I am in control of what my avatar says,4,,P26,repeat,robotic,4
7,2,2. My avatar is just an instrument in the hands of somebody or something else,6,,P26,repeat,robotic,4
7,3,3. My avatar's speech just happen without my intention,5,,P26,repeat,robotic,4
7,4,4. I am the author of my avatar's speech,7,,P26,repeat,robotic,4
7,5,5. Things my avatar says are subject only to my free will,2,,P26,repeat,robotic,4
7,6,6. Nothing my avatar says is actually voluntary,5,,P26,repeat,robotic,4
7,7,7. My avatar's behavior is planned by me from the very beginning to the very end,2,,P26,repeat,robotic,4
7,8,8. I am completely responsible for everything that results from my avatar's speech,1,,P26,repeat,robotic,4
7,9,9. I would use this response as my own.,10,,P26,repeat,robotic,4
8,1,1. I am in control of what my avatar says,6,,P26,counter,robotic,6
8,2,2. My avatar is just an instrument in the hands of somebody or something else,6,,P26,counter,robotic,6
8,3,3. My avatar's speech just happen without my intention,5,,P26,counter,robotic,6
8,4,4. I am the author of my avatar's speech,2,,P26,counter,robotic,6
8,5,5. Things my avatar says are subject only to my free will,2,,P26,counter,robotic,6
8,6,6. Nothing my avatar says is actually voluntary,3,,P26,counter,robotic,6
8,7,7. My avatar's behavior is planned by me from the very beginning to the very end,2,,P26,counter,robotic,6
8,8,8. I am completely responsible for everything that results from my avatar's speech,1,,P26,counter,robotic,6
8,9,9. I would use this response as my own.,5,,P26,counter,robotic,6
9,1,1. I am in control of what my avatar says,1,,P26,enhance,robotic,8
9,2,2. My avatar is just an instrument in the hands of somebody or something else,5,,P26,enhance,robotic,8
9,3,3. My avatar's speech just happen without my intention,4,,P26,enhance,robotic,8
9,4,4. I am the author of my avatar's speech,4,,P26,enhance,robotic,8
9,5,5. Things my avatar says are subject only to my free will,2,,P26,enhance,robotic,8
9,6,6. Nothing my avatar says is actually voluntary,5,,P26,enhance,robotic,8
9,7,7. My avatar's behavior is planned by me from the very beginning to the very end,1,,P26,enhance,robotic,8
9,8,8. I am completely responsible for everything that results from my avatar's speech,1,,P26,enhance,robotic,8
9,9,9. I would use this response as my own.,10,,P26,enhance,robotic,8
10,1,1. I am in control of what my avatar says,3,,P26,repeat,robotic,10
10,2,2. My avatar is just an instrument in the hands of somebody or something else,6,,P26,repeat,robotic,10
10,3,3. My avatar's speech just happen without my intention,4,,P26,repeat,robotic,10
10,4,4. I am the author of my avatar's speech,7,,P26,repeat,robotic,10
10,5,5. Things my avatar says are subject only to my free will,2,,P26,repeat,robotic,10
10,6,6. Nothing my avatar says is actually voluntary,5,,P26,repeat,robotic,10
10,7,7. My avatar's behavior is planned by me from the very beginning to the very end,2,,P26,repeat,robotic,10
10,8,8. I am completely responsible for everything that results from my avatar's speech,1,,P26,repeat,robotic,10
10,9,9. I would use this response as my own.,10,,P26,repeat,robotic,10
11,1,1. I am in control of what my avatar says,2,,P26,counter,robotic,12
11,2,2. My avatar is just an instrument in the hands of somebody or something else,5,,P26,counter,robotic,12
11,3,3. My avatar's speech just happen without my intention,5,,P26,counter,robotic,12
11,4,4. I am the author of my avatar's speech,1,,P26,counter,robotic,12
11,5,5. Things my avatar says are subject only to my free will,1,,P26,counter,robotic,12
11,6,6. Nothing my avatar says is actually voluntary,2,,P26,counter,robotic,12
11,7,7. My avatar's behavior is planned by me from the very beginning to the very end,2,,P26,counter,robotic,12
11,8,8. I am completely responsible for everything that results from my avatar's speech,1,,P26,counter,robotic,12
11,9,9. I would use this response as my own.,1,,P26,counter,robotic,12
12,1,1. I am in control of what my avatar says,1,,P26,enhance,robotic,2
12,2,2. My avatar is just an instrument in the hands of somebody or something else,5,,P26,enhance,robotic,2
12,3,3. My avatar's speech just happen without my intention,5,,P26,enhance,robotic,2
12,4,4. I am the author of my avatar's speech,2,,P26,enhance,robotic,2
12,5,5. Things my avatar says are subject only to my free will,2,,P26,enhance,robotic,2
12,6,6. Nothing my avatar says is actually voluntary,3,,P26,enhance,robotic,2
12,7,7. My avatar's behavior is planned by me from the very beginning to the very end,2,,P26,enhance,robotic,2
12,8,8. I am completely responsible for everything that results from my avatar's speech,1,,P26,enhance,robotic,2
12,9,9. I would use this response as my own.,10,,P26,enhance,robotic,2
1,1,1. I am in control of what my avatar says,7,,P21,enhance,robotic,9
1,2,2. My avatar is just an instrument in the hands of somebody or something else,2,,P21,enhance,robotic,9
1,3,3. My avatar's speech just happen without my intention,1,,P21,enhance,robotic,9
1,4,4. I am the author of my avatar's speech,7,,P21,enhance,robotic,9
1,5,5. Things my avatar says are subject only to my free will,7,,P21,enhance,robotic,9
1,6,6. Nothing my avatar says is actually voluntary,7,,P21,enhance,robotic,9
1,7,7. My avatar's behavior is planned by me from the very beginning to the very end,7,,P21,enhance,robotic,9
1,8,8. I am completely responsible for everything that results from my avatar's speech,7,,P21,enhance,robotic,9
1,9,9. I would use this response as my own.,10,,P21,enhance,robotic,9
2,1,1. I am in control of what my avatar says,5,,P21,counter,robotic,11
2,2,2. My avatar is just an instrument in the hands of somebody or something else,5,,P21,counter,robotic,11
2,3,3. My avatar's speech just happen without my intention,5,,P21,counter,robotic,11
2,4,4. I am the author of my avatar's speech,4,,P21,counter,robotic,11
2,5,5. Things my avatar says are subject only to my free will,4,,P21,counter,robotic,11
2,6,6. Nothing my avatar says is actually voluntary,4,,P21,counter,robotic,11
2,7,7. My avatar's behavior is planned by me from the very beginning to the very end,3,,P21,counter,robotic,11
2,8,8. I am completely responsible for everything that results from my avatar's speech,3,,P21,counter,robotic,11
2,9,9. I would use this response as my own.,4,,P21,counter,robotic,11
3,1,1. I am in control of what my avatar says,6,,P21,repeat,robotic,1
3,2,2. My avatar is just an instrument in the hands of somebody or something else,4,,P21,repeat,robotic,1
3,3,3. My avatar's speech just happen without my intention,1,,P21,repeat,robotic,1
3,4,4. I am the author of my avatar's speech,7,,P21,repeat,robotic,1
3,5,5. Things my avatar says are subject only to my free will,7,,P21,repeat,robotic,1
3,6,6. Nothing my avatar says is actually voluntary,7,,P21,repeat,robotic,1
3,7,7. My avatar's behavior is planned by me from the very beginning to the very end,7,,P21,repeat,robotic,1
3,8,8. I am completely responsible for everything that results from my avatar's speech,7,,P21,repeat,robotic,1
3,9,9. I would use this response as my own.,10,,P21,repeat,robotic,1
4,1,1. I am in control of what my avatar says,5,,P21,enhance,robotic,3
4,2,2. My avatar is just an instrument in the hands of somebody or something else,4,,P21,enhance,robotic,3
4,3,3. My avatar's speech just happen without my intention,4,,P21,enhance,robotic,3
4,4,4. I am the author of my avatar's speech,6,,P21,enhance,robotic,3
4,5,5. Things my avatar says are subject only to my free will,7,,P21,enhance,robotic,3
4,6,6. Nothing my avatar says is actually voluntary,5,,P21,enhance,robotic,3
4,7,7. My avatar's behavior is planned by me from the very beginning to the very end,5,,P21,enhance,robotic,3
4,8,8. I am completely responsible for everything that results from my avatar's speech,6,,P21,enhance,robotic,3
4,9,9. I would use this response as my own.,10,,P21,enhance,robotic,3
5,1,1. I am in control of what my avatar says,2,,P21,counter,robotic,5
5,2,2. My avatar is just an instrument in the hands of somebody or something else,4,,P21,counter,robotic,5
5,3,3. My avatar's speech just happen without my intention,4,,P21,counter,robotic,5
5,4,4. I am the author of my avatar's speech,1,,P21,counter,robotic,5
5,5,5. Things my avatar says are subject only to my free will,1,,P21,counter,robotic,5
5,6,6. Nothing my avatar says is actually voluntary,1,,P21,counter,robotic,5
5,7,7. My avatar's behavior is planned by me from the very beginning to the very end,1,,P21,counter,robotic,5
5,8,8. I am completely responsible for everything that results from my avatar's speech,1,,P21,counter,robotic,5
5,9,9. I would use this response as my own.,1,,P21,counter,robotic,5
6,1,1. I am in control of what my avatar says,7,,P21,repeat,robotic,7
6,2,2. My avatar is just an instrument in the hands of somebody or something else,4,,P21,repeat,robotic,7
6,3,3. My avatar's speech just happen without my intention,4,,P21,repeat,robotic,7
6,4,4. I am the author of my avatar's speech,7,,P21,repeat,robotic,7
6,5,5. Things my avatar says are subject only to my free will,7,,P21,repeat,robotic,7
6,6,6. Nothing my avatar says is actually voluntary,7,,P21,repeat,robotic,7
6,7,7. My avatar's behavior is planned by me from the very beginning to the very end,7,,P21,repeat,robotic,7
6,8,8. I am completely responsible for everything that results from my avatar's speech,7,,P21,repeat,robotic,7
6,9,9. I would use this response as my own.,10,,P21,repeat,robotic,7
7,1,1. I am in control of what my avatar says,7,,P21,repeat,clone,10
7,2,2. My avatar is just an instrument in the hands of somebody or something else,3,,P21,repeat,clone,10
7,3,3. My avatar's speech just happen without my intention,3,,P21,repeat,clone,10
7,4,4. I am the author of my avatar's speech,7,,P21,repeat,clone,10
7,5,5. Things my avatar says are subject only to my free will,7,,P21,repeat,clone,10
7,6,6. Nothing my avatar says is actually voluntary,7,,P21,repeat,clone,10
7,7,7. My avatar's behavior is planned by me from the very beginning to the very end,7,,P21,repeat,clone,10
7,8,8. I am completely responsible for everything that results from my avatar's speech,7,,P21,repeat,clone,10
7,9,9. I would use this response as my own.,10,,P21,repeat,clone,10
8,1,1. I am in control of what my avatar says,2,,P21,counter,clone,12
8,2,2. My avatar is just an instrument in the hands of somebody or something else,6,,P21,counter,clone,12
8,3,3. My avatar's speech just happen without my intention,4,,P21,counter,clone,12
8,4,4. I am the author of my avatar's speech,2,,P21,counter,clone,12
8,5,5. Things my avatar says are subject only to my free will,2,,P21,counter,clone,12
8,6,6. Nothing my avatar says is actually voluntary,1,,P21,counter,clone,12
8,7,7. My avatar's behavior is planned by me from the very beginning to the very end,1,,P21,counter,clone,12
8,8,8. I am completely responsible for everything that results from my avatar's speech,1,,P21,counter,clone,12
8,9,9. I would use this response as my own.,1,,P21,counter,clone,12
9,1,1. I am in control of what my avatar says,3,,P21,enhance,clone,2
9,2,2. My avatar is just an instrument in the hands of somebody or something else,4,,P21,enhance,clone,2
9,3,3. My avatar's speech just happen without my intention,4,,P21,enhance,clone,2
9,4,4. I am the author of my avatar's speech,4,,P21,enhance,clone,2
9,5,5. Things my avatar says are subject only to my free will,4,,P21,enhance,clone,2
9,6,6. Nothing my avatar says is actually voluntary,3,,P21,enhance,clone,2
9,7,7. My avatar's behavior is planned by me from the very beginning to the very end,3,,P21,enhance,clone,2
9,8,8. I am completely responsible for everything that results from my avatar's speech,3,,P21,enhance,clone,2
9,9,9. I would use this response as my own.,9,,P21,enhance,clone,2
10,1,1. I am in control of what my avatar says,7,,P21,repeat,clone,4
10,2,2. My avatar is just an instrument in the hands of somebody or something else,4,,P21,repeat,clone,4
10,3,3. My avatar's speech just happen without my intention,4,,P21,repeat,clone,4
10,4,4. I am the author of my avatar's speech,7,,P21,repeat,clone,4
10,5,5. Things my avatar says are subject only to my free will,7,,P21,repeat,clone,4
10,6,6. Nothing my avatar says is actually voluntary,7,,P21,repeat,clone,4
10,7,7. My avatar's behavior is planned by me from the very beginning to the very end,7,,P21,repeat,clone,4
10,8,8. I am completely responsible for everything that results from my avatar's speech,7,,P21,repeat,clone,4
10,9,9. I would use this response as my own.,10,,P21,repeat,clone,4
11,1,1. I am in control of what my avatar says,1,,P21,counter,clone,6
11,2,2. My avatar is just an instrument in the hands of somebody or something else,5,,P21,counter,clone,6
11,3,3. My avatar's speech just happen without my intention,4,,P21,counter,clone,6
11,4,4. I am the author of my avatar's speech,2,,P21,counter,clone,6
11,5,5. Things my avatar says are subject only to my free will,2,,P21,counter,clone,6
11,6,6. Nothing my avatar says is actually voluntary,2,,P21,counter,clone,6
11,7,7. My avatar's behavior is planned by me from the very beginning to the very end,2,,P21,counter,clone,6
11,8,8. I am completely responsible for everything that results from my avatar's speech,2,,P21,counter,clone,6
11,9,9. I would use this response as my own.,2,,P21,counter,clone,6
12,1,1. I am in control of what my avatar says,5,,P21,enhance,clone,8
12,2,2. My avatar is just an instrument in the hands of somebody or something else,5,,P21,enhance,clone,8
12,3,3. My avatar's speech just happen without my intention,4,,P21,enhance,clone,8
12,4,4. I am the author of my avatar's speech,3,,P21,enhance,clone,8
12,5,5. Things my avatar says are subject only to my free will,4,,P21,enhance,clone,8
12,6,6. Nothing my avatar says is actually voluntary,4,,P21,enhance,clone,8
12,7,7. My avatar's behavior is planned by me from the very beginning to the very end,3,,P21,enhance,clone,8
12,8,8. I am completely responsible for everything that results from my avatar's speech,4,,P21,enhance,clone,8
12,9,9. I would use this response as my own.,8,,P21,enhance,clone,8
1,1,1. I am in control of what my avatar says,2,,P28,counter,clone,7
1,2,2. My avatar is just an instrument in the hands of somebody or something else,6,,P28,counter,clone,7
1,3,3. My avatar's speech just happen without my intention,2,,P28,counter,clone,7
1,4,4. I am the author of my avatar's speech,2,,P28,counter,clone,7
1,5,5. Things my avatar says are subject only to my free will,2,,P28,counter,clone,7
1,6,6. Nothing my avatar says is actually voluntary,6,,P28,counter,clone,7
1,7,7. My avatar's behavior is planned by me from the very beginning to the very end,2,,P28,counter,clone,7
1,8,8. I am completely responsible for everything that results from my avatar's speech,2,,P28,counter,clone,7
1,9,9. I would use this response as my own.,4,,P28,counter,clone,7
2,1,1. I am in control of what my avatar says,4,,P28,enhance,clone,9
2,2,2. My avatar is just an instrument in the hands of somebody or something else,5,,P28,enhance,clone,9
2,3,3. My avatar's speech just happen without my intention,5,,P28,enhance,clone,9
2,4,4. I am the author of my avatar's speech,3,,P28,enhance,clone,9
2,5,5. Things my avatar says are subject only to my free will,3,,P28,enhance,clone,9
2,6,6. Nothing my avatar says is actually voluntary,5,,P28,enhance,clone,9
2,7,7. My avatar's behavior is planned by me from the very beginning to the very end,4,,P28,enhance,clone,9
2,8,8. I am completely responsible for everything that results from my avatar's speech,3,,P28,enhance,clone,9
2,9,9. I would use this response as my own.,6,,P28,enhance,clone,9
3,1,1. I am in control of what my avatar says,6,,P28,repeat,clone,11
3,2,2. My avatar is just an instrument in the hands of somebody or something else,2,,P28,repeat,clone,11
3,3,3. My avatar's speech just happen without my intention,2,,P28,repeat,clone,11
3,4,4. I am the author of my avatar's speech,6,,P28,repeat,clone,11
3,5,5. Things my avatar says are subject only to my free will,5,,P28,repeat,clone,11
3,6,6. Nothing my avatar says is actually voluntary,2,,P28,repeat,clone,11
3,7,7. My avatar's behavior is planned by me from the very beginning to the very end,6,,P28,repeat,clone,11
3,8,8. I am completely responsible for everything that results from my avatar's speech,5,,P28,repeat,clone,11
3,9,9. I would use this response as my own.,10,,P28,repeat,clone,11
4,1,1. I am in control of what my avatar says,6,,P28,counter,clone,1
4,2,2. My avatar is just an instrument in the hands of somebody or something else,2,,P28,counter,clone,1
4,3,3. My avatar's speech just happen without my intention,2,,P28,counter,clone,1
4,4,4. I am the author of my avatar's speech,6,,P28,counter,clone,1
4,5,5. Things my avatar says are subject only to my free will,6,,P28,counter,clone,1
4,6,6. Nothing my avatar says is actually voluntary,2,,P28,counter,clone,1
4,7,7. My avatar's behavior is planned by me from the very beginning to the very end,6,,P28,counter,clone,1
4,8,8. I am completely responsible for everything that results from my avatar's speech,5,,P28,counter,clone,1
4,9,9. I would use this response as my own.,10,,P28,counter,clone,1
5,1,1. I am in control of what my avatar says,7,,P28,enhance,clone,3
5,2,2. My avatar is just an instrument in the hands of somebody or something else,1,,P28,enhance,clone,3
5,3,3. My avatar's speech just happen without my intention,2,,P28,enhance,clone,3
5,4,4. I am the author of my avatar's speech,6,,P28,enhance,clone,3
5,5,5. Things my avatar says are subject only to my free will,5,,P28,enhance,clone,3
5,6,6. Nothing my avatar says is actually voluntary,2,,P28,enhance,clone,3
5,7,7. My avatar's behavior is planned by me from the very beginning to the very end,6,,P28,enhance,clone,3
5,8,8. I am completely responsible for everything that results from my avatar's speech,5,,P28,enhance,clone,3
5,9,9. I would use this response as my own.,10,,P28,enhance,clone,3
6,1,1. I am in control of what my avatar says,7,,P28,repeat,clone,5
6,2,2. My avatar is just an instrument in the hands of somebody or something else,2,,P28,repeat,clone,5
6,3,3. My avatar's speech just happen without my intention,2,,P28,repeat,clone,5
6,4,4. I am the author of my avatar's speech,7,,P28,repeat,clone,5
6,5,5. Things my avatar says are subject only to my free will,6,,P28,repeat,clone,5
6,6,6. Nothing my avatar says is actually voluntary,6,,P28,repeat,clone,5
6,7,7. My avatar's behavior is planned by me from the very beginning to the very end,7,,P28,repeat,clone,5
6,8,8. I am completely responsible for everything that results from my avatar's speech,5,,P28,repeat,clone,5
6,9,9. I would use this response as my own.,10,,P28,repeat,clone,5
7,1,1. I am in control of what my avatar says,7,,P28,repeat,robotic,8
7,2,2. My avatar is just an instrument in the hands of somebody or something else,2,,P28,repeat,robotic,8
7,3,3. My avatar's speech just happen without my intention,1,,P28,repeat,robotic,8
7,4,4. I am the author of my avatar's speech,7,,P28,repeat,robotic,8
7,5,5. Things my avatar says are subject only to my free will,6,,P28,repeat,robotic,8
7,6,6. Nothing my avatar says is actually voluntary,6,,P28,repeat,robotic,8
7,7,7. My avatar's behavior is planned by me from the very beginning to the very end,7,,P28,repeat,robotic,8
7,8,8. I am completely responsible for everything that results from my avatar's speech,5,,P28,repeat,robotic,8
7,9,9. I would use this response as my own.,10,,P28,repeat,robotic,8
8,1,1. I am in control of what my avatar says,5,,P28,enhance,robotic,10
8,2,2. My avatar is just an instrument in the hands of somebody or something else,5,,P28,enhance,robotic,10
8,3,3. My avatar's speech just happen without my intention,5,,P28,enhance,robotic,10
8,4,4. I am the author of my avatar's speech,4,,P28,enhance,robotic,10
8,5,5. Things my avatar says are subject only to my free will,3,,P28,enhance,robotic,10
8,6,6. Nothing my avatar says is actually voluntary,5,,P28,enhance,robotic,10
8,7,7. My avatar's behavior is planned by me from the very beginning to the very end,5,,P28,enhance,robotic,10
8,8,8. I am completely responsible for everything that results from my avatar's speech,2,,P28,enhance,robotic,10
8,9,9. I would use this response as my own.,8,,P28,enhance,robotic,10
9,1,1. I am in control of what my avatar says,1,,P28,counter,robotic,12
9,2,2. My avatar is just an instrument in the hands of somebody or something else,7,,P28,counter,robotic,12
9,3,3. My avatar's speech just happen without my intention,7,,P28,counter,robotic,12
9,4,4. I am the author of my avatar's speech,1,,P28,counter,robotic,12
9,5,5. Things my avatar says are subject only to my free will,1,,P28,counter,robotic,12
9,6,6. Nothing my avatar says is actually voluntary,7,,P28,counter,robotic,12
9,7,7. My avatar's behavior is planned by me from the very beginning to the very end,1,,P28,counter,robotic,12
9,8,8. I am completely responsible for everything that results from my avatar's speech,1,,P28,counter,robotic,12
9,9,9. I would use this response as my own.,1,,P28,counter,robotic,12
10,1,1. I am in control of what my avatar says,7,,P28,repeat,robotic,2
10,2,2. My avatar is just an instrument in the hands of somebody or something else,1,,P28,repeat,robotic,2
10,3,3. My avatar's speech just happen without my intention,1,,P28,repeat,robotic,2
10,4,4. I am the author of my avatar's speech,7,,P28,repeat,robotic,2
10,5,5. Things my avatar says are subject only to my free will,6,,P28,repeat,robotic,2
10,6,6. Nothing my avatar says is actually voluntary,5,,P28,repeat,robotic,2
10,7,7. My avatar's behavior is planned by me from the very beginning to the very end,6,,P28,repeat,robotic,2
10,8,8. I am completely responsible for everything that results from my avatar's speech,6,,P28,repeat,robotic,2
10,9,9. I would use this response as my own.,10,,P28,repeat,robotic,2
11,1,1. I am in control of what my avatar says,6,,P28,enhance,robotic,4
11,2,2. My avatar is just an instrument in the hands of somebody or something else,4,,P28,enhance,robotic,4
11,3,3. My avatar's speech just happen without my intention,5,,P28,enhance,robotic,4
11,4,4. I am the author of my avatar's speech,6,,P28,enhance,robotic,4
11,5,5. Things my avatar says are subject only to my free will,1,,P28,enhance,robotic,4
11,6,6. Nothing my avatar says is actually voluntary,3,,P28,enhance,robotic,4
11,7,7. My avatar's behavior is planned by me from the very beginning to the very end,3,,P28,enhance,robotic,4
11,8,8. I am completely responsible for everything that results from my avatar's speech,3,,P28,enhance,robotic,4
11,9,9. I would use this response as my own.,10,,P28,enhance,robotic,4
12,1,1. I am in control of what my avatar says,3,,P28,counter,robotic,6
12,2,2. My avatar is just an instrument in the hands of somebody or something else,3,,P28,counter,robotic,6
12,3,3. My avatar's speech just happen without my intention,5,,P28,counter,robotic,6
12,4,4. I am the author of my avatar's speech,5,,P28,counter,robotic,6
12,5,5. Things my avatar says are subject only to my free will,1,,P28,counter,robotic,6
12,6,6. Nothing my avatar says is actually voluntary,3,,P28,counter,robotic,6
12,7,7. My avatar's behavior is planned by me from the very beginning to the very end,5,,P28,counter,robotic,6
12,8,8. I am completely responsible for everything that results from my avatar's speech,2,,P28,counter,robotic,6
12,9,9. I would use this response as my own.,10,,P28,counter,robotic,6
1,1,1. I am in control of what my avatar says,6,,P17,enhance,robotic,5
1,2,2. My avatar is just an instrument in the hands of somebody or something else,2,,P17,enhance,robotic,5
1,3,3. My avatar's speech just happen without my intention,2,,P17,enhance,robotic,5
1,4,4. I am the author of my avatar's speech,4,,P17,enhance,robotic,5
1,5,5. Things my avatar says are subject only to my free will,2,,P17,enhance,robotic,5
1,6,6. Nothing my avatar says is actually voluntary,1,,P17,enhance,robotic,5
1,7,7. My avatar's behavior is planned by me from the very beginning to the very end,4,,P17,enhance,robotic,5
1,8,8. I am completely responsible for everything that results from my avatar's speech,5,,P17,enhance,robotic,5
1,9,9. I would use this response as my own.,8,,P17,enhance,robotic,5
2,1,1. I am in control of what my avatar says,7,,P17,repeat,robotic,7
2,2,2. My avatar is just an instrument in the hands of somebody or something else,1,,P17,repeat,robotic,7
2,3,3. My avatar's speech just happen without my intention,1,,P17,repeat,robotic,7
2,4,4. I am the author of my avatar's speech,7,,P17,repeat,robotic,7
2,5,5. Things my avatar says are subject only to my free will,7,,P17,repeat,robotic,7
2,6,6. Nothing my avatar says is actually voluntary,1,,P17,repeat,robotic,7
2,7,7. My avatar's behavior is planned by me from the very beginning to the very end,5,,P17,repeat,robotic,7
2,8,8. I am completely responsible for everything that results from my avatar's speech,6,,P17,repeat,robotic,7
2,9,9. I would use this response as my own.,10,,P17,repeat,robotic,7
3,1,1. I am in control of what my avatar says,1,,P17,counter,robotic,9
3,2,2. My avatar is just an instrument in the hands of somebody or something else,6,,P17,counter,robotic,9
3,3,3. My avatar's speech just happen without my intention,4,,P17,counter,robotic,9
3,4,4. I am the author of my avatar's speech,2,,P17,counter,robotic,9
3,5,5. Things my avatar says are subject only to my free will,1,,P17,counter,robotic,9
3,6,6. Nothing my avatar says is actually voluntary,3,,P17,counter,robotic,9
3,7,7. My avatar's behavior is planned by me from the very beginning to the very end,2,,P17,counter,robotic,9
3,8,8. I am completely responsible for everything that results from my avatar's speech,3,,P17,counter,robotic,9
3,9,9. I would use this response as my own.,1,,P17,counter,robotic,9
5,1,1. I am in control of what my avatar says,6,,P17,repeat,robotic,1
5,2,2. My avatar is just an instrument in the hands of somebody or something else,5,,P17,repeat,robotic,1
5,3,3. My avatar's speech just happen without my intention,1,,P17,repeat,robotic,1
5,4,4. I am the author of my avatar's speech,6,,P17,repeat,robotic,1
5,5,5. Things my avatar says are subject only to my free will,5,,P17,repeat,robotic,1
5,6,6. Nothing my avatar says is actually voluntary,3,,P17,repeat,robotic,1
5,7,7. My avatar's behavior is planned by me from the very beginning to the very end,4,,P17,repeat,robotic,1
5,8,8. I am completely responsible for everything that results from my avatar's speech,3,,P17,repeat,robotic,1
5,9,9. I would use this response as my own.,9,,P17,repeat,robotic,1
6,1,1. I am in control of what my avatar says,2,,P17,counter,robotic,3
6,2,2. My avatar is just an instrument in the hands of somebody or something else,5,,P17,counter,robotic,3
6,3,3. My avatar's speech just happen without my intention,5,,P17,counter,robotic,3
6,4,4. I am the author of my avatar's speech,3,,P17,counter,robotic,3
6,5,5. Things my avatar says are subject only to my free will,2,,P17,counter,robotic,3
6,6,6. Nothing my avatar says is actually voluntary,2,,P17,counter,robotic,3
6,7,7. My avatar's behavior is planned by me from the very beginning to the very end,3,,P17,counter,robotic,3
6,8,8. I am completely responsible for everything that results from my avatar's speech,4,,P17,counter,robotic,3
6,9,9. I would use this response as my own.,1,,P17,counter,robotic,3
7,1,1. I am in control of what my avatar says,1,,P17,counter,clone,6
7,2,2. My avatar is just an instrument in the hands of somebody or something else,6,,P17,counter,clone,6
7,3,3. My avatar's speech just happen without my intention,5,,P17,counter,clone,6
7,4,4. I am the author of my avatar's speech,2,,P17,counter,clone,6
7,5,5. Things my avatar says are subject only to my free will,2,,P17,counter,clone,6
7,6,6. Nothing my avatar says is actually voluntary,4,,P17,counter,clone,6
7,7,7. My avatar's behavior is planned by me from the very beginning to the very end,3,,P17,counter,clone,6
7,8,8. I am completely responsible for everything that results from my avatar's speech,1,,P17,counter,clone,6
7,9,9. I would use this response as my own.,1,,P17,counter,clone,6
8,1,1. I am in control of what my avatar says,6,,P17,repeat,clone,8
8,2,2. My avatar is just an instrument in the hands of somebody or something else,3,,P17,repeat,clone,8
8,3,3. My avatar's speech just happen without my intention,4,,P17,repeat,clone,8
8,4,4. I am the author of my avatar's speech,7,,P17,repeat,clone,8
8,5,5. Things my avatar says are subject only to my free will,4,,P17,repeat,clone,8
8,6,6. Nothing my avatar says is actually voluntary,4,,P17,repeat,clone,8
8,7,7. My avatar's behavior is planned by me from the very beginning to the very end,4,,P17,repeat,clone,8
8,8,8. I am completely responsible for everything that results from my avatar's speech,5,,P17,repeat,clone,8
8,9,9. I would use this response as my own.,9,,P17,repeat,clone,8
9,1,1. I am in control of what my avatar says,6,,P17,enhance,clone,10
9,2,2. My avatar is just an instrument in the hands of somebody or something else,3,,P17,enhance,clone,10
9,3,3. My avatar's speech just happen without my intention,2,,P17,enhance,clone,10
9,4,4. I am the author of my avatar's speech,5,,P17,enhance,clone,10
9,5,5. Things my avatar says are subject only to my free will,4,,P17,enhance,clone,10
9,6,6. Nothing my avatar says is actually voluntary,3,,P17,enhance,clone,10
9,7,7. My avatar's behavior is planned by me from the very beginning to the very end,5,,P17,enhance,clone,10
9,8,8. I am completely responsible for everything that results from my avatar's speech,4,,P17,enhance,clone,10
9,9,9. I would use this response as my own.,9,,P17,enhance,clone,10
10,1,1. I am in control of what my avatar says,1,,P17,counter,clone,12
10,2,2. My avatar is just an instrument in the hands of somebody or something else,6,,P17,counter,clone,12
10,3,3. My avatar's speech just happen without my intention,3,,P17,counter,clone,12
10,4,4. I am the author of my avatar's speech,1,,P17,counter,clone,12
10,5,5. Things my avatar says are subject only to my free will,2,,P17,counter,clone,12
10,6,6. Nothing my avatar says is actually voluntary,5,,P17,counter,clone,12
10,7,7. My avatar's behavior is planned by me from the very beginning to the very end,2,,P17,counter,clone,12
10,8,8. I am completely responsible for everything that results from my avatar's speech,1,,P17,counter,clone,12
10,9,9. I would use this response as my own.,1,,P17,counter,clone,12
11,1,1. I am in control of what my avatar says,7,,P17,repeat,clone,2
11,2,2. My avatar is just an instrument in the hands of somebody or something else,2,,P17,repeat,clone,2
11,3,3. My avatar's speech just happen without my intention,1,,P17,repeat,clone,2
11,4,4. I am the author of my avatar's speech,6,,P17,repeat,clone,2
11,5,5. Things my avatar says are subject only to my free will,3,,P17,repeat,clone,2
11,6,6. Nothing my avatar says is actually voluntary,2,,P17,repeat,clone,2
11,7,7. My avatar's behavior is planned by me from the very beginning to the very end,5,,P17,repeat,clone,2
11,8,8. I am completely responsible for everything that results from my avatar's speech,4,,P17,repeat,clone,2
11,9,9. I would use this response as my own.,9,,P17,repeat,clone,2
12,1,1. I am in control of what my avatar says,5,,P17,enhance,clone,4
12,2,2. My avatar is just an instrument in the hands of somebody or something else,5,,P17,enhance,clone,4
12,3,3. My avatar's speech just happen without my intention,4,,P17,enhance,clone,4
12,4,4. I am the author of my avatar's speech,4,,P17,enhance,clone,4
12,5,5. Things my avatar says are subject only to my free will,2,,P17,enhance,clone,4
12,6,6. Nothing my avatar says is actually voluntary,4,,P17,enhance,clone,4
12,7,7. My avatar's behavior is planned by me from the very beginning to the very end,5,,P17,enhance,clone,4
12,8,8. I am completely responsible for everything that results from my avatar's speech,3,,P17,enhance,clone,4
12,9,9. I would use this response as my own.,6,,P17,enhance,clone,4
1,1,1. I am in control of what my avatar says,5,,P10,repeat,clone,10
1,2,2. My avatar is just an instrument in the hands of somebody or something else,5,,P10,repeat,clone,10
1,3,3. My avatar's speech just happen without my intention,5,,P10,repeat,clone,10
1,4,4. I am the author of my avatar's speech,6,,P10,repeat,clone,10
1,5,5. Things my avatar says are subject only to my free will,4,,P10,repeat,clone,10
1,6,6. Nothing my avatar says is actually voluntary,5,,P10,repeat,clone,10
1,7,7. My avatar's behavior is planned by me from the very beginning to the very end,2,,P10,repeat,clone,10
1,8,8. I am completely responsible for everything that results from my avatar's speech,4,,P10,repeat,clone,10
1,9,9. I would use this response as my own.,8,,P10,repeat,clone,10
2,1,1. I am in control of what my avatar says,2,,P10,counter,clone,12
2,2,2. My avatar is just an instrument in the hands of somebody or something else,3,,P10,counter,clone,12
2,3,3. My avatar's speech just happen without my intention,5,,P10,counter,clone,12
2,4,4. I am the author of my avatar's speech,2,,P10,counter,clone,12
2,5,5. Things my avatar says are subject only to my free will,2,,P10,counter,clone,12
2,6,6. Nothing my avatar says is actually voluntary,6,,P10,counter,clone,12
2,7,7. My avatar's behavior is planned by me from the very beginning to the very end,2,,P10,counter,clone,12
2,8,8. I am completely responsible for everything that results from my avatar's speech,2,,P10,counter,clone,12
2,9,9. I would use this response as my own.,2,,P10,counter,clone,12
3,1,1. I am in control of what my avatar says,3,,P10,enhance,clone,2
3,2,2. My avatar is just an instrument in the hands of somebody or something else,3,,P10,enhance,clone,2
3,3,3. My avatar's speech just happen without my intention,4,,P10,enhance,clone,2
3,4,4. I am the author of my avatar's speech,3,,P10,enhance,clone,2
3,5,5. Things my avatar says are subject only to my free will,3,,P10,enhance,clone,2
3,6,6. Nothing my avatar says is actually voluntary,4,,P10,enhance,clone,2
3,7,7. My avatar's behavior is planned by me from the very beginning to the very end,2,,P10,enhance,clone,2
3,8,8. I am completely responsible for everything that results from my avatar's speech,3,,P10,enhance,clone,2
3,9,9. I would use this response as my own.,9,,P10,enhance,clone,2
4,1,1. I am in control of what my avatar says,4,,P10,repeat,clone,4
4,2,2. My avatar is just an instrument in the hands of somebody or something else,4,,P10,repeat,clone,4
4,3,3. My avatar's speech just happen without my intention,5,,P10,repeat,clone,4
4,4,4. I am the author of my avatar's speech,4,,P10,repeat,clone,4
4,5,5. Things my avatar says are subject only to my free will,3,,P10,repeat,clone,4
4,6,6. Nothing my avatar says is actually voluntary,3,,P10,repeat,clone,4
4,7,7. My avatar's behavior is planned by me from the very beginning to the very end,2,,P10,repeat,clone,4
4,8,8. I am completely responsible for everything that results from my avatar's speech,4,,P10,repeat,clone,4
4,9,9. I would use this response as my own.,6,,P10,repeat,clone,4
5,1,1. I am in control of what my avatar says,2,,P10,counter,clone,6
5,2,2. My avatar is just an instrument in the hands of somebody or something else,2,,P10,counter,clone,6
5,3,3. My avatar's speech just happen without my intention,6,,P10,counter,clone,6
5,4,4. I am the author of my avatar's speech,1,,P10,counter,clone,6
5,5,5. Things my avatar says are subject only to my free will,1,,P10,counter,clone,6
5,6,6. Nothing my avatar says is actually voluntary,6,,P10,counter,clone,6
5,7,7. My avatar's behavior is planned by me from the very beginning to the very end,1,,P10,counter,clone,6
5,8,8. I am completely responsible for everything that results from my avatar's speech,1,,P10,counter,clone,6
5,9,9. I would use this response as my own.,2,,P10,counter,clone,6
6,1,1. I am in control of what my avatar says,4,,P10,enhance,clone,8
6,2,2. My avatar is just an instrument in the hands of somebody or something else,4,,P10,enhance,clone,8
6,3,3. My avatar's speech just happen without my intention,6,,P10,enhance,clone,8
6,4,4. I am the author of my avatar's speech,5,,P10,enhance,clone,8
6,5,5. Things my avatar says are subject only to my free will,4,,P10,enhance,clone,8
6,6,6. Nothing my avatar says is actually voluntary,5,,P10,enhance,clone,8
6,7,7. My avatar's behavior is planned by me from the very beginning to the very end,1,,P10,enhance,clone,8
6,8,8. I am completely responsible for everything that results from my avatar's speech,2,,P10,enhance,clone,8
6,9,9. I would use this response as my own.,10,,P10,enhance,clone,8
7,1,1. I am in control of what my avatar says,3,,P10,enhance,robotic,9
7,2,2. My avatar is just an instrument in the hands of somebody or something else,3,,P10,enhance,robotic,9
7,3,3. My avatar's speech just happen without my intention,6,,P10,enhance,robotic,9
7,4,4. I am the author of my avatar's speech,4,,P10,enhance,robotic,9
7,5,5. Things my avatar says are subject only to my free will,1,,P10,enhance,robotic,9
7,6,6. Nothing my avatar says is actually voluntary,7,,P10,enhance,robotic,9
7,7,7. My avatar's behavior is planned by me from the very beginning to the very end,1,,P10,enhance,robotic,9
7,8,8. I am completely responsible for everything that results from my avatar's speech,1,,P10,enhance,robotic,9
7,9,9. I would use this response as my own.,4,,P10,enhance,robotic,9
8,1,1. I am in control of what my avatar says,1,,P10,counter,robotic,11
8,2,2. My avatar is just an instrument in the hands of somebody or something else,1,,P10,counter,robotic,11
8,3,3. My avatar's speech just happen without my intention,7,,P10,counter,robotic,11
8,4,4. I am the author of my avatar's speech,1,,P10,counter,robotic,11
8,5,5. Things my avatar says are subject only to my free will,1,,P10,counter,robotic,11
8,6,6. Nothing my avatar says is actually voluntary,5,,P10,counter,robotic,11
8,7,7. My avatar's behavior is planned by me from the very beginning to the very end,1,,P10,counter,robotic,11
8,8,8. I am completely responsible for everything that results from my avatar's speech,1,,P10,counter,robotic,11
8,9,9. I would use this response as my own.,2,,P10,counter,robotic,11
9,1,1. I am in control of what my avatar says,3,,P10,repeat,robotic,1
9,2,2. My avatar is just an instrument in the hands of somebody or something else,3,,P10,repeat,robotic,1
9,3,3. My avatar's speech just happen without my intention,5,,P10,repeat,robotic,1
9,4,4. I am the author of my avatar's speech,3,,P10,repeat,robotic,1
9,5,5. Things my avatar says are subject only to my free will,3,,P10,repeat,robotic,1
9,6,6. Nothing my avatar says is actually voluntary,5,,P10,repeat,robotic,1
9,7,7. My avatar's behavior is planned by me from the very beginning to the very end,1,,P10,repeat,robotic,1
9,8,8. I am completely responsible for everything that results from my avatar's speech,1,,P10,repeat,robotic,1
9,9,9. I would use this response as my own.,5,,P10,repeat,robotic,1
10,1,1. I am in control of what my avatar says,3,,P10,enhance,robotic,3
10,2,2. My avatar is just an instrument in the hands of somebody or something else,2,,P10,enhance,robotic,3
10,3,3. My avatar's speech just happen without my intention,5,,P10,enhance,robotic,3
10,4,4. I am the author of my avatar's speech,4,,P10,enhance,robotic,3
10,5,5. Things my avatar says are subject only to my free will,1,,P10,enhance,robotic,3
10,6,6. Nothing my avatar says is actually voluntary,4,,P10,enhance,robotic,3
10,7,7. My avatar's behavior is planned by me from the very beginning to the very end,1,,P10,enhance,robotic,3
10,8,8. I am completely responsible for everything that results from my avatar's speech,1,,P10,enhance,robotic,3
10,9,9. I would use this response as my own.,7,,P10,enhance,robotic,3
11,1,1. I am in control of what my avatar says,1,,P10,counter,robotic,5
11,2,2. My avatar is just an instrument in the hands of somebody or something else,2,,P10,counter,robotic,5
11,3,3. My avatar's speech just happen without my intention,7,,P10,counter,robotic,5
11,4,4. I am the author of my avatar's speech,1,,P10,counter,robotic,5
11,5,5. Things my avatar says are subject only to my free will,1,,P10,counter,robotic,5
11,6,6. Nothing my avatar says is actually voluntary,7,,P10,counter,robotic,5
11,7,7. My avatar's behavior is planned by me from the very beginning to the very end,1,,P10,counter,robotic,5
11,8,8. I am completely responsible for everything that results from my avatar's speech,1,,P10,counter,robotic,5
11,9,9. I would use this response as my own.,1,,P10,counter,robotic,5
12,1,1. I am in control of what my avatar says,1,,P10,repeat,robotic,7
12,2,2. My avatar is just an instrument in the hands of somebody or something else,2,,P10,repeat,robotic,7
12,3,3. My avatar's speech just happen without my intention,7,,P10,repeat,robotic,7
12,4,4. I am the author of my avatar's speech,2,,P10,repeat,robotic,7
12,5,5. Things my avatar says are subject only to my free will,1,,P10,repeat,robotic,7
12,6,6. Nothing my avatar says is actually voluntary,7,,P10,repeat,robotic,7
12,7,7. My avatar's behavior is planned by me from the very beginning to the very end,1,,P10,repeat,robotic,7
12,8,8. I am completely responsible for everything that results from my avatar's speech,1,,P10,repeat,robotic,7
12,9,9. I would use this response as my own.,7,,P10,repeat,robotic,7
1,1,1. I am in control of what my avatar says,4,,P11,enhance,clone,11
1,2,2. My avatar is just an instrument in the hands of somebody or something else,3,,P11,enhance,clone,11
1,3,3. My avatar's speech just happen without my intention,3,,P11,enhance,clone,11
1,4,4. I am the author of my avatar's speech,5,,P11,enhance,clone,11
1,5,5. Things my avatar says are subject only to my free will,4,,P11,enhance,clone,11
1,6,6. Nothing my avatar says is actually voluntary,3,,P11,enhance,clone,11
1,7,7. My avatar's behavior is planned by me from the very beginning to the very end,5,,P11,enhance,clone,11
1,8,8. I am completely responsible for everything that results from my avatar's speech,4,,P11,enhance,clone,11
1,9,9. I would use this response as my own.,7,,P11,enhance,clone,11
2,1,1. I am in control of what my avatar says,5,,P11,repeat,clone,1
2,2,2. My avatar is just an instrument in the hands of somebody or something else,4,,P11,repeat,clone,1
2,3,3. My avatar's speech just happen without my intention,3,,P11,repeat,clone,1
2,4,4. I am the author of my avatar's speech,5,,P11,repeat,clone,1
2,5,5. Things my avatar says are subject only to my free will,5,,P11,repeat,clone,1
2,6,6. Nothing my avatar says is actually voluntary,5,,P11,repeat,clone,1
2,7,7. My avatar's behavior is planned by me from the very beginning to the very end,5,,P11,repeat,clone,1
2,8,8. I am completely responsible for everything that results from my avatar's speech,5,,P11,repeat,clone,1
2,9,9. I would use this response as my own.,7,,P11,repeat,clone,1
3,1,1. I am in control of what my avatar says,1,,P11,counter,clone,3
3,2,2. My avatar is just an instrument in the hands of somebody or something else,6,,P11,counter,clone,3
3,3,3. My avatar's speech just happen without my intention,6,,P11,counter,clone,3
3,4,4. I am the author of my avatar's speech,1,,P11,counter,clone,3
3,5,5. Things my avatar says are subject only to my free will,1,,P11,counter,clone,3
3,6,6. Nothing my avatar says is actually voluntary,2,,P11,counter,clone,3
3,7,7. My avatar's behavior is planned by me from the very beginning to the very end,1,,P11,counter,clone,3
3,8,8. I am completely responsible for everything that results from my avatar's speech,1,,P11,counter,clone,3
3,9,9. I would use this response as my own.,2,,P11,counter,clone,3
4,1,1. I am in control of what my avatar says,5,,P11,enhance,clone,5
4,2,2. My avatar is just an instrument in the hands of somebody or something else,5,,P11,enhance,clone,5
4,3,3. My avatar's speech just happen without my intention,2,,P11,enhance,clone,5
4,4,4. I am the author of my avatar's speech,5,,P11,enhance,clone,5
4,5,5. Things my avatar says are subject only to my free will,5,,P11,enhance,clone,5
4,6,6. Nothing my avatar says is actually voluntary,4,,P11,enhance,clone,5
4,7,7. My avatar's behavior is planned by me from the very beginning to the very end,5,,P11,enhance,clone,5
4,8,8. I am completely responsible for everything that results from my avatar's speech,5,,P11,enhance,clone,5
4,9,9. I would use this response as my own.,7,,P11,enhance,clone,5
5,1,1. I am in control of what my avatar says,7,,P11,repeat,clone,7
5,2,2. My avatar is just an instrument in the hands of somebody or something else,1,,P11,repeat,clone,7
5,3,3. My avatar's speech just happen without my intention,1,,P11,repeat,clone,7
5,4,4. I am the author of my avatar's speech,7,,P11,repeat,clone,7
5,5,5. Things my avatar says are subject only to my free will,7,,P11,repeat,clone,7
5,6,6. Nothing my avatar says is actually voluntary,1,,P11,repeat,clone,7
5,7,7. My avatar's behavior is planned by me from the very beginning to the very end,7,,P11,repeat,clone,7
5,8,8. I am completely responsible for everything that results from my avatar's speech,7,,P11,repeat,clone,7
5,9,9. I would use this response as my own.,10,,P11,repeat,clone,7
6,1,1. I am in control of what my avatar says,5,,P11,counter,clone,9
6,2,2. My avatar is just an instrument in the hands of somebody or something else,4,,P11,counter,clone,9
6,3,3. My avatar's speech just happen without my intention,4,,P11,counter,clone,9
6,4,4. I am the author of my avatar's speech,5,,P11,counter,clone,9
6,5,5. Things my avatar says are subject only to my free will,5,,P11,counter,clone,9
6,6,6. Nothing my avatar says is actually voluntary,4,,P11,counter,clone,9
6,7,7. My avatar's behavior is planned by me from the very beginning to the very end,5,,P11,counter,clone,9
6,8,8. I am completely responsible for everything that results from my avatar's speech,5,,P11,counter,clone,9
6,9,9. I would use this response as my own.,7,,P11,counter,clone,9
7,1,1. I am in control of what my avatar says,1,,P11,counter,robotic,12
7,2,2. My avatar is just an instrument in the hands of somebody or something else,7,,P11,counter,robotic,12
7,3,3. My avatar's speech just happen without my intention,7,,P11,counter,robotic,12
7,4,4. I am the author of my avatar's speech,1,,P11,counter,robotic,12
7,5,5. Things my avatar says are subject only to my free will,1,,P11,counter,robotic,12
7,6,6. Nothing my avatar says is actually voluntary,7,,P11,counter,robotic,12
7,7,7. My avatar's behavior is planned by me from the very beginning to the very end,1,,P11,counter,robotic,12
7,8,8. I am completely responsible for everything that results from my avatar's speech,1,,P11,counter,robotic,12
7,9,9. I would use this response as my own.,1,,P11,counter,robotic,12
9,1,1. I am in control of what my avatar says,4,,P11,enhance,robotic,4
9,2,2. My avatar is just an instrument in the hands of somebody or something else,4,,P11,enhance,robotic,4
9,3,3. My avatar's speech just happen without my intention,4,,P11,enhance,robotic,4
9,4,4. I am the author of my avatar's speech,3,,P11,enhance,robotic,4
9,5,5. Things my avatar says are subject only to my free will,3,,P11,enhance,robotic,4
9,6,6. Nothing my avatar says is actually voluntary,4,,P11,enhance,robotic,4
9,7,7. My avatar's behavior is planned by me from the very beginning to the very end,3,,P11,enhance,robotic,4
9,8,8. I am completely responsible for everything that results from my avatar's speech,3,,P11,enhance,robotic,4
9,9,9. I would use this response as my own.,4,,P11,enhance,robotic,4
10,1,1. I am in control of what my avatar says,1,,P11,counter,robotic,6
10,2,2. My avatar is just an instrument in the hands of somebody or something else,6,,P11,counter,robotic,6
10,3,3. My avatar's speech just happen without my intention,1,,P11,counter,robotic,6
10,4,4. I am the author of my avatar's speech,1,,P11,counter,robotic,6
10,5,5. Things my avatar says are subject only to my free will,1,,P11,counter,robotic,6
10,6,6. Nothing my avatar says is actually voluntary,2,,P11,counter,robotic,6
10,7,7. My avatar's behavior is planned by me from the very beginning to the very end,1,,P11,counter,robotic,6
10,8,8. I am completely responsible for everything that results from my avatar's speech,1,,P11,counter,robotic,6
10,9,9. I would use this response as my own.,1,,P11,counter,robotic,6
11,1,1. I am in control of what my avatar says,5,,P11,repeat,robotic,8
11,2,2. My avatar is just an instrument in the hands of somebody or something else,4,,P11,repeat,robotic,8
11,3,3. My avatar's speech just happen without my intention,2,,P11,repeat,robotic,8
11,4,4. I am the author of my avatar's speech,6,,P11,repeat,robotic,8
11,5,5. Things my avatar says are subject only to my free will,6,,P11,repeat,robotic,8
11,6,6. Nothing my avatar says is actually voluntary,5,,P11,repeat,robotic,8
11,7,7. My avatar's behavior is planned by me from the very beginning to the very end,6,,P11,repeat,robotic,8
11,8,8. I am completely responsible for everything that results from my avatar's speech,6,,P11,repeat,robotic,8
11,9,9. I would use this response as my own.,8,,P11,repeat,robotic,8
1,1,1. I am in control of what my avatar says,6,,P29,repeat,clone,3
1,2,2. My avatar is just an instrument in the hands of somebody or something else,6,,P29,repeat,clone,3
1,3,3. My avatar's speech just happen without my intention,3,,P29,repeat,clone,3
1,4,4. I am the author of my avatar's speech,5,,P29,repeat,clone,3
1,5,5. Things my avatar says are subject only to my free will,4,,P29,repeat,clone,3
1,6,6. Nothing my avatar says is actually voluntary,4,,P29,repeat,clone,3
1,7,7. My avatar's behavior is planned by me from the very beginning to the very end,4,,P29,repeat,clone,3
1,8,8. I am completely responsible for everything that results from my avatar's speech,3,,P29,repeat,clone,3
1,9,9. I would use this response as my own.,4,,P29,repeat,clone,3
2,1,1. I am in control of what my avatar says,1,,P29,counter,clone,5
2,2,2. My avatar is just an instrument in the hands of somebody or something else,6,,P29,counter,clone,5
2,3,3. My avatar's speech just happen without my intention,6,,P29,counter,clone,5
2,4,4. I am the author of my avatar's speech,1,,P29,counter,clone,5
2,5,5. Things my avatar says are subject only to my free will,1,,P29,counter,clone,5
2,6,6. Nothing my avatar says is actually voluntary,2,,P29,counter,clone,5
2,7,7. My avatar's behavior is planned by me from the very beginning to the very end,2,,P29,counter,clone,5
2,8,8. I am completely responsible for everything that results from my avatar's speech,2,,P29,counter,clone,5
2,9,9. I would use this response as my own.,1,,P29,counter,clone,5
3,1,1. I am in control of what my avatar says,5,,P29,enhance,clone,7
3,2,2. My avatar is just an instrument in the hands of somebody or something else,4,,P29,enhance,clone,7
3,3,3. My avatar's speech just happen without my intention,4,,P29,enhance,clone,7
3,4,4. I am the author of my avatar's speech,2,,P29,enhance,clone,7
3,5,5. Things my avatar says are subject only to my free will,2,,P29,enhance,clone,7
3,6,6. Nothing my avatar says is actually voluntary,4,,P29,enhance,clone,7
3,7,7. My avatar's behavior is planned by me from the very beginning to the very end,2,,P29,enhance,clone,7
3,8,8. I am completely responsible for everything that results from my avatar's speech,2,,P29,enhance,clone,7
3,9,9. I would use this response as my own.,3,,P29,enhance,clone,7
4,1,1. I am in control of what my avatar says,4,,P29,enhance,robotic,10
4,2,2. My avatar is just an instrument in the hands of somebody or something else,4,,P29,enhance,robotic,10
4,3,3. My avatar's speech just happen without my intention,4,,P29,enhance,robotic,10
4,4,4. I am the author of my avatar's speech,4,,P29,enhance,robotic,10
4,5,5. Things my avatar says are subject only to my free will,4,,P29,enhance,robotic,10
4,6,6. Nothing my avatar says is actually voluntary,3,,P29,enhance,robotic,10
4,7,7. My avatar's behavior is planned by me from the very beginning to the very end,3,,P29,enhance,robotic,10
4,8,8. I am completely responsible for everything that results from my avatar's speech,2,,P29,enhance,robotic,10
4,9,9. I would use this response as my own.,8,,P29,enhance,robotic,10
5,1,1. I am in control of what my avatar says,2,,P29,counter,robotic,12
5,2,2. My avatar is just an instrument in the hands of somebody or something else,6,,P29,counter,robotic,12
5,3,3. My avatar's speech just happen without my intention,5,,P29,counter,robotic,12
5,4,4. I am the author of my avatar's speech,1,,P29,counter,robotic,12
5,5,5. Things my avatar says are subject only to my free will,1,,P29,counter,robotic,12
5,6,6. Nothing my avatar says is actually voluntary,2,,P29,counter,robotic,12
5,7,7. My avatar's behavior is planned by me from the very beginning to the very end,2,,P29,counter,robotic,12
5,8,8. I am completely responsible for everything that results from my avatar's speech,1,,P29,counter,robotic,12
5,9,9. I would use this response as my own.,1,,P29,counter,robotic,12
6,1,1. I am in control of what my avatar says,6,,P29,repeat,robotic,2
6,2,2. My avatar is just an instrument in the hands of somebody or something else,2,,P29,repeat,robotic,2
6,3,3. My avatar's speech just happen without my intention,2,,P29,repeat,robotic,2
6,4,4. I am the author of my avatar's speech,6,,P29,repeat,robotic,2
6,5,5. Things my avatar says are subject only to my free will,6,,P29,repeat,robotic,2
6,6,6. Nothing my avatar says is actually voluntary,2,,P29,repeat,robotic,2
6,7,7. My avatar's behavior is planned by me from the very beginning to the very end,6,,P29,repeat,robotic,2
6,8,8. I am completely responsible for everything that results from my avatar's speech,6,,P29,repeat,robotic,2
6,9,9. I would use this response as my own.,9,,P29,repeat,robotic,2
7,1,1. I am in control of what my avatar says,5,,P29,enhance,robotic,4
7,2,2. My avatar is just an instrument in the hands of somebody or something else,4,,P29,enhance,robotic,4
7,3,3. My avatar's speech just happen without my intention,4,,P29,enhance,robotic,4
7,4,4. I am the author of my avatar's speech,2,,P29,enhance,robotic,4
7,5,5. Things my avatar says are subject only to my free will,2,,P29,enhance,robotic,4
7,6,6. Nothing my avatar says is actually voluntary,4,,P29,enhance,robotic,4
7,7,7. My avatar's behavior is planned by me from the very beginning to the very end,4,,P29,enhance,robotic,4
7,8,8. I am completely responsible for everything that results from my avatar's speech,3,,P29,enhance,robotic,4
7,9,9. I would use this response as my own.,6,,P29,enhance,robotic,4
8,1,1. I am in control of what my avatar says,2,,P29,counter,robotic,6
8,2,2. My avatar is just an instrument in the hands of somebody or something else,6,,P29,counter,robotic,6
8,3,3. My avatar's speech just happen without my intention,6,,P29,counter,robotic,6
8,4,4. I am the author of my avatar's speech,2,,P29,counter,robotic,6
8,5,5. Things my avatar says are subject only to my free will,2,,P29,counter,robotic,6
8,6,6. Nothing my avatar says is actually voluntary,6,,P29,counter,robotic,6
8,7,7. My avatar's behavior is planned by me from the very beginning to the very end,1,,P29,counter,robotic,6
8,8,8. I am completely responsible for everything that results from my avatar's speech,1,,P29,counter,robotic,6
8,9,9. I would use this response as my own.,1,,P29,counter,robotic,6
9,1,1. I am in control of what my avatar says,7,,P29,repeat,robotic,8
9,2,2. My avatar is just an instrument in the hands of somebody or something else,2,,P29,repeat,robotic,8
9,3,3. My avatar's speech just happen without my intention,1,,P29,repeat,robotic,8
9,4,4. I am the author of my avatar's speech,6,,P29,repeat,robotic,8
9,5,5. Things my avatar says are subject only to my free will,6,,P29,repeat,robotic,8
9,6,6. Nothing my avatar says is actually voluntary,6,,P29,repeat,robotic,8
9,7,7. My avatar's behavior is planned by me from the very beginning to the very end,6,,P29,repeat,robotic,8
9,8,8. I am completely responsible for everything that results from my avatar's speech,6,,P29,repeat,robotic,8
9,9,9. I would use this response as my own.,10,,P29,repeat,robotic,8
10,1,1. I am in control of what my avatar says,5,,P29,repeat,clone,9
10,2,2. My avatar is just an instrument in the hands of somebody or something else,4,,P29,repeat,clone,9
10,3,3. My avatar's speech just happen without my intention,3,,P29,repeat,clone,9
10,4,4. I am the author of my avatar's speech,4,,P29,repeat,clone,9
10,5,5. Things my avatar says are subject only to my free will,4,,P29,repeat,clone,9
10,6,6. Nothing my avatar says is actually voluntary,4,,P29,repeat,clone,9
10,7,7. My avatar's behavior is planned by me from the very beginning to the very end,4,,P29,repeat,clone,9
10,8,8. I am completely responsible for everything that results from my avatar's speech,4,,P29,repeat,clone,9
10,9,9. I would use this response as my own.,7,,P29,repeat,clone,9
11,1,1. I am in control of what my avatar says,1,,P29,counter,clone,11
11,2,2. My avatar is just an instrument in the hands of somebody or something else,7,,P29,counter,clone,11
11,3,3. My avatar's speech just happen without my intention,7,,P29,counter,clone,11
11,4,4. I am the author of my avatar's speech,1,,P29,counter,clone,11
11,5,5. Things my avatar says are subject only to my free will,1,,P29,counter,clone,11
11,6,6. Nothing my avatar says is actually voluntary,1,,P29,counter,clone,11
11,7,7. My avatar's behavior is planned by me from the very beginning to the very end,1,,P29,counter,clone,11
11,8,8. I am completely responsible for everything that results from my avatar's speech,1,,P29,counter,clone,11
11,9,9. I would use this response as my own.,1,,P29,counter,clone,11
12,1,1. I am in control of what my avatar says,6,,P29,enhance,clone,1
12,2,2. My avatar is just an instrument in the hands of somebody or something else,4,,P29,enhance,clone,1
12,3,3. My avatar's speech just happen without my intention,3,,P29,enhance,clone,1
12,4,4. I am the author of my avatar's speech,5,,P29,enhance,clone,1
12,5,5. Things my avatar says are subject only to my free will,4,,P29,enhance,clone,1
12,6,6. Nothing my avatar says is actually voluntary,4,,P29,enhance,clone,1
12,7,7. My avatar's behavior is planned by me from the very beginning to the very end,4,,P29,enhance,clone,1
12,8,8. I am completely responsible for everything that results from my avatar's speech,3,,P29,enhance,clone,1
12,9,9. I would use this response as my own.,7,,P29,enhance,clone,1
1,1,1. I am in control of what my avatar says,6,,P16,repeat,robotic,4
1,2,2. My avatar is just an instrument in the hands of somebody or something else,2,,P16,repeat,robotic,4
1,3,3. My avatar's speech just happen without my intention,2,,P16,repeat,robotic,4
1,4,4. I am the author of my avatar's speech,7,,P16,repeat,robotic,4
1,5,5. Things my avatar says are subject only to my free will,5,,P16,repeat,robotic,4
1,6,6. Nothing my avatar says is actually voluntary,6,,P16,repeat,robotic,4
1,7,7. My avatar's behavior is planned by me from the very beginning to the very end,6,,P16,repeat,robotic,4
1,8,8. I am completely responsible for everything that results from my avatar's speech,6,,P16,repeat,robotic,4
1,9,9. I would use this response as my own.,10,,P16,repeat,robotic,4
2,1,1. I am in control of what my avatar says,4,,P16,counter,robotic,6
2,2,2. My avatar is just an instrument in the hands of somebody or something else,2,,P16,counter,robotic,6
2,3,3. My avatar's speech just happen without my intention,2,,P16,counter,robotic,6
2,4,4. I am the author of my avatar's speech,5,,P16,counter,robotic,6
2,5,5. Things my avatar says are subject only to my free will,5,,P16,counter,robotic,6
2,6,6. Nothing my avatar says is actually voluntary,6,,P16,counter,robotic,6
2,7,7. My avatar's behavior is planned by me from the very beginning to the very end,4,,P16,counter,robotic,6
2,8,8. I am completely responsible for everything that results from my avatar's speech,4,,P16,counter,robotic,6
2,9,9. I would use this response as my own.,8,,P16,counter,robotic,6
3,1,1. I am in control of what my avatar says,5,,P16,enhance,robotic,8
3,2,2. My avatar is just an instrument in the hands of somebody or something else,2,,P16,enhance,robotic,8
3,3,3. My avatar's speech just happen without my intention,2,,P16,enhance,robotic,8
3,4,4. I am the author of my avatar's speech,5,,P16,enhance,robotic,8
3,5,5. Things my avatar says are subject only to my free will,4,,P16,enhance,robotic,8
3,6,6. Nothing my avatar says is actually voluntary,7,,P16,enhance,robotic,8
3,7,7. My avatar's behavior is planned by me from the very beginning to the very end,5,,P16,enhance,robotic,8
3,8,8. I am completely responsible for everything that results from my avatar's speech,4,,P16,enhance,robotic,8
3,9,9. I would use this response as my own.,6,,P16,enhance,robotic,8
4,1,1. I am in control of what my avatar says,3,,P16,repeat,robotic,10
4,2,2. My avatar is just an instrument in the hands of somebody or something else,2,,P16,repeat,robotic,10
4,3,3. My avatar's speech just happen without my intention,2,,P16,repeat,robotic,10
4,4,4. I am the author of my avatar's speech,4,,P16,repeat,robotic,10
4,5,5. Things my avatar says are subject only to my free will,5,,P16,repeat,robotic,10
4,6,6. Nothing my avatar says is actually voluntary,6,,P16,repeat,robotic,10
4,7,7. My avatar's behavior is planned by me from the very beginning to the very end,6,,P16,repeat,robotic,10
4,8,8. I am completely responsible for everything that results from my avatar's speech,5,,P16,repeat,robotic,10
4,9,9. I would use this response as my own.,6,,P16,repeat,robotic,10
5,1,1. I am in control of what my avatar says,3,,P16,counter,robotic,12
5,2,2. My avatar is just an instrument in the hands of somebody or something else,4,,P16,counter,robotic,12
5,3,3. My avatar's speech just happen without my intention,3,,P16,counter,robotic,12
5,4,4. I am the author of my avatar's speech,3,,P16,counter,robotic,12
5,5,5. Things my avatar says are subject only to my free will,3,,P16,counter,robotic,12
5,6,6. Nothing my avatar says is actually voluntary,3,,P16,counter,robotic,12
5,7,7. My avatar's behavior is planned by me from the very beginning to the very end,3,,P16,counter,robotic,12
5,8,8. I am completely responsible for everything that results from my avatar's speech,3,,P16,counter,robotic,12
5,9,9. I would use this response as my own.,3,,P16,counter,robotic,12
6,1,1. I am in control of what my avatar says,4,,P16,enhance,robotic,2
6,2,2. My avatar is just an instrument in the hands of somebody or something else,3,,P16,enhance,robotic,2
6,3,3. My avatar's speech just happen without my intention,3,,P16,enhance,robotic,2
6,4,4. I am the author of my avatar's speech,4,,P16,enhance,robotic,2
6,5,5. Things my avatar says are subject only to my free will,4,,P16,enhance,robotic,2
6,6,6. Nothing my avatar says is actually voluntary,5,,P16,enhance,robotic,2
6,7,7. My avatar's behavior is planned by me from the very beginning to the very end,5,,P16,enhance,robotic,2
6,8,8. I am completely responsible for everything that results from my avatar's speech,4,,P16,enhance,robotic,2
6,9,9. I would use this response as my own.,5,,P16,enhance,robotic,2
7,1,1. I am in control of what my avatar says,4,,P16,enhance,clone,3
7,2,2. My avatar is just an instrument in the hands of somebody or something else,4,,P16,enhance,clone,3
7,3,3. My avatar's speech just happen without my intention,4,,P16,enhance,clone,3
7,4,4. I am the author of my avatar's speech,5,,P16,enhance,clone,3
7,5,5. Things my avatar says are subject only to my free will,6,,P16,enhance,clone,3
7,6,6. Nothing my avatar says is actually voluntary,6,,P16,enhance,clone,3
7,7,7. My avatar's behavior is planned by me from the very beginning to the very end,4,,P16,enhance,clone,3
7,8,8. I am completely responsible for everything that results from my avatar's speech,4,,P16,enhance,clone,3
7,9,9. I would use this response as my own.,8,,P16,enhance,clone,3
8,1,1. I am in control of what my avatar says,4,,P16,counter,clone,5
8,2,2. My avatar is just an instrument in the hands of somebody or something else,5,,P16,counter,clone,5
8,3,3. My avatar's speech just happen without my intention,4,,P16,counter,clone,5
8,4,4. I am the author of my avatar's speech,6,,P16,counter,clone,5
8,5,5. Things my avatar says are subject only to my free will,3,,P16,counter,clone,5
8,6,6. Nothing my avatar says is actually voluntary,5,,P16,counter,clone,5
8,7,7. My avatar's behavior is planned by me from the very beginning to the very end,5,,P16,counter,clone,5
8,8,8. I am completely responsible for everything that results from my avatar's speech,4,,P16,counter,clone,5
8,9,9. I would use this response as my own.,8,,P16,counter,clone,5
9,1,1. I am in control of what my avatar says,4,,P16,repeat,clone,7
9,2,2. My avatar is just an instrument in the hands of somebody or something else,5,,P16,repeat,clone,7
9,3,3. My avatar's speech just happen without my intention,4,,P16,repeat,clone,7
9,4,4. I am the author of my avatar's speech,4,,P16,repeat,clone,7
9,5,5. Things my avatar says are subject only to my free will,4,,P16,repeat,clone,7
9,6,6. Nothing my avatar says is actually voluntary,5,,P16,repeat,clone,7
9,7,7. My avatar's behavior is planned by me from the very beginning to the very end,4,,P16,repeat,clone,7
9,8,8. I am completely responsible for everything that results from my avatar's speech,2,,P16,repeat,clone,7
9,9,9. I would use this response as my own.,3,,P16,repeat,clone,7
10,1,1. I am in control of what my avatar says,4,,P16,enhance,clone,9
10,2,2. My avatar is just an instrument in the hands of somebody or something else,5,,P16,enhance,clone,9
10,3,3. My avatar's speech just happen without my intention,5,,P16,enhance,clone,9
10,4,4. I am the author of my avatar's speech,3,,P16,enhance,clone,9
10,5,5. Things my avatar says are subject only to my free will,5,,P16,enhance,clone,9
10,6,6. Nothing my avatar says is actually voluntary,5,,P16,enhance,clone,9
10,7,7. My avatar's behavior is planned by me from the very beginning to the very end,5,,P16,enhance,clone,9
10,8,8. I am completely responsible for everything that results from my avatar's speech,2,,P16,enhance,clone,9
10,9,9. I would use this response as my own.,3,,P16,enhance,clone,9
11,1,1. I am in control of what my avatar says,2,,P16,counter,clone,11
11,2,2. My avatar is just an instrument in the hands of somebody or something else,3,,P16,counter,clone,11
11,3,3. My avatar's speech just happen without my intention,7,,P16,counter,clone,11
11,4,4. I am the author of my avatar's speech,2,,P16,counter,clone,11
11,5,5. Things my avatar says are subject only to my free will,2,,P16,counter,clone,11
11,6,6. Nothing my avatar says is actually voluntary,3,,P16,counter,clone,11
11,7,7. My avatar's behavior is planned by me from the very beginning to the very end,2,,P16,counter,clone,11
11,8,8. I am completely responsible for everything that results from my avatar's speech,3,,P16,counter,clone,11
11,9,9. I would use this response as my own.,2,,P16,counter,clone,11
12,1,1. I am in control of what my avatar says,1,,P16,repeat,clone,1
12,2,2. My avatar is just an instrument in the hands of somebody or something else,3,,P16,repeat,clone,1
12,3,3. My avatar's speech just happen without my intention,7,,P16,repeat,clone,1
12,4,4. I am the author of my avatar's speech,1,,P16,repeat,clone,1
12,5,5. Things my avatar says are subject only to my free will,2,,P16,repeat,clone,1
12,6,6. Nothing my avatar says is actually voluntary,2,,P16,repeat,clone,1
12,7,7. My avatar's behavior is planned by me from the very beginning to the very end,1,,P16,repeat,clone,1
12,8,8. I am completely responsible for everything that results from my avatar's speech,1,,P16,repeat,clone,1
12,9,9. I would use this response as my own.,1,,P16,repeat,clone,1
1,1,1. I am in control of what my avatar says,3,,P18,enhance,robotic,6
1,2,2. My avatar is just an instrument in the hands of somebody or something else,5,,P18,enhance,robotic,6
1,3,3. My avatar's speech just happen without my intention,5,,P18,enhance,robotic,6
1,4,4. I am the author of my avatar's speech,1,,P18,enhance,robotic,6
1,5,5. Things my avatar says are subject only to my free will,3,,P18,enhance,robotic,6
1,6,6. Nothing my avatar says is actually voluntary,3,,P18,enhance,robotic,6
1,7,7. My avatar's behavior is planned by me from the very beginning to the very end,3,,P18,enhance,robotic,6
1,8,8. I am completely responsible for everything that results from my avatar's speech,5,,P18,enhance,robotic,6
1,9,9. I would use this response as my own.,7,,P18,enhance,robotic,6
2,1,1. I am in control of what my avatar says,5,,P18,repeat,robotic,8
2,2,2. My avatar is just an instrument in the hands of somebody or something else,5,,P18,repeat,robotic,8
2,3,3. My avatar's speech just happen without my intention,6,,P18,repeat,robotic,8
2,4,4. I am the author of my avatar's speech,5,,P18,repeat,robotic,8
2,5,5. Things my avatar says are subject only to my free will,3,,P18,repeat,robotic,8
2,6,6. Nothing my avatar says is actually voluntary,2,,P18,repeat,robotic,8
2,7,7. My avatar's behavior is planned by me from the very beginning to the very end,1,,P18,repeat,robotic,8
2,8,8. I am completely responsible for everything that results from my avatar's speech,5,,P18,repeat,robotic,8
2,9,9. I would use this response as my own.,6,,P18,repeat,robotic,8
3,1,1. I am in control of what my avatar says,1,,P18,counter,robotic,10
3,2,2. My avatar is just an instrument in the hands of somebody or something else,7,,P18,counter,robotic,10
3,3,3. My avatar's speech just happen without my intention,7,,P18,counter,robotic,10
3,4,4. I am the author of my avatar's speech,1,,P18,counter,robotic,10
3,5,5. Things my avatar says are subject only to my free will,1,,P18,counter,robotic,10
3,6,6. Nothing my avatar says is actually voluntary,6,,P18,counter,robotic,10
3,7,7. My avatar's behavior is planned by me from the very beginning to the very end,1,,P18,counter,robotic,10
3,8,8. I am completely responsible for everything that results from my avatar's speech,1,,P18,counter,robotic,10
3,9,9. I would use this response as my own.,2,,P18,counter,robotic,10
4,1,1. I am in control of what my avatar says,1,,P18,enhance,robotic,12
4,2,2. My avatar is just an instrument in the hands of somebody or something else,7,,P18,enhance,robotic,12
4,3,3. My avatar's speech just happen without my intention,7,,P18,enhance,robotic,12
4,4,4. I am the author of my avatar's speech,1,,P18,enhance,robotic,12
4,5,5. Things my avatar says are subject only to my free will,1,,P18,enhance,robotic,12
4,6,6. Nothing my avatar says is actually voluntary,2,,P18,enhance,robotic,12
4,7,7. My avatar's behavior is planned by me from the very beginning to the very end,1,,P18,enhance,robotic,12
4,8,8. I am completely responsible for everything that results from my avatar's speech,1,,P18,enhance,robotic,12
4,9,9. I would use this response as my own.,2,,P18,enhance,robotic,12
5,1,1. I am in control of what my avatar says,5,,P18,repeat,robotic,2
5,2,2. My avatar is just an instrument in the hands of somebody or something else,5,,P18,repeat,robotic,2
5,3,3. My avatar's speech just happen without my intention,7,,P18,repeat,robotic,2
5,4,4. I am the author of my avatar's speech,5,,P18,repeat,robotic,2
5,5,5. Things my avatar says are subject only to my free will,5,,P18,repeat,robotic,2
5,6,6. Nothing my avatar says is actually voluntary,4,,P18,repeat,robotic,2
5,7,7. My avatar's behavior is planned by me from the very beginning to the very end,4,,P18,repeat,robotic,2
5,8,8. I am completely responsible for everything that results from my avatar's speech,5,,P18,repeat,robotic,2
5,9,9. I would use this response as my own.,7,,P18,repeat,robotic,2
6,1,1. I am in control of what my avatar says,1,,P18,counter,robotic,4
6,2,2. My avatar is just an instrument in the hands of somebody or something else,7,,P18,counter,robotic,4
6,3,3. My avatar's speech just happen without my intention,7,,P18,counter,robotic,4
6,4,4. I am the author of my avatar's speech,1,,P18,counter,robotic,4
6,5,5. Things my avatar says are subject only to my free will,1,,P18,counter,robotic,4
6,6,6. Nothing my avatar says is actually voluntary,7,,P18,counter,robotic,4
6,7,7. My avatar's behavior is planned by me from the very beginning to the very end,1,,P18,counter,robotic,4
6,8,8. I am completely responsible for everything that results from my avatar's speech,1,,P18,counter,robotic,4
6,9,9. I would use this response as my own.,1,,P18,counter,robotic,4
7,1,1. I am in control of what my avatar says,2,,P18,counter,clone,5
7,2,2. My avatar is just an instrument in the hands of somebody or something else,3,,P18,counter,clone,5
7,3,3. My avatar's speech just happen without my intention,3,,P18,counter,clone,5
7,4,4. I am the author of my avatar's speech,3,,P18,counter,clone,5
7,5,5. Things my avatar says are subject only to my free will,3,,P18,counter,clone,5
7,6,6. Nothing my avatar says is actually voluntary,5,,P18,counter,clone,5
7,7,7. My avatar's behavior is planned by me from the very beginning to the very end,2,,P18,counter,clone,5
7,8,8. I am completely responsible for everything that results from my avatar's speech,3,,P18,counter,clone,5
7,9,9. I would use this response as my own.,4,,P18,counter,clone,5
8,1,1. I am in control of what my avatar says,3,,P18,repeat,clone,7
8,2,2. My avatar is just an instrument in the hands of somebody or something else,2,,P18,repeat,clone,7
8,3,3. My avatar's speech just happen without my intention,3,,P18,repeat,clone,7
8,4,4. I am the author of my avatar's speech,7,,P18,repeat,clone,7
8,5,5. Things my avatar says are subject only to my free will,6,,P18,repeat,clone,7
8,6,6. Nothing my avatar says is actually voluntary,3,,P18,repeat,clone,7
8,7,7. My avatar's behavior is planned by me from the very beginning to the very end,2,,P18,repeat,clone,7
8,8,8. I am completely responsible for everything that results from my avatar's speech,6,,P18,repeat,clone,7
8,9,9. I would use this response as my own.,8,,P18,repeat,clone,7
9,1,1. I am in control of what my avatar says,5,,P18,enhance,clone,9
9,2,2. My avatar is just an instrument in the hands of somebody or something else,3,,P18,enhance,clone,9
9,3,3. My avatar's speech just happen without my intention,5,,P18,enhance,clone,9
9,4,4. I am the author of my avatar's speech,5,,P18,enhance,clone,9
9,5,5. Things my avatar says are subject only to my free will,5,,P18,enhance,clone,9
9,6,6. Nothing my avatar says is actually voluntary,2,,P18,enhance,clone,9
9,7,7. My avatar's behavior is planned by me from the very beginning to the very end,2,,P18,enhance,clone,9
9,8,8. I am completely responsible for everything that results from my avatar's speech,5,,P18,enhance,clone,9
9,9,9. I would use this response as my own.,6,,P18,enhance,clone,9
10,1,1. I am in control of what my avatar says,1,,P18,counter,clone,11
10,2,2. My avatar is just an instrument in the hands of somebody or something else,5,,P18,counter,clone,11
10,3,3. My avatar's speech just happen without my intention,7,,P18,counter,clone,11
10,4,4. I am the author of my avatar's speech,1,,P18,counter,clone,11
10,5,5. Things my avatar says are subject only to my free will,1,,P18,counter,clone,11
10,6,6. Nothing my avatar says is actually voluntary,5,,P18,counter,clone,11
10,7,7. My avatar's behavior is planned by me from the very beginning to the very end,3,,P18,counter,clone,11
10,8,8. I am completely responsible for everything that results from my avatar's speech,2,,P18,counter,clone,11
10,9,9. I would use this response as my own.,3,,P18,counter,clone,11
11,1,1. I am in control of what my avatar says,5,,P18,repeat,clone,1
11,2,2. My avatar is just an instrument in the hands of somebody or something else,3,,P18,repeat,clone,1
11,3,3. My avatar's speech just happen without my intention,3,,P18,repeat,clone,1
11,4,4. I am the author of my avatar's speech,6,,P18,repeat,clone,1
11,5,5. Things my avatar says are subject only to my free will,5,,P18,repeat,clone,1
11,6,6. Nothing my avatar says is actually voluntary,2,,P18,repeat,clone,1
11,7,7. My avatar's behavior is planned by me from the very beginning to the very end,5,,P18,repeat,clone,1
11,8,8. I am completely responsible for everything that results from my avatar's speech,6,,P18,repeat,clone,1
11,9,9. I would use this response as my own.,8,,P18,repeat,clone,1
12,1,1. I am in control of what my avatar says,7,,P18,enhance,clone,3
12,2,2. My avatar is just an instrument in the hands of somebody or something else,2,,P18,enhance,clone,3
12,3,3. My avatar's speech just happen without my intention,3,,P18,enhance,clone,3
12,4,4. I am the author of my avatar's speech,6,,P18,enhance,clone,3
12,5,5. Things my avatar says are subject only to my free will,6,,P18,enhance,clone,3
12,6,6. Nothing my avatar says is actually voluntary,1,,P18,enhance,clone,3
12,7,7. My avatar's behavior is planned by me from the very beginning to the very end,3,,P18,enhance,clone,3
12,8,8. I am completely responsible for everything that results from my avatar's speech,7,,P18,enhance,clone,3
12,9,9. I would use this response as my own.,9,,P18,enhance,clone,3
1,1,1. I am in control of what my avatar says,2,,P27,enhance,clone,11
1,2,2. My avatar is just an instrument in the hands of somebody or something else,6,,P27,enhance,clone,11
1,3,3. My avatar's speech just happen without my intention,1,,P27,enhance,clone,11
1,4,4. I am the author of my avatar's speech,5,,P27,enhance,clone,11
1,5,5. Things my avatar says are subject only to my free will,2,,P27,enhance,clone,11
1,6,6. Nothing my avatar says is actually voluntary,1,,P27,enhance,clone,11
1,7,7. My avatar's behavior is planned by me from the very beginning to the very end,2,,P27,enhance,clone,11
1,8,8. I am completely responsible for everything that results from my avatar's speech,1,,P27,enhance,clone,11
1,9,9. I would use this response as my own.,5,,P27,enhance,clone,11
2,1,1. I am in control of what my avatar says,6,,P27,repeat,clone,1
2,2,2. My avatar is just an instrument in the hands of somebody or something else,3,,P27,repeat,clone,1
2,3,3. My avatar's speech just happen without my intention,1,,P27,repeat,clone,1
2,4,4. I am the author of my avatar's speech,6,,P27,repeat,clone,1
2,5,5. Things my avatar says are subject only to my free will,5,,P27,repeat,clone,1
2,6,6. Nothing my avatar says is actually voluntary,2,,P27,repeat,clone,1
2,7,7. My avatar's behavior is planned by me from the very beginning to the very end,3,,P27,repeat,clone,1
2,8,8. I am completely responsible for everything that results from my avatar's speech,5,,P27,repeat,clone,1
2,9,9. I would use this response as my own.,6,,P27,repeat,clone,1
3,1,1. I am in control of what my avatar says,1,,P27,counter,clone,3
3,2,2. My avatar is just an instrument in the hands of somebody or something else,2,,P27,counter,clone,3
3,3,3. My avatar's speech just happen without my intention,7,,P27,counter,clone,3
3,4,4. I am the author of my avatar's speech,1,,P27,counter,clone,3
3,5,5. Things my avatar says are subject only to my free will,1,,P27,counter,clone,3
3,6,6. Nothing my avatar says is actually voluntary,6,,P27,counter,clone,3
3,7,7. My avatar's behavior is planned by me from the very beginning to the very end,2,,P27,counter,clone,3
3,8,8. I am completely responsible for everything that results from my avatar's speech,1,,P27,counter,clone,3
3,9,9. I would use this response as my own.,2,,P27,counter,clone,3
4,1,1. I am in control of what my avatar says,3,,P27,enhance,clone,5
4,2,2. My avatar is just an instrument in the hands of somebody or something else,5,,P27,enhance,clone,5
4,3,3. My avatar's speech just happen without my intention,5,,P27,enhance,clone,5
4,4,4. I am the author of my avatar's speech,5,,P27,enhance,clone,5
4,5,5. Things my avatar says are subject only to my free will,3,,P27,enhance,clone,5
4,6,6. Nothing my avatar says is actually voluntary,6,,P27,enhance,clone,5
4,7,7. My avatar's behavior is planned by me from the very beginning to the very end,3,,P27,enhance,clone,5
4,8,8. I am completely responsible for everything that results from my avatar's speech,4,,P27,enhance,clone,5
4,9,9. I would use this response as my own.,5,,P27,enhance,clone,5
5,1,1. I am in control of what my avatar says,5,,P27,repeat,clone,7
5,2,2. My avatar is just an instrument in the hands of somebody or something else,6,,P27,repeat,clone,7
5,3,3. My avatar's speech just happen without my intention,2,,P27,repeat,clone,7
5,4,4. I am the author of my avatar's speech,5,,P27,repeat,clone,7
5,5,5. Things my avatar says are subject only to my free will,4,,P27,repeat,clone,7
5,6,6. Nothing my avatar says is actually voluntary,6,,P27,repeat,clone,7
5,7,7. My avatar's behavior is planned by me from the very beginning to the very end,4,,P27,repeat,clone,7
5,8,8. I am completely responsible for everything that results from my avatar's speech,4,,P27,repeat,clone,7
5,9,9. I would use this response as my own.,7,,P27,repeat,clone,7
6,1,1. I am in control of what my avatar says,1,,P27,counter,clone,9
6,2,2. My avatar is just an instrument in the hands of somebody or something else,7,,P27,counter,clone,9
6,3,3. My avatar's speech just happen without my intention,7,,P27,counter,clone,9
6,4,4. I am the author of my avatar's speech,1,,P27,counter,clone,9
6,5,5. Things my avatar says are subject only to my free will,1,,P27,counter,clone,9
6,6,6. Nothing my avatar says is actually voluntary,1,,P27,counter,clone,9
6,7,7. My avatar's behavior is planned by me from the very beginning to the very end,1,,P27,counter,clone,9
6,8,8. I am completely responsible for everything that results from my avatar's speech,1,,P27,counter,clone,9
6,9,9. I would use this response as my own.,1,,P27,counter,clone,9
7,1,1. I am in control of what my avatar says,5,,P27,counter,robotic,12
7,2,2. My avatar is just an instrument in the hands of somebody or something else,5,,P27,counter,robotic,12
7,3,3. My avatar's speech just happen without my intention,4,,P27,counter,robotic,12
7,4,4. I am the author of my avatar's speech,4,,P27,counter,robotic,12
7,5,5. Things my avatar says are subject only to my free will,4,,P27,counter,robotic,12
7,6,6. Nothing my avatar says is actually voluntary,3,,P27,counter,robotic,12
7,7,7. My avatar's behavior is planned by me from the very beginning to the very end,3,,P27,counter,robotic,12
7,8,8. I am completely responsible for everything that results from my avatar's speech,3,,P27,counter,robotic,12
7,9,9. I would use this response as my own.,5,,P27,counter,robotic,12
8,1,1. I am in control of what my avatar says,2,,P27,repeat,robotic,2
8,2,2. My avatar is just an instrument in the hands of somebody or something else,5,,P27,repeat,robotic,2
8,3,3. My avatar's speech just happen without my intention,5,,P27,repeat,robotic,2
8,4,4. I am the author of my avatar's speech,4,,P27,repeat,robotic,2
8,5,5. Things my avatar says are subject only to my free will,3,,P27,repeat,robotic,2
8,6,6. Nothing my avatar says is actually voluntary,5,,P27,repeat,robotic,2
8,7,7. My avatar's behavior is planned by me from the very beginning to the very end,3,,P27,repeat,robotic,2
8,8,8. I am completely responsible for everything that results from my avatar's speech,2,,P27,repeat,robotic,2
8,9,9. I would use this response as my own.,4,,P27,repeat,robotic,2
9,1,1. I am in control of what my avatar says,5,,P27,enhance,robotic,4
9,2,2. My avatar is just an instrument in the hands of somebody or something else,5,,P27,enhance,robotic,4
9,3,3. My avatar's speech just happen without my intention,5,,P27,enhance,robotic,4
9,4,4. I am the author of my avatar's speech,5,,P27,enhance,robotic,4
9,5,5. Things my avatar says are subject only to my free will,5,,P27,enhance,robotic,4
9,6,6. Nothing my avatar says is actually voluntary,5,,P27,enhance,robotic,4
9,7,7. My avatar's behavior is planned by me from the very beginning to the very end,4,,P27,enhance,robotic,4
9,8,8. I am completely responsible for everything that results from my avatar's speech,4,,P27,enhance,robotic,4
9,9,9. I would use this response as my own.,9,,P27,enhance,robotic,4
10,1,1. I am in control of what my avatar says,1,,P27,counter,robotic,6
10,2,2. My avatar is just an instrument in the hands of somebody or something else,7,,P27,counter,robotic,6
10,3,3. My avatar's speech just happen without my intention,7,,P27,counter,robotic,6
10,4,4. I am the author of my avatar's speech,1,,P27,counter,robotic,6
10,5,5. Things my avatar says are subject only to my free will,4,,P27,counter,robotic,6
10,6,6. Nothing my avatar says is actually voluntary,7,,P27,counter,robotic,6
10,7,7. My avatar's behavior is planned by me from the very beginning to the very end,2,,P27,counter,robotic,6
10,8,8. I am completely responsible for everything that results from my avatar's speech,1,,P27,counter,robotic,6
10,9,9. I would use this response as my own.,9,,P27,counter,robotic,6
11,1,1. I am in control of what my avatar says,1,,P27,repeat,robotic,8
11,2,2. My avatar is just an instrument in the hands of somebody or something else,7,,P27,repeat,robotic,8
11,3,3. My avatar's speech just happen without my intention,7,,P27,repeat,robotic,8
11,4,4. I am the author of my avatar's speech,1,,P27,repeat,robotic,8
11,5,5. Things my avatar says are subject only to my free will,1,,P27,repeat,robotic,8
11,6,6. Nothing my avatar says is actually voluntary,7,,P27,repeat,robotic,8
11,7,7. My avatar's behavior is planned by me from the very beginning to the very end,1,,P27,repeat,robotic,8
11,8,8. I am completely responsible for everything that results from my avatar's speech,1,,P27,repeat,robotic,8
11,9,9. I would use this response as my own.,1,,P27,repeat,robotic,8
12,1,1. I am in control of what my avatar says,2,,P27,enhance,robotic,10
12,2,2. My avatar is just an instrument in the hands of somebody or something else,3,,P27,enhance,robotic,10
12,3,3. My avatar's speech just happen without my intention,5,,P27,enhance,robotic,10
12,4,4. I am the author of my avatar's speech,2,,P27,enhance,robotic,10
12,5,5. Things my avatar says are subject only to my free will,6,,P27,enhance,robotic,10
12,6,6. Nothing my avatar says is actually voluntary,6,,P27,enhance,robotic,10
12,7,7. My avatar's behavior is planned by me from the very beginning to the very end,4,,P27,enhance,robotic,10
12,8,8. I am completely responsible for everything that results from my avatar's speech,3,,P27,enhance,robotic,10
12,9,9. I would use this response as my own.,4,,P27,enhance,robotic,10
1,1,1. I am in control of what my avatar says,2,,P05,counter,clone,5
1,2,2. My avatar is just an instrument in the hands of somebody or something else,3,,P05,counter,clone,5
1,3,3. My avatar's speech just happen without my intention,7,,P05,counter,clone,5
1,4,4. I am the author of my avatar's speech,2,,P05,counter,clone,5
1,5,5. Things my avatar says are subject only to my free will,1,,P05,counter,clone,5
1,6,6. Nothing my avatar says is actually voluntary,7,,P05,counter,clone,5
1,7,7. My avatar's behavior is planned by me from the very beginning to the very end,1,,P05,counter,clone,5
1,8,8. I am completely responsible for everything that results from my avatar's speech,2,,P05,counter,clone,5
1,9,9. I would use this response as my own.,5,,P05,counter,clone,5
2,1,1. I am in control of what my avatar says,4,,P05,repeat,clone,7
2,2,2. My avatar is just an instrument in the hands of somebody or something else,2,,P05,repeat,clone,7
2,3,3. My avatar's speech just happen without my intention,3,,P05,repeat,clone,7
2,4,4. I am the author of my avatar's speech,5,,P05,repeat,clone,7
2,5,5. Things my avatar says are subject only to my free will,5,,P05,repeat,clone,7
2,6,6. Nothing my avatar says is actually voluntary,5,,P05,repeat,clone,7
2,7,7. My avatar's behavior is planned by me from the very beginning to the very end,6,,P05,repeat,clone,7
2,8,8. I am completely responsible for everything that results from my avatar's speech,6,,P05,repeat,clone,7
2,9,9. I would use this response as my own.,8,,P05,repeat,clone,7
3,1,1. I am in control of what my avatar says,4,,P05,enhance,clone,9
3,2,2. My avatar is just an instrument in the hands of somebody or something else,3,,P05,enhance,clone,9
3,3,3. My avatar's speech just happen without my intention,2,,P05,enhance,clone,9
3,4,4. I am the author of my avatar's speech,4,,P05,enhance,clone,9
3,5,5. Things my avatar says are subject only to my free will,5,,P05,enhance,clone,9
3,6,6. Nothing my avatar says is actually voluntary,2,,P05,enhance,clone,9
3,7,7. My avatar's behavior is planned by me from the very beginning to the very end,6,,P05,enhance,clone,9
3,8,8. I am completely responsible for everything that results from my avatar's speech,3,,P05,enhance,clone,9
3,9,9. I would use this response as my own.,4,,P05,enhance,clone,9
4,1,1. I am in control of what my avatar says,1,,P05,counter,clone,11
4,2,2. My avatar is just an instrument in the hands of somebody or something else,6,,P05,counter,clone,11
4,3,3. My avatar's speech just happen without my intention,6,,P05,counter,clone,11
4,4,4. I am the author of my avatar's speech,1,,P05,counter,clone,11
4,5,5. Things my avatar says are subject only to my free will,1,,P05,counter,clone,11
4,6,6. Nothing my avatar says is actually voluntary,7,,P05,counter,clone,11
4,7,7. My avatar's behavior is planned by me from the very beginning to the very end,1,,P05,counter,clone,11
4,8,8. I am completely responsible for everything that results from my avatar's speech,1,,P05,counter,clone,11
4,9,9. I would use this response as my own.,1,,P05,counter,clone,11
5,1,1. I am in control of what my avatar says,6,,P05,repeat,clone,1
5,2,2. My avatar is just an instrument in the hands of somebody or something else,2,,P05,repeat,clone,1
5,3,3. My avatar's speech just happen without my intention,2,,P05,repeat,clone,1
5,4,4. I am the author of my avatar's speech,6,,P05,repeat,clone,1
5,5,5. Things my avatar says are subject only to my free will,6,,P05,repeat,clone,1
5,6,6. Nothing my avatar says is actually voluntary,2,,P05,repeat,clone,1
5,7,7. My avatar's behavior is planned by me from the very beginning to the very end,6,,P05,repeat,clone,1
5,8,8. I am completely responsible for everything that results from my avatar's speech,6,,P05,repeat,clone,1
5,9,9. I would use this response as my own.,8,,P05,repeat,clone,1
6,1,1. I am in control of what my avatar says,3,,P05,enhance,clone,3
6,2,2. My avatar is just an instrument in the hands of somebody or something else,6,,P05,enhance,clone,3
6,3,3. My avatar's speech just happen without my intention,5,,P05,enhance,clone,3
6,4,4. I am the author of my avatar's speech,2,,P05,enhance,clone,3
6,5,5. Things my avatar says are subject only to my free will,5,,P05,enhance,clone,3
6,6,6. Nothing my avatar says is actually voluntary,5,,P05,enhance,clone,3
6,7,7. My avatar's behavior is planned by me from the very beginning to the very end,3,,P05,enhance,clone,3
6,8,8. I am completely responsible for everything that results from my avatar's speech,3,,P05,enhance,clone,3
6,9,9. I would use this response as my own.,7,,P05,enhance,clone,3
7,1,1. I am in control of what my avatar says,4,,P05,enhance,robotic,6
7,2,2. My avatar is just an instrument in the hands of somebody or something else,4,,P05,enhance,robotic,6
7,3,3. My avatar's speech just happen without my intention,3,,P05,enhance,robotic,6
7,4,4. I am the author of my avatar's speech,4,,P05,enhance,robotic,6
7,5,5. Things my avatar says are subject only to my free will,5,,P05,enhance,robotic,6
7,6,6. Nothing my avatar says is actually voluntary,4,,P05,enhance,robotic,6
7,7,7. My avatar's behavior is planned by me from the very beginning to the very end,5,,P05,enhance,robotic,6
7,8,8. I am completely responsible for everything that results from my avatar's speech,3,,P05,enhance,robotic,6
7,9,9. I would use this response as my own.,9,,P05,enhance,robotic,6
8,1,1. I am in control of what my avatar says,7,,P05,repeat,robotic,8
8,2,2. My avatar is just an instrument in the hands of somebody or something else,1,,P05,repeat,robotic,8
8,3,3. My avatar's speech just happen without my intention,1,,P05,repeat,robotic,8
8,4,4. I am the author of my avatar's speech,7,,P05,repeat,robotic,8
8,5,5. Things my avatar says are subject only to my free will,7,,P05,repeat,robotic,8
8,6,6. Nothing my avatar says is actually voluntary,1,,P05,repeat,robotic,8
8,7,7. My avatar's behavior is planned by me from the very beginning to the very end,7,,P05,repeat,robotic,8
8,8,8. I am completely responsible for everything that results from my avatar's speech,7,,P05,repeat,robotic,8
8,9,9. I would use this response as my own.,10,,P05,repeat,robotic,8
9,1,1. I am in control of what my avatar says,1,,P05,counter,robotic,10
9,2,2. My avatar is just an instrument in the hands of somebody or something else,6,,P05,counter,robotic,10
9,3,3. My avatar's speech just happen without my intention,6,,P05,counter,robotic,10
9,4,4. I am the author of my avatar's speech,2,,P05,counter,robotic,10
9,5,5. Things my avatar says are subject only to my free will,2,,P05,counter,robotic,10
9,6,6. Nothing my avatar says is actually voluntary,6,,P05,counter,robotic,10
9,7,7. My avatar's behavior is planned by me from the very beginning to the very end,2,,P05,counter,robotic,10
9,8,8. I am completely responsible for everything that results from my avatar's speech,1,,P05,counter,robotic,10
9,9,9. I would use this response as my own.,2,,P05,counter,robotic,10
10,1,1. I am in control of what my avatar says,6,,P05,enhance,robotic,12
10,2,2. My avatar is just an instrument in the hands of somebody or something else,2,,P05,enhance,robotic,12
10,3,3. My avatar's speech just happen without my intention,2,,P05,enhance,robotic,12
10,4,4. I am the author of my avatar's speech,6,,P05,enhance,robotic,12
10,5,5. Things my avatar says are subject only to my free will,6,,P05,enhance,robotic,12
10,6,6. Nothing my avatar says is actually voluntary,2,,P05,enhance,robotic,12
10,7,7. My avatar's behavior is planned by me from the very beginning to the very end,6,,P05,enhance,robotic,12
10,8,8. I am completely responsible for everything that results from my avatar's speech,6,,P05,enhance,robotic,12
10,9,9. I would use this response as my own.,10,,P05,enhance,robotic,12
11,1,1. I am in control of what my avatar says,7,,P05,repeat,robotic,2
11,2,2. My avatar is just an instrument in the hands of somebody or something else,1,,P05,repeat,robotic,2
11,3,3. My avatar's speech just happen without my intention,1,,P05,repeat,robotic,2
11,4,4. I am the author of my avatar's speech,7,,P05,repeat,robotic,2
11,5,5. Things my avatar says are subject only to my free will,7,,P05,repeat,robotic,2
11,6,6. Nothing my avatar says is actually voluntary,1,,P05,repeat,robotic,2
11,7,7. My avatar's behavior is planned by me from the very beginning to the very end,7,,P05,repeat,robotic,2
11,8,8. I am completely responsible for everything that results from my avatar's speech,7,,P05,repeat,robotic,2
11,9,9. I would use this response as my own.,10,,P05,repeat,robotic,2
12,1,1. I am in control of what my avatar says,4,,P05,counter,robotic,4
12,2,2. My avatar is just an instrument in the hands of somebody or something else,5,,P05,counter,robotic,4
12,3,3. My avatar's speech just happen without my intention,5,,P05,counter,robotic,4
12,4,4. I am the author of my avatar's speech,2,,P05,counter,robotic,4
12,5,5. Things my avatar says are subject only to my free will,2,,P05,counter,robotic,4
12,6,6. Nothing my avatar says is actually voluntary,4,,P05,counter,robotic,4
12,7,7. My avatar's behavior is planned by me from the very beginning to the very end,3,,P05,counter,robotic,4
12,8,8. I am completely responsible for everything that results from my avatar's speech,2,,P05,counter,robotic,4
12,9,9. I would use this response as my own.,4,,P05,counter,robotic,4
1,1,1. I am in control of what my avatar says,4,,P02,repeat,clone,2
1,2,2. My avatar is just an instrument in the hands of somebody or something else,2,,P02,repeat,clone,2
1,3,3. My avatar's speech just happen without my intention,7,,P02,repeat,clone,2
1,4,4. I am the author of my avatar's speech,7,,P02,repeat,clone,2
1,5,5. Things my avatar says are subject only to my free will,1,,P02,repeat,clone,2
1,6,6. Nothing my avatar says is actually voluntary,7,,P02,repeat,clone,2
1,7,7. My avatar's behavior is planned by me from the very beginning to the very end,5,,P02,repeat,clone,2
1,8,8. I am completely responsible for everything that results from my avatar's speech,1,,P02,repeat,clone,2
1,9,9. I would use this response as my own.,4,,P02,repeat,clone,2
2,1,1. I am in control of what my avatar says,1,,P02,enhance,clone,4
2,2,2. My avatar is just an instrument in the hands of somebody or something else,6,,P02,enhance,clone,4
2,3,3. My avatar's speech just happen without my intention,6,,P02,enhance,clone,4
2,4,4. I am the author of my avatar's speech,1,,P02,enhance,clone,4
2,5,5. Things my avatar says are subject only to my free will,1,,P02,enhance,clone,4
2,6,6. Nothing my avatar says is actually voluntary,7,,P02,enhance,clone,4
2,7,7. My avatar's behavior is planned by me from the very beginning to the very end,1,,P02,enhance,clone,4
2,8,8. I am completely responsible for everything that results from my avatar's speech,1,,P02,enhance,clone,4
2,9,9. I would use this response as my own.,8,,P02,enhance,clone,4
3,1,1. I am in control of what my avatar says,1,,P02,counter,clone,6
3,2,2. My avatar is just an instrument in the hands of somebody or something else,7,,P02,counter,clone,6
3,3,3. My avatar's speech just happen without my intention,6,,P02,counter,clone,6
3,4,4. I am the author of my avatar's speech,3,,P02,counter,clone,6
3,5,5. Things my avatar says are subject only to my free will,1,,P02,counter,clone,6
3,6,6. Nothing my avatar says is actually voluntary,6,,P02,counter,clone,6
3,7,7. My avatar's behavior is planned by me from the very beginning to the very end,2,,P02,counter,clone,6
3,8,8. I am completely responsible for everything that results from my avatar's speech,3,,P02,counter,clone,6
3,9,9. I would use this response as my own.,3,,P02,counter,clone,6
4,1,1. I am in control of what my avatar says,3,,P02,repeat,clone,8
4,2,2. My avatar is just an instrument in the hands of somebody or something else,5,,P02,repeat,clone,8
4,3,3. My avatar's speech just happen without my intention,3,,P02,repeat,clone,8
4,4,4. I am the author of my avatar's speech,4,,P02,repeat,clone,8
4,5,5. Things my avatar says are subject only to my free will,5,,P02,repeat,clone,8
4,6,6. Nothing my avatar says is actually voluntary,3,,P02,repeat,clone,8
4,7,7. My avatar's behavior is planned by me from the very beginning to the very end,3,,P02,repeat,clone,8
4,8,8. I am completely responsible for everything that results from my avatar's speech,2,,P02,repeat,clone,8
4,9,9. I would use this response as my own.,2,,P02,repeat,clone,8
5,1,1. I am in control of what my avatar says,4,,P02,enhance,clone,10
5,2,2. My avatar is just an instrument in the hands of somebody or something else,4,,P02,enhance,clone,10
5,3,3. My avatar's speech just happen without my intention,2,,P02,enhance,clone,10
5,4,4. I am the author of my avatar's speech,5,,P02,enhance,clone,10
5,5,5. Things my avatar says are subject only to my free will,3,,P02,enhance,clone,10
5,6,6. Nothing my avatar says is actually voluntary,2,,P02,enhance,clone,10
5,7,7. My avatar's behavior is planned by me from the very beginning to the very end,5,,P02,enhance,clone,10
5,8,8. I am completely responsible for everything that results from my avatar's speech,3,,P02,enhance,clone,10
5,9,9. I would use this response as my own.,7,,P02,enhance,clone,10
6,1,1. I am in control of what my avatar says,4,,P02,counter,clone,12
6,2,2. My avatar is just an instrument in the hands of somebody or something else,5,,P02,counter,clone,12
6,3,3. My avatar's speech just happen without my intention,3,,P02,counter,clone,12
6,4,4. I am the author of my avatar's speech,4,,P02,counter,clone,12
6,5,5. Things my avatar says are subject only to my free will,5,,P02,counter,clone,12
6,6,6. Nothing my avatar says is actually voluntary,3,,P02,counter,clone,12
6,7,7. My avatar's behavior is planned by me from the very beginning to the very end,4,,P02,counter,clone,12
6,8,8. I am completely responsible for everything that results from my avatar's speech,5,,P02,counter,clone,12
6,9,9. I would use this response as my own.,2,,P02,counter,clone,12
7,1,1. I am in control of what my avatar says,2,,P02,counter,robotic,1
7,2,2. My avatar is just an instrument in the hands of somebody or something else,3,,P02,counter,robotic,1
7,3,3. My avatar's speech just happen without my intention,5,,P02,counter,robotic,1
7,4,4. I am the author of my avatar's speech,3,,P02,counter,robotic,1
7,5,5. Things my avatar says are subject only to my free will,2,,P02,counter,robotic,1
7,6,6. Nothing my avatar says is actually voluntary,5,,P02,counter,robotic,1
7,7,7. My avatar's behavior is planned by me from the very beginning to the very end,3,,P02,counter,robotic,1
7,8,8. I am completely responsible for everything that results from my avatar's speech,2,,P02,counter,robotic,1
7,9,9. I would use this response as my own.,1,,P02,counter,robotic,1
8,1,1. I am in control of what my avatar says,6,,P02,enhance,robotic,3
8,2,2. My avatar is just an instrument in the hands of somebody or something else,3,,P02,enhance,robotic,3
8,3,3. My avatar's speech just happen without my intention,3,,P02,enhance,robotic,3
8,4,4. I am the author of my avatar's speech,6,,P02,enhance,robotic,3
8,5,5. Things my avatar says are subject only to my free will,5,,P02,enhance,robotic,3
8,6,6. Nothing my avatar says is actually voluntary,3,,P02,enhance,robotic,3
8,7,7. My avatar's behavior is planned by me from the very beginning to the very end,5,,P02,enhance,robotic,3
8,8,8. I am completely responsible for everything that results from my avatar's speech,2,,P02,enhance,robotic,3
8,9,9. I would use this response as my own.,9,,P02,enhance,robotic,3
9,1,1. I am in control of what my avatar says,6,,P02,repeat,robotic,5
9,2,2. My avatar is just an instrument in the hands of somebody or something else,3,,P02,repeat,robotic,5
9,3,3. My avatar's speech just happen without my intention,2,,P02,repeat,robotic,5
9,4,4. I am the author of my avatar's speech,6,,P02,repeat,robotic,5
9,5,5. Things my avatar says are subject only to my free will,6,,P02,repeat,robotic,5
9,6,6. Nothing my avatar says is actually voluntary,3,,P02,repeat,robotic,5
9,7,7. My avatar's behavior is planned by me from the very beginning to the very end,3,,P02,repeat,robotic,5
9,8,8. I am completely responsible for everything that results from my avatar's speech,5,,P02,repeat,robotic,5
9,9,9. I would use this response as my own.,9,,P02,repeat,robotic,5
10,1,1. I am in control of what my avatar says,2,,P02,counter,robotic,7
10,2,2. My avatar is just an instrument in the hands of somebody or something else,2,,P02,counter,robotic,7
10,3,3. My avatar's speech just happen without my intention,6,,P02,counter,robotic,7
10,4,4. I am the author of my avatar's speech,2,,P02,counter,robotic,7
10,5,5. Things my avatar says are subject only to my free will,3,,P02,counter,robotic,7
10,6,6. Nothing my avatar says is actually voluntary,5,,P02,counter,robotic,7
10,7,7. My avatar's behavior is planned by me from the very beginning to the very end,2,,P02,counter,robotic,7
10,8,8. I am completely responsible for everything that results from my avatar's speech,2,,P02,counter,robotic,7
10,9,9. I would use this response as my own.,3,,P02,counter,robotic,7
11,1,1. I am in control of what my avatar says,5,,P02,enhance,robotic,9
11,2,2. My avatar is just an instrument in the hands of somebody or something else,4,,P02,enhance,robotic,9
11,3,3. My avatar's speech just happen without my intention,5,,P02,enhance,robotic,9
11,4,4. I am the author of my avatar's speech,5,,P02,enhance,robotic,9
11,5,5. Things my avatar says are subject only to my free will,5,,P02,enhance,robotic,9
11,6,6. Nothing my avatar says is actually voluntary,2,,P02,enhance,robotic,9
11,7,7. My avatar's behavior is planned by me from the very beginning to the very end,5,,P02,enhance,robotic,9
11,8,8. I am completely responsible for everything that results from my avatar's speech,5,,P02,enhance,robotic,9
11,9,9. I would use this response as my own.,7,,P02,enhance,robotic,9
12,1,1. I am in control of what my avatar says,5,,P02,repeat,robotic,11
12,2,2. My avatar is just an instrument in the hands of somebody or something else,4,,P02,repeat,robotic,11
12,3,3. My avatar's speech just happen without my intention,3,,P02,repeat,robotic,11
12,4,4. I am the author of my avatar's speech,4,,P02,repeat,robotic,11
12,5,5. Things my avatar says are subject only to my free will,4,,P02,repeat,robotic,11
12,6,6. Nothing my avatar says is actually voluntary,3,,P02,repeat,robotic,11
12,7,7. My avatar's behavior is planned by me from the very beginning to the very end,4,,P02,repeat,robotic,11
12,8,8. I am completely responsible for everything that results from my avatar's speech,5,,P02,repeat,robotic,11
12,9,9. I would use this response as my own.,3,,P02,repeat,robotic,11
1,1,1. I am in control of what my avatar says,3,,P03,enhance,clone,3
1,2,2. My avatar is just an instrument in the hands of somebody or something else,1,,P03,enhance,clone,3
1,3,3. My avatar's speech just happen without my intention,4,,P03,enhance,clone,3
1,4,4. I am the author of my avatar's speech,7,,P03,enhance,clone,3
1,5,5. Things my avatar says are subject only to my free will,4,,P03,enhance,clone,3
1,6,6. Nothing my avatar says is actually voluntary,1,,P03,enhance,clone,3
1,7,7. My avatar's behavior is planned by me from the very beginning to the very end,4,,P03,enhance,clone,3
1,8,8. I am completely responsible for everything that results from my avatar's speech,1,,P03,enhance,clone,3
1,9,9. I would use this response as my own.,6,,P03,enhance,clone,3
2,1,1. I am in control of what my avatar says,3,,P03,counter,clone,5
2,2,2. My avatar is just an instrument in the hands of somebody or something else,1,,P03,counter,clone,5
2,3,3. My avatar's speech just happen without my intention,3,,P03,counter,clone,5
2,4,4. I am the author of my avatar's speech,7,,P03,counter,clone,5
2,5,5. Things my avatar says are subject only to my free will,4,,P03,counter,clone,5
2,6,6. Nothing my avatar says is actually voluntary,1,,P03,counter,clone,5
2,7,7. My avatar's behavior is planned by me from the very beginning to the very end,3,,P03,counter,clone,5
2,8,8. I am completely responsible for everything that results from my avatar's speech,3,,P03,counter,clone,5
2,9,9. I would use this response as my own.,5,,P03,counter,clone,5
3,1,1. I am in control of what my avatar says,6,,P03,repeat,clone,7
3,2,2. My avatar is just an instrument in the hands of somebody or something else,4,,P03,repeat,clone,7
3,3,3. My avatar's speech just happen without my intention,2,,P03,repeat,clone,7
3,4,4. I am the author of my avatar's speech,7,,P03,repeat,clone,7
3,5,5. Things my avatar says are subject only to my free will,5,,P03,repeat,clone,7
3,6,6. Nothing my avatar says is actually voluntary,1,,P03,repeat,clone,7
3,7,7. My avatar's behavior is planned by me from the very beginning to the very end,4,,P03,repeat,clone,7
3,8,8. I am completely responsible for everything that results from my avatar's speech,4,,P03,repeat,clone,7
3,9,9. I would use this response as my own.,8,,P03,repeat,clone,7
4,1,1. I am in control of what my avatar says,4,,P03,enhance,clone,9
4,2,2. My avatar is just an instrument in the hands of somebody or something else,4,,P03,enhance,clone,9
4,3,3. My avatar's speech just happen without my intention,1,,P03,enhance,clone,9
4,4,4. I am the author of my avatar's speech,7,,P03,enhance,clone,9
4,5,5. Things my avatar says are subject only to my free will,4,,P03,enhance,clone,9
4,6,6. Nothing my avatar says is actually voluntary,1,,P03,enhance,clone,9
4,7,7. My avatar's behavior is planned by me from the very beginning to the very end,4,,P03,enhance,clone,9
4,8,8. I am completely responsible for everything that results from my avatar's speech,4,,P03,enhance,clone,9
4,9,9. I would use this response as my own.,6,,P03,enhance,clone,9
5,1,1. I am in control of what my avatar says,3,,P03,counter,clone,11
5,2,2. My avatar is just an instrument in the hands of somebody or something else,4,,P03,counter,clone,11
5,3,3. My avatar's speech just happen without my intention,5,,P03,counter,clone,11
5,4,4. I am the author of my avatar's speech,6,,P03,counter,clone,11
5,5,5. Things my avatar says are subject only to my free will,4,,P03,counter,clone,11
5,6,6. Nothing my avatar says is actually voluntary,1,,P03,counter,clone,11
5,7,7. My avatar's behavior is planned by me from the very beginning to the very end,4,,P03,counter,clone,11
5,8,8. I am completely responsible for everything that results from my avatar's speech,3,,P03,counter,clone,11
5,9,9. I would use this response as my own.,4,,P03,counter,clone,11
6,1,1. I am in control of what my avatar says,4,,P03,repeat,clone,1
6,2,2. My avatar is just an instrument in the hands of somebody or something else,3,,P03,repeat,clone,1
6,3,3. My avatar's speech just happen without my intention,4,,P03,repeat,clone,1
6,4,4. I am the author of my avatar's speech,7,,P03,repeat,clone,1
6,5,5. Things my avatar says are subject only to my free will,4,,P03,repeat,clone,1
6,6,6. Nothing my avatar says is actually voluntary,1,,P03,repeat,clone,1
6,7,7. My avatar's behavior is planned by me from the very beginning to the very end,4,,P03,repeat,clone,1
6,8,8. I am completely responsible for everything that results from my avatar's speech,4,,P03,repeat,clone,1
6,9,9. I would use this response as my own.,5,,P03,repeat,clone,1
7,1,1. I am in control of what my avatar says,5,,P03,repeat,robotic,4
7,2,2. My avatar is just an instrument in the hands of somebody or something else,4,,P03,repeat,robotic,4
7,3,3. My avatar's speech just happen without my intention,3,,P03,repeat,robotic,4
7,4,4. I am the author of my avatar's speech,7,,P03,repeat,robotic,4
7,5,5. Things my avatar says are subject only to my free will,4,,P03,repeat,robotic,4
7,6,6. Nothing my avatar says is actually voluntary,1,,P03,repeat,robotic,4
7,7,7. My avatar's behavior is planned by me from the very beginning to the very end,4,,P03,repeat,robotic,4
7,8,8. I am completely responsible for everything that results from my avatar's speech,5,,P03,repeat,robotic,4
7,9,9. I would use this response as my own.,7,,P03,repeat,robotic,4
8,1,1. I am in control of what my avatar says,3,,P03,counter,robotic,6
8,2,2. My avatar is just an instrument in the hands of somebody or something else,4,,P03,counter,robotic,6
8,3,3. My avatar's speech just happen without my intention,4,,P03,counter,robotic,6
8,4,4. I am the author of my avatar's speech,5,,P03,counter,robotic,6
8,5,5. Things my avatar says are subject only to my free will,3,,P03,counter,robotic,6
8,6,6. Nothing my avatar says is actually voluntary,1,,P03,counter,robotic,6
8,7,7. My avatar's behavior is planned by me from the very beginning to the very end,4,,P03,counter,robotic,6
8,8,8. I am completely responsible for everything that results from my avatar's speech,4,,P03,counter,robotic,6
8,9,9. I would use this response as my own.,4,,P03,counter,robotic,6
9,1,1. I am in control of what my avatar says,3,,P03,enhance,robotic,8
9,2,2. My avatar is just an instrument in the hands of somebody or something else,3,,P03,enhance,robotic,8
9,3,3. My avatar's speech just happen without my intention,5,,P03,enhance,robotic,8
9,4,4. I am the author of my avatar's speech,7,,P03,enhance,robotic,8
9,5,5. Things my avatar says are subject only to my free will,4,,P03,enhance,robotic,8
9,6,6. Nothing my avatar says is actually voluntary,1,,P03,enhance,robotic,8
9,7,7. My avatar's behavior is planned by me from the very beginning to the very end,4,,P03,enhance,robotic,8
9,8,8. I am completely responsible for everything that results from my avatar's speech,4,,P03,enhance,robotic,8
9,9,9. I would use this response as my own.,4,,P03,enhance,robotic,8
10,1,1. I am in control of what my avatar says,3,,P03,repeat,robotic,10
10,2,2. My avatar is just an instrument in the hands of somebody or something else,4,,P03,repeat,robotic,10
10,3,3. My avatar's speech just happen without my intention,3,,P03,repeat,robotic,10
10,4,4. I am the author of my avatar's speech,7,,P03,repeat,robotic,10
10,5,5. Things my avatar says are subject only to my free will,5,,P03,repeat,robotic,10
10,6,6. Nothing my avatar says is actually voluntary,1,,P03,repeat,robotic,10
10,7,7. My avatar's behavior is planned by me from the very beginning to the very end,4,,P03,repeat,robotic,10
10,8,8. I am completely responsible for everything that results from my avatar's speech,5,,P03,repeat,robotic,10
10,9,9. I would use this response as my own.,6,,P03,repeat,robotic,10
11,1,1. I am in control of what my avatar says,1,,P03,counter,robotic,12
11,2,2. My avatar is just an instrument in the hands of somebody or something else,2,,P03,counter,robotic,12
11,3,3. My avatar's speech just happen without my intention,5,,P03,counter,robotic,12
11,4,4. I am the author of my avatar's speech,4,,P03,counter,robotic,12
11,5,5. Things my avatar says are subject only to my free will,3,,P03,counter,robotic,12
11,6,6. Nothing my avatar says is actually voluntary,1,,P03,counter,robotic,12
11,7,7. My avatar's behavior is planned by me from the very beginning to the very end,2,,P03,counter,robotic,12
11,8,8. I am completely responsible for everything that results from my avatar's speech,2,,P03,counter,robotic,12
11,9,9. I would use this response as my own.,2,,P03,counter,robotic,12
12,1,1. I am in control of what my avatar says,4,,P03,enhance,robotic,2
12,2,2. My avatar is just an instrument in the hands of somebody or something else,4,,P03,enhance,robotic,2
12,3,3. My avatar's speech just happen without my intention,3,,P03,enhance,robotic,2
12,4,4. I am the author of my avatar's speech,7,,P03,enhance,robotic,2
12,5,5. Things my avatar says are subject only to my free will,3,,P03,enhance,robotic,2
12,6,6. Nothing my avatar says is actually voluntary,1,,P03,enhance,robotic,2
12,7,7. My avatar's behavior is planned by me from the very beginning to the very end,4,,P03,enhance,robotic,2
12,8,8. I am completely responsible for everything that results from my avatar's speech,5,,P03,enhance,robotic,2
12,9,9. I would use this response as my own.,7,,P03,enhance,robotic,2
1,1,1. I am in control of what my avatar says,3,,P04,enhance,clone,4
1,2,2. My avatar is just an instrument in the hands of somebody or something else,4,,P04,enhance,clone,4
1,3,3. My avatar's speech just happen without my intention,3,,P04,enhance,clone,4
1,4,4. I am the author of my avatar's speech,1,,P04,enhance,clone,4
1,5,5. Things my avatar says are subject only to my free will,4,,P04,enhance,clone,4
1,6,6. Nothing my avatar says is actually voluntary,3,,P04,enhance,clone,4
1,7,7. My avatar's behavior is planned by me from the very beginning to the very end,1,,P04,enhance,clone,4
1,8,8. I am completely responsible for everything that results from my avatar's speech,1,,P04,enhance,clone,4
1,9,9. I would use this response as my own.,6,,P04,enhance,clone,4
2,1,1. I am in control of what my avatar says,2,,P04,counter,clone,6
2,2,2. My avatar is just an instrument in the hands of somebody or something else,6,,P04,counter,clone,6
2,3,3. My avatar's speech just happen without my intention,4,,P04,counter,clone,6
2,4,4. I am the author of my avatar's speech,1,,P04,counter,clone,6
2,5,5. Things my avatar says are subject only to my free will,3,,P04,counter,clone,6
2,6,6. Nothing my avatar says is actually voluntary,3,,P04,counter,clone,6
2,7,7. My avatar's behavior is planned by me from the very beginning to the very end,1,,P04,counter,clone,6
2,8,8. I am completely responsible for everything that results from my avatar's speech,2,,P04,counter,clone,6
2,9,9. I would use this response as my own.,1,,P04,counter,clone,6
3,1,1. I am in control of what my avatar says,3,,P04,repeat,clone,8
3,2,2. My avatar is just an instrument in the hands of somebody or something else,5,,P04,repeat,clone,8
3,3,3. My avatar's speech just happen without my intention,3,,P04,repeat,clone,8
3,4,4. I am the author of my avatar's speech,1,,P04,repeat,clone,8
3,5,5. Things my avatar says are subject only to my free will,5,,P04,repeat,clone,8
3,6,6. Nothing my avatar says is actually voluntary,2,,P04,repeat,clone,8
3,7,7. My avatar's behavior is planned by me from the very beginning to the very end,1,,P04,repeat,clone,8
3,8,8. I am completely responsible for everything that results from my avatar's speech,2,,P04,repeat,clone,8
3,9,9. I would use this response as my own.,3,,P04,repeat,clone,8
4,1,1. I am in control of what my avatar says,5,,P04,enhance,clone,10
4,2,2. My avatar is just an instrument in the hands of somebody or something else,5,,P04,enhance,clone,10
4,3,3. My avatar's speech just happen without my intention,4,,P04,enhance,clone,10
4,4,4. I am the author of my avatar's speech,2,,P04,enhance,clone,10
4,5,5. Things my avatar says are subject only to my free will,4,,P04,enhance,clone,10
4,6,6. Nothing my avatar says is actually voluntary,3,,P04,enhance,clone,10
4,7,7. My avatar's behavior is planned by me from the very beginning to the very end,3,,P04,enhance,clone,10
4,8,8. I am completely responsible for everything that results from my avatar's speech,1,,P04,enhance,clone,10
4,9,9. I would use this response as my own.,5,,P04,enhance,clone,10
5,1,1. I am in control of what my avatar says,3,,P04,counter,clone,12
5,2,2. My avatar is just an instrument in the hands of somebody or something else,5,,P04,counter,clone,12
5,3,3. My avatar's speech just happen without my intention,3,,P04,counter,clone,12
5,4,4. I am the author of my avatar's speech,1,,P04,counter,clone,12
5,5,5. Things my avatar says are subject only to my free will,4,,P04,counter,clone,12
5,6,6. Nothing my avatar says is actually voluntary,1,,P04,counter,clone,12
5,7,7. My avatar's behavior is planned by me from the very beginning to the very end,1,,P04,counter,clone,12
5,8,8. I am completely responsible for everything that results from my avatar's speech,2,,P04,counter,clone,12
5,9,9. I would use this response as my own.,7,,P04,counter,clone,12
6,1,1. I am in control of what my avatar says,1,,P04,repeat,clone,2
6,2,2. My avatar is just an instrument in the hands of somebody or something else,7,,P04,repeat,clone,2
6,3,3. My avatar's speech just happen without my intention,6,,P04,repeat,clone,2
6,4,4. I am the author of my avatar's speech,1,,P04,repeat,clone,2
6,5,5. Things my avatar says are subject only to my free will,3,,P04,repeat,clone,2
6,6,6. Nothing my avatar says is actually voluntary,5,,P04,repeat,clone,2
6,7,7. My avatar's behavior is planned by me from the very beginning to the very end,1,,P04,repeat,clone,2
6,8,8. I am completely responsible for everything that results from my avatar's speech,1,,P04,repeat,clone,2
6,9,9. I would use this response as my own.,1,,P04,repeat,clone,2
7,1,1. I am in control of what my avatar says,5,,P04,repeat,robotic,3
7,2,2. My avatar is just an instrument in the hands of somebody or something else,6,,P04,repeat,robotic,3
7,3,3. My avatar's speech just happen without my intention,4,,P04,repeat,robotic,3
7,4,4. I am the author of my avatar's speech,1,,P04,repeat,robotic,3
7,5,5. Things my avatar says are subject only to my free will,5,,P04,repeat,robotic,3
7,6,6. Nothing my avatar says is actually voluntary,3,,P04,repeat,robotic,3
7,7,7. My avatar's behavior is planned by me from the very beginning to the very end,3,,P04,repeat,robotic,3
7,8,8. I am completely responsible for everything that results from my avatar's speech,1,,P04,repeat,robotic,3
7,9,9. I would use this response as my own.,1,,P04,repeat,robotic,3
8,1,1. I am in control of what my avatar says,1,,P04,counter,robotic,5
8,2,2. My avatar is just an instrument in the hands of somebody or something else,7,,P04,counter,robotic,5
8,3,3. My avatar's speech just happen without my intention,7,,P04,counter,robotic,5
8,4,4. I am the author of my avatar's speech,1,,P04,counter,robotic,5
8,5,5. Things my avatar says are subject only to my free will,2,,P04,counter,robotic,5
8,6,6. Nothing my avatar says is actually voluntary,3,,P04,counter,robotic,5
8,7,7. My avatar's behavior is planned by me from the very beginning to the very end,1,,P04,counter,robotic,5
8,8,8. I am completely responsible for everything that results from my avatar's speech,1,,P04,counter,robotic,5
8,9,9. I would use this response as my own.,1,,P04,counter,robotic,5
9,1,1. I am in control of what my avatar says,6,,P04,enhance,robotic,7
9,2,2. My avatar is just an instrument in the hands of somebody or something else,5,,P04,enhance,robotic,7
9,3,3. My avatar's speech just happen without my intention,2,,P04,enhance,robotic,7
9,4,4. I am the author of my avatar's speech,3,,P04,enhance,robotic,7
9,5,5. Things my avatar says are subject only to my free will,5,,P04,enhance,robotic,7
9,6,6. Nothing my avatar says is actually voluntary,5,,P04,enhance,robotic,7
9,7,7. My avatar's behavior is planned by me from the very beginning to the very end,3,,P04,enhance,robotic,7
9,8,8. I am completely responsible for everything that results from my avatar's speech,4,,P04,enhance,robotic,7
9,9,9. I would use this response as my own.,5,,P04,enhance,robotic,7
10,1,1. I am in control of what my avatar says,6,,P04,repeat,robotic,9
10,2,2. My avatar is just an instrument in the hands of somebody or something else,6,,P04,repeat,robotic,9
10,3,3. My avatar's speech just happen without my intention,2,,P04,repeat,robotic,9
10,4,4. I am the author of my avatar's speech,3,,P04,repeat,robotic,9
10,5,5. Things my avatar says are subject only to my free will,5,,P04,repeat,robotic,9
10,6,6. Nothing my avatar says is actually voluntary,5,,P04,repeat,robotic,9
10,7,7. My avatar's behavior is planned by me from the very beginning to the very end,4,,P04,repeat,robotic,9
10,8,8. I am completely responsible for everything that results from my avatar's speech,5,,P04,repeat,robotic,9
10,9,9. I would use this response as my own.,6,,P04,repeat,robotic,9
11,1,1. I am in control of what my avatar says,6,,P04,counter,robotic,11
11,2,2. My avatar is just an instrument in the hands of somebody or something else,4,,P04,counter,robotic,11
11,3,3. My avatar's speech just happen without my intention,2,,P04,counter,robotic,11
11,4,4. I am the author of my avatar's speech,4,,P04,counter,robotic,11
11,5,5. Things my avatar says are subject only to my free will,5,,P04,counter,robotic,11
11,6,6. Nothing my avatar says is actually voluntary,5,,P04,counter,robotic,11
11,7,7. My avatar's behavior is planned by me from the very beginning to the very end,5,,P04,counter,robotic,11
11,8,8. I am completely responsible for everything that results from my avatar's speech,5,,P04,counter,robotic,11
11,9,9. I would use this response as my own.,6,,P04,counter,robotic,11
1,1,1. I am in control of what my avatar says,2,,P22,enhance,robotic,10
1,2,2. My avatar is just an instrument in the hands of somebody or something else,6,,P22,enhance,robotic,10
1,3,3. My avatar's speech just happen without my intention,4,,P22,enhance,robotic,10
1,4,4. I am the author of my avatar's speech,2,,P22,enhance,robotic,10
1,5,5. Things my avatar says are subject only to my free will,4,,P22,enhance,robotic,10
1,6,6. Nothing my avatar says is actually voluntary,5,,P22,enhance,robotic,10
1,7,7. My avatar's behavior is planned by me from the very beginning to the very end,2,,P22,enhance,robotic,10
1,8,8. I am completely responsible for everything that results from my avatar's speech,3,,P22,enhance,robotic,10
1,9,9. I would use this response as my own.,5,,P22,enhance,robotic,10
2,1,1. I am in control of what my avatar says,3,,P22,counter,robotic,12
2,2,2. My avatar is just an instrument in the hands of somebody or something else,4,,P22,counter,robotic,12
2,3,3. My avatar's speech just happen without my intention,4,,P22,counter,robotic,12
2,4,4. I am the author of my avatar's speech,3,,P22,counter,robotic,12
2,5,5. Things my avatar says are subject only to my free will,3,,P22,counter,robotic,12
2,6,6. Nothing my avatar says is actually voluntary,5,,P22,counter,robotic,12
2,7,7. My avatar's behavior is planned by me from the very beginning to the very end,2,,P22,counter,robotic,12
2,8,8. I am completely responsible for everything that results from my avatar's speech,2,,P22,counter,robotic,12
2,9,9. I would use this response as my own.,4,,P22,counter,robotic,12
3,1,1. I am in control of what my avatar says,5,,P22,repeat,robotic,2
3,2,2. My avatar is just an instrument in the hands of somebody or something else,4,,P22,repeat,robotic,2
3,3,3. My avatar's speech just happen without my intention,3,,P22,repeat,robotic,2
3,4,4. I am the author of my avatar's speech,5,,P22,repeat,robotic,2
3,5,5. Things my avatar says are subject only to my free will,4,,P22,repeat,robotic,2
3,6,6. Nothing my avatar says is actually voluntary,3,,P22,repeat,robotic,2
3,7,7. My avatar's behavior is planned by me from the very beginning to the very end,2,,P22,repeat,robotic,2
3,8,8. I am completely responsible for everything that results from my avatar's speech,2,,P22,repeat,robotic,2
3,9,9. I would use this response as my own.,6,,P22,repeat,robotic,2
4,1,1. I am in control of what my avatar says,5,,P22,enhance,robotic,4
4,2,2. My avatar is just an instrument in the hands of somebody or something else,4,,P22,enhance,robotic,4
4,3,3. My avatar's speech just happen without my intention,3,,P22,enhance,robotic,4
4,4,4. I am the author of my avatar's speech,4,,P22,enhance,robotic,4
4,5,5. Things my avatar says are subject only to my free will,3,,P22,enhance,robotic,4
4,6,6. Nothing my avatar says is actually voluntary,4,,P22,enhance,robotic,4
4,7,7. My avatar's behavior is planned by me from the very beginning to the very end,3,,P22,enhance,robotic,4
4,8,8. I am completely responsible for everything that results from my avatar's speech,3,,P22,enhance,robotic,4
4,9,9. I would use this response as my own.,6,,P22,enhance,robotic,4
5,1,1. I am in control of what my avatar says,2,,P22,counter,robotic,6
5,2,2. My avatar is just an instrument in the hands of somebody or something else,6,,P22,counter,robotic,6
5,3,3. My avatar's speech just happen without my intention,5,,P22,counter,robotic,6
5,4,4. I am the author of my avatar's speech,2,,P22,counter,robotic,6
5,5,5. Things my avatar says are subject only to my free will,3,,P22,counter,robotic,6
5,6,6. Nothing my avatar says is actually voluntary,5,,P22,counter,robotic,6
5,7,7. My avatar's behavior is planned by me from the very beginning to the very end,2,,P22,counter,robotic,6
5,8,8. I am completely responsible for everything that results from my avatar's speech,2,,P22,counter,robotic,6
5,9,9. I would use this response as my own.,2,,P22,counter,robotic,6
6,1,1. I am in control of what my avatar says,5,,P22,repeat,robotic,8
6,2,2. My avatar is just an instrument in the hands of somebody or something else,4,,P22,repeat,robotic,8
6,3,3. My avatar's speech just happen without my intention,4,,P22,repeat,robotic,8
6,4,4. I am the author of my avatar's speech,4,,P22,repeat,robotic,8
6,5,5. Things my avatar says are subject only to my free will,4,,P22,repeat,robotic,8
6,6,6. Nothing my avatar says is actually voluntary,3,,P22,repeat,robotic,8
6,7,7. My avatar's behavior is planned by me from the very beginning to the very end,2,,P22,repeat,robotic,8
6,8,8. I am completely responsible for everything that results from my avatar's speech,2,,P22,repeat,robotic,8
6,9,9. I would use this response as my own.,7,,P22,repeat,robotic,8
7,1,1. I am in control of what my avatar says,4,,P22,repeat,clone,9
7,2,2. My avatar is just an instrument in the hands of somebody or something else,4,,P22,repeat,clone,9
7,3,3. My avatar's speech just happen without my intention,3,,P22,repeat,clone,9
7,4,4. I am the author of my avatar's speech,4,,P22,repeat,clone,9
7,5,5. Things my avatar says are subject only to my free will,4,,P22,repeat,clone,9
7,6,6. Nothing my avatar says is actually voluntary,3,,P22,repeat,clone,9
7,7,7. My avatar's behavior is planned by me from the very beginning to the very end,3,,P22,repeat,clone,9
7,8,8. I am completely responsible for everything that results from my avatar's speech,3,,P22,repeat,clone,9
7,9,9. I would use this response as my own.,5,,P22,repeat,clone,9
8,1,1. I am in control of what my avatar says,2,,P22,counter,clone,11
8,2,2. My avatar is just an instrument in the hands of somebody or something else,4,,P22,counter,clone,11
8,3,3. My avatar's speech just happen without my intention,4,,P22,counter,clone,11
8,4,4. I am the author of my avatar's speech,2,,P22,counter,clone,11
8,5,5. Things my avatar says are subject only to my free will,4,,P22,counter,clone,11
8,6,6. Nothing my avatar says is actually voluntary,4,,P22,counter,clone,11
8,7,7. My avatar's behavior is planned by me from the very beginning to the very end,2,,P22,counter,clone,11
8,8,8. I am completely responsible for everything that results from my avatar's speech,2,,P22,counter,clone,11
8,9,9. I would use this response as my own.,4,,P22,counter,clone,11
9,1,1. I am in control of what my avatar says,3,,P22,enhance,clone,1
9,2,2. My avatar is just an instrument in the hands of somebody or something else,5,,P22,enhance,clone,1
9,3,3. My avatar's speech just happen without my intention,4,,P22,enhance,clone,1
9,4,4. I am the author of my avatar's speech,3,,P22,enhance,clone,1
9,5,5. Things my avatar says are subject only to my free will,4,,P22,enhance,clone,1
9,6,6. Nothing my avatar says is actually voluntary,3,,P22,enhance,clone,1
9,7,7. My avatar's behavior is planned by me from the very beginning to the very end,3,,P22,enhance,clone,1
9,8,8. I am completely responsible for everything that results from my avatar's speech,2,,P22,enhance,clone,1
9,9,9. I would use this response as my own.,4,,P22,enhance,clone,1
10,1,1. I am in control of what my avatar says,5,,P22,repeat,clone,3
10,2,2. My avatar is just an instrument in the hands of somebody or something else,3,,P22,repeat,clone,3
10,3,3. My avatar's speech just happen without my intention,4,,P22,repeat,clone,3
10,4,4. I am the author of my avatar's speech,6,,P22,repeat,clone,3
10,5,5. Things my avatar says are subject only to my free will,4,,P22,repeat,clone,3
10,6,6. Nothing my avatar says is actually voluntary,4,,P22,repeat,clone,3
10,7,7. My avatar's behavior is planned by me from the very beginning to the very end,3,,P22,repeat,clone,3
10,8,8. I am completely responsible for everything that results from my avatar's speech,2,,P22,repeat,clone,3
10,9,9. I would use this response as my own.,8,,P22,repeat,clone,3
11,1,1. I am in control of what my avatar says,1,,P22,counter,clone,5
11,2,2. My avatar is just an instrument in the hands of somebody or something else,6,,P22,counter,clone,5
11,3,3. My avatar's speech just happen without my intention,5,,P22,counter,clone,5
11,4,4. I am the author of my avatar's speech,2,,P22,counter,clone,5
11,5,5. Things my avatar says are subject only to my free will,4,,P22,counter,clone,5
11,6,6. Nothing my avatar says is actually voluntary,5,,P22,counter,clone,5
11,7,7. My avatar's behavior is planned by me from the very beginning to the very end,2,,P22,counter,clone,5
11,8,8. I am completely responsible for everything that results from my avatar's speech,2,,P22,counter,clone,5
11,9,9. I would use this response as my own.,2,,P22,counter,clone,5
12,1,1. I am in control of what my avatar says,5,,P22,enhance,clone,7
12,2,2. My avatar is just an instrument in the hands of somebody or something else,4,,P22,enhance,clone,7
12,3,3. My avatar's speech just happen without my intention,5,,P22,enhance,clone,7
12,4,4. I am the author of my avatar's speech,3,,P22,enhance,clone,7
12,5,5. Things my avatar says are subject only to my free will,4,,P22,enhance,clone,7
12,6,6. Nothing my avatar says is actually voluntary,4,,P22,enhance,clone,7
12,7,7. My avatar's behavior is planned by me from the very beginning to the very end,3,,P22,enhance,clone,7
12,8,8. I am completely responsible for everything that results from my avatar's speech,2,,P22,enhance,clone,7
12,9,9. I would use this response as my own.,4,,P22,enhance,clone,7
1,1,1. I am in control of what my avatar says,2,,P25,repeat,clone,1
1,2,2. My avatar is just an instrument in the hands of somebody or something else,3,,P25,repeat,clone,1
1,3,3. My avatar's speech just happen without my intention,7,,P25,repeat,clone,1
1,4,4. I am the author of my avatar's speech,3,,P25,repeat,clone,1
1,5,5. Things my avatar says are subject only to my free will,2,,P25,repeat,clone,1
1,6,6. Nothing my avatar says is actually voluntary,2,,P25,repeat,clone,1
1,7,7. My avatar's behavior is planned by me from the very beginning to the very end,1,,P25,repeat,clone,1
1,8,8. I am completely responsible for everything that results from my avatar's speech,2,,P25,repeat,clone,1
1,9,9. I would use this response as my own.,2,,P25,repeat,clone,1
2,1,1. I am in control of what my avatar says,4,,P25,enhance,clone,3
2,2,2. My avatar is just an instrument in the hands of somebody or something else,3,,P25,enhance,clone,3
2,3,3. My avatar's speech just happen without my intention,5,,P25,enhance,clone,3
2,4,4. I am the author of my avatar's speech,4,,P25,enhance,clone,3
2,5,5. Things my avatar says are subject only to my free will,2,,P25,enhance,clone,3
2,6,6. Nothing my avatar says is actually voluntary,5,,P25,enhance,clone,3
2,7,7. My avatar's behavior is planned by me from the very beginning to the very end,3,,P25,enhance,clone,3
2,8,8. I am completely responsible for everything that results from my avatar's speech,3,,P25,enhance,clone,3
2,9,9. I would use this response as my own.,7,,P25,enhance,clone,3
3,1,1. I am in control of what my avatar says,4,,P25,counter,clone,5
3,2,2. My avatar is just an instrument in the hands of somebody or something else,4,,P25,counter,clone,5
3,3,3. My avatar's speech just happen without my intention,3,,P25,counter,clone,5
3,4,4. I am the author of my avatar's speech,5,,P25,counter,clone,5
3,5,5. Things my avatar says are subject only to my free will,3,,P25,counter,clone,5
3,6,6. Nothing my avatar says is actually voluntary,5,,P25,counter,clone,5
3,7,7. My avatar's behavior is planned by me from the very beginning to the very end,2,,P25,counter,clone,5
3,8,8. I am completely responsible for everything that results from my avatar's speech,3,,P25,counter,clone,5
3,9,9. I would use this response as my own.,6,,P25,counter,clone,5
4,1,1. I am in control of what my avatar says,5,,P25,repeat,clone,7
4,2,2. My avatar is just an instrument in the hands of somebody or something else,5,,P25,repeat,clone,7
4,3,3. My avatar's speech just happen without my intention,3,,P25,repeat,clone,7
4,4,4. I am the author of my avatar's speech,6,,P25,repeat,clone,7
4,5,5. Things my avatar says are subject only to my free will,6,,P25,repeat,clone,7
4,6,6. Nothing my avatar says is actually voluntary,6,,P25,repeat,clone,7
4,7,7. My avatar's behavior is planned by me from the very beginning to the very end,5,,P25,repeat,clone,7
4,8,8. I am completely responsible for everything that results from my avatar's speech,5,,P25,repeat,clone,7
4,9,9. I would use this response as my own.,9,,P25,repeat,clone,7
5,1,1. I am in control of what my avatar says,4,,P25,enhance,clone,9
5,2,2. My avatar is just an instrument in the hands of somebody or something else,5,,P25,enhance,clone,9
5,3,3. My avatar's speech just happen without my intention,5,,P25,enhance,clone,9
5,4,4. I am the author of my avatar's speech,4,,P25,enhance,clone,9
5,5,5. Things my avatar says are subject only to my free will,4,,P25,enhance,clone,9
5,6,6. Nothing my avatar says is actually voluntary,2,,P25,enhance,clone,9
5,7,7. My avatar's behavior is planned by me from the very beginning to the very end,3,,P25,enhance,clone,9
5,8,8. I am completely responsible for everything that results from my avatar's speech,3,,P25,enhance,clone,9
5,9,9. I would use this response as my own.,7,,P25,enhance,clone,9
6,1,1. I am in control of what my avatar says,1,,P25,counter,clone,11
6,2,2. My avatar is just an instrument in the hands of somebody or something else,5,,P25,counter,clone,11
6,3,3. My avatar's speech just happen without my intention,6,,P25,counter,clone,11
6,4,4. I am the author of my avatar's speech,2,,P25,counter,clone,11
6,5,5. Things my avatar says are subject only to my free will,2,,P25,counter,clone,11
6,6,6. Nothing my avatar says is actually voluntary,2,,P25,counter,clone,11
6,7,7. My avatar's behavior is planned by me from the very beginning to the very end,2,,P25,counter,clone,11
6,8,8. I am completely responsible for everything that results from my avatar's speech,3,,P25,counter,clone,11
6,9,9. I would use this response as my own.,4,,P25,counter,clone,11
7,1,1. I am in control of what my avatar says,1,,P25,counter,robotic,2
7,2,2. My avatar is just an instrument in the hands of somebody or something else,7,,P25,counter,robotic,2
7,3,3. My avatar's speech just happen without my intention,7,,P25,counter,robotic,2
7,4,4. I am the author of my avatar's speech,2,,P25,counter,robotic,2
7,5,5. Things my avatar says are subject only to my free will,2,,P25,counter,robotic,2
7,6,6. Nothing my avatar says is actually voluntary,1,,P25,counter,robotic,2
7,7,7. My avatar's behavior is planned by me from the very beginning to the very end,1,,P25,counter,robotic,2
7,8,8. I am completely responsible for everything that results from my avatar's speech,1,,P25,counter,robotic,2
7,9,9. I would use this response as my own.,2,,P25,counter,robotic,2
8,1,1. I am in control of what my avatar says,5,,P25,enhance,robotic,4
8,2,2. My avatar is just an instrument in the hands of somebody or something else,5,,P25,enhance,robotic,4
8,3,3. My avatar's speech just happen without my intention,5,,P25,enhance,robotic,4
8,4,4. I am the author of my avatar's speech,5,,P25,enhance,robotic,4
8,5,5. Things my avatar says are subject only to my free will,3,,P25,enhance,robotic,4
8,6,6. Nothing my avatar says is actually voluntary,3,,P25,enhance,robotic,4
8,7,7. My avatar's behavior is planned by me from the very beginning to the very end,3,,P25,enhance,robotic,4
8,8,8. I am completely responsible for everything that results from my avatar's speech,5,,P25,enhance,robotic,4
8,9,9. I would use this response as my own.,9,,P25,enhance,robotic,4
10,1,1. I am in control of what my avatar says,1,,P25,counter,robotic,8
10,2,2. My avatar is just an instrument in the hands of somebody or something else,7,,P25,counter,robotic,8
10,3,3. My avatar's speech just happen without my intention,7,,P25,counter,robotic,8
10,4,4. I am the author of my avatar's speech,1,,P25,counter,robotic,8
10,5,5. Things my avatar says are subject only to my free will,1,,P25,counter,robotic,8
10,6,6. Nothing my avatar says is actually voluntary,1,,P25,counter,robotic,8
10,7,7. My avatar's behavior is planned by me from the very beginning to the very end,1,,P25,counter,robotic,8
10,8,8. I am completely responsible for everything that results from my avatar's speech,2,,P25,counter,robotic,8
10,9,9. I would use this response as my own.,1,,P25,counter,robotic,8
11,1,1. I am in control of what my avatar says,3,,P25,enhance,robotic,10
11,2,2. My avatar is just an instrument in the hands of somebody or something else,4,,P25,enhance,robotic,10
11,3,3. My avatar's speech just happen without my intention,4,,P25,enhance,robotic,10
11,4,4. I am the author of my avatar's speech,5,,P25,enhance,robotic,10
11,5,5. Things my avatar says are subject only to my free will,5,,P25,enhance,robotic,10
11,6,6. Nothing my avatar says is actually voluntary,4,,P25,enhance,robotic,10
11,7,7. My avatar's behavior is planned by me from the very beginning to the very end,3,,P25,enhance,robotic,10
11,8,8. I am completely responsible for everything that results from my avatar's speech,4,,P25,enhance,robotic,10
11,9,9. I would use this response as my own.,6,,P25,enhance,robotic,10
12,1,1. I am in control of what my avatar says,6,,P25,repeat,robotic,12
12,2,2. My avatar is just an instrument in the hands of somebody or something else,1,,P25,repeat,robotic,12
12,3,3. My avatar's speech just happen without my intention,1,,P25,repeat,robotic,12
12,4,4. I am the author of my avatar's speech,6,,P25,repeat,robotic,12
12,5,5. Things my avatar says are subject only to my free will,6,,P25,repeat,robotic,12
12,6,6. Nothing my avatar says is actually voluntary,6,,P25,repeat,robotic,12
12,7,7. My avatar's behavior is planned by me from the very beginning to the very end,6,,P25,repeat,robotic,12
12,8,8. I am completely responsible for everything that results from my avatar's speech,6,,P25,repeat,robotic,12
12,9,9. I would use this response as my own.,10,,P25,repeat,robotic,12
1,1,1. I am in control of what my avatar says,2,,P13,counter,robotic,1
1,2,2. My avatar is just an instrument in the hands of somebody or something else,2,,P13,counter,robotic,1
1,3,3. My avatar's speech just happen without my intention,6,,P13,counter,robotic,1
1,4,4. I am the author of my avatar's speech,1,,P13,counter,robotic,1
1,5,5. Things my avatar says are subject only to my free will,4,,P13,counter,robotic,1
1,6,6. Nothing my avatar says is actually voluntary,4,,P13,counter,robotic,1
1,7,7. My avatar's behavior is planned by me from the very beginning to the very end,3,,P13,counter,robotic,1
1,8,8. I am completely responsible for everything that results from my avatar's speech,2,,P13,counter,robotic,1
1,9,9. I would use this response as my own.,5,,P13,counter,robotic,1
2,1,1. I am in control of what my avatar says,3,,P13,enhance,robotic,3
2,2,2. My avatar is just an instrument in the hands of somebody or something else,6,,P13,enhance,robotic,3
2,3,3. My avatar's speech just happen without my intention,5,,P13,enhance,robotic,3
2,4,4. I am the author of my avatar's speech,3,,P13,enhance,robotic,3
2,5,5. Things my avatar says are subject only to my free will,2,,P13,enhance,robotic,3
2,6,6. Nothing my avatar says is actually voluntary,4,,P13,enhance,robotic,3
2,7,7. My avatar's behavior is planned by me from the very beginning to the very end,1,,P13,enhance,robotic,3
2,8,8. I am completely responsible for everything that results from my avatar's speech,1,,P13,enhance,robotic,3
2,9,9. I would use this response as my own.,3,,P13,enhance,robotic,3
3,1,1. I am in control of what my avatar says,5,,P13,repeat,robotic,5
3,2,2. My avatar is just an instrument in the hands of somebody or something else,4,,P13,repeat,robotic,5
3,3,3. My avatar's speech just happen without my intention,2,,P13,repeat,robotic,5
3,4,4. I am the author of my avatar's speech,6,,P13,repeat,robotic,5
3,5,5. Things my avatar says are subject only to my free will,4,,P13,repeat,robotic,5
3,6,6. Nothing my avatar says is actually voluntary,3,,P13,repeat,robotic,5
3,7,7. My avatar's behavior is planned by me from the very beginning to the very end,2,,P13,repeat,robotic,5
3,8,8. I am completely responsible for everything that results from my avatar's speech,1,,P13,repeat,robotic,5
3,9,9. I would use this response as my own.,8,,P13,repeat,robotic,5
4,1,1. I am in control of what my avatar says,1,,P13,counter,robotic,7
4,2,2. My avatar is just an instrument in the hands of somebody or something else,7,,P13,counter,robotic,7
4,3,3. My avatar's speech just happen without my intention,7,,P13,counter,robotic,7
4,4,4. I am the author of my avatar's speech,2,,P13,counter,robotic,7
4,5,5. Things my avatar says are subject only to my free will,1,,P13,counter,robotic,7
4,6,6. Nothing my avatar says is actually voluntary,2,,P13,counter,robotic,7
4,7,7. My avatar's behavior is planned by me from the very beginning to the very end,1,,P13,counter,robotic,7
4,8,8. I am completely responsible for everything that results from my avatar's speech,1,,P13,counter,robotic,7
4,9,9. I would use this response as my own.,2,,P13,counter,robotic,7
5,1,1. I am in control of what my avatar says,2,,P13,enhance,robotic,9
5,2,2. My avatar is just an instrument in the hands of somebody or something else,6,,P13,enhance,robotic,9
5,3,3. My avatar's speech just happen without my intention,7,,P13,enhance,robotic,9
5,4,4. I am the author of my avatar's speech,4,,P13,enhance,robotic,9
5,5,5. Things my avatar says are subject only to my free will,1,,P13,enhance,robotic,9
5,6,6. Nothing my avatar says is actually voluntary,1,,P13,enhance,robotic,9
5,7,7. My avatar's behavior is planned by me from the very beginning to the very end,1,,P13,enhance,robotic,9
5,8,8. I am completely responsible for everything that results from my avatar's speech,1,,P13,enhance,robotic,9
5,9,9. I would use this response as my own.,7,,P13,enhance,robotic,9
6,1,1. I am in control of what my avatar says,7,,P13,repeat,robotic,11
6,2,2. My avatar is just an instrument in the hands of somebody or something else,2,,P13,repeat,robotic,11
6,3,3. My avatar's speech just happen without my intention,1,,P13,repeat,robotic,11
6,4,4. I am the author of my avatar's speech,7,,P13,repeat,robotic,11
6,5,5. Things my avatar says are subject only to my free will,4,,P13,repeat,robotic,11
6,6,6. Nothing my avatar says is actually voluntary,2,,P13,repeat,robotic,11
6,7,7. My avatar's behavior is planned by me from the very beginning to the very end,1,,P13,repeat,robotic,11
6,8,8. I am completely responsible for everything that results from my avatar's speech,6,,P13,repeat,robotic,11
6,9,9. I would use this response as my own.,10,,P13,repeat,robotic,11
7,1,1. I am in control of what my avatar says,7,,P13,repeat,clone,2
7,2,2. My avatar is just an instrument in the hands of somebody or something else,2,,P13,repeat,clone,2
7,3,3. My avatar's speech just happen without my intention,7,,P13,repeat,clone,2
7,4,4. I am the author of my avatar's speech,5,,P13,repeat,clone,2
7,5,5. Things my avatar says are subject only to my free will,1,,P13,repeat,clone,2
7,6,6. Nothing my avatar says is actually voluntary,2,,P13,repeat,clone,2
7,7,7. My avatar's behavior is planned by me from the very beginning to the very end,2,,P13,repeat,clone,2
7,8,8. I am completely responsible for everything that results from my avatar's speech,1,,P13,repeat,clone,2
7,9,9. I would use this response as my own.,8,,P13,repeat,clone,2
8,1,1. I am in control of what my avatar says,1,,P13,enhance,clone,4
8,2,2. My avatar is just an instrument in the hands of somebody or something else,7,,P13,enhance,clone,4
8,3,3. My avatar's speech just happen without my intention,7,,P13,enhance,clone,4
8,4,4. I am the author of my avatar's speech,1,,P13,enhance,clone,4
8,5,5. Things my avatar says are subject only to my free will,1,,P13,enhance,clone,4
8,6,6. Nothing my avatar says is actually voluntary,1,,P13,enhance,clone,4
8,7,7. My avatar's behavior is planned by me from the very beginning to the very end,1,,P13,enhance,clone,4
8,8,8. I am completely responsible for everything that results from my avatar's speech,1,,P13,enhance,clone,4
8,9,9. I would use this response as my own.,1,,P13,enhance,clone,4
9,1,1. I am in control of what my avatar says,1,,P13,counter,clone,6
9,2,2. My avatar is just an instrument in the hands of somebody or something else,7,,P13,counter,clone,6
9,3,3. My avatar's speech just happen without my intention,1,,P13,counter,clone,6
9,4,4. I am the author of my avatar's speech,1,,P13,counter,clone,6
9,5,5. Things my avatar says are subject only to my free will,1,,P13,counter,clone,6
9,6,6. Nothing my avatar says is actually voluntary,1,,P13,counter,clone,6
9,7,7. My avatar's behavior is planned by me from the very beginning to the very end,1,,P13,counter,clone,6
9,8,8. I am completely responsible for everything that results from my avatar's speech,1,,P13,counter,clone,6
9,9,9. I would use this response as my own.,1,,P13,counter,clone,6
10,1,1. I am in control of what my avatar says,1,,P13,repeat,clone,8
10,2,2. My avatar is just an instrument in the hands of somebody or something else,7,,P13,repeat,clone,8
10,3,3. My avatar's speech just happen without my intention,1,,P13,repeat,clone,8
10,4,4. I am the author of my avatar's speech,1,,P13,repeat,clone,8
10,5,5. Things my avatar says are subject only to my free will,1,,P13,repeat,clone,8
10,6,6. Nothing my avatar says is actually voluntary,4,,P13,repeat,clone,8
10,7,7. My avatar's behavior is planned by me from the very beginning to the very end,1,,P13,repeat,clone,8
10,8,8. I am completely responsible for everything that results from my avatar's speech,1,,P13,repeat,clone,8
10,9,9. I would use this response as my own.,3,,P13,repeat,clone,8
11,1,1. I am in control of what my avatar says,1,,P13,enhance,clone,10
11,2,2. My avatar is just an instrument in the hands of somebody or something else,7,,P13,enhance,clone,10
11,3,3. My avatar's speech just happen without my intention,7,,P13,enhance,clone,10
11,4,4. I am the author of my avatar's speech,3,,P13,enhance,clone,10
11,5,5. Things my avatar says are subject only to my free will,1,,P13,enhance,clone,10
11,6,6. Nothing my avatar says is actually voluntary,1,,P13,enhance,clone,10
11,7,7. My avatar's behavior is planned by me from the very beginning to the very end,1,,P13,enhance,clone,10
11,8,8. I am completely responsible for everything that results from my avatar's speech,1,,P13,enhance,clone,10
11,9,9. I would use this response as my own.,7,,P13,enhance,clone,10
12,1,1. I am in control of what my avatar says,1,,P13,counter,clone,12
12,2,2. My avatar is just an instrument in the hands of somebody or something else,7,,P13,counter,clone,12
12,3,3. My avatar's speech just happen without my intention,7,,P13,counter,clone,12
12,4,4. I am the author of my avatar's speech,2,,P13,counter,clone,12
12,5,5. Things my avatar says are subject only to my free will,1,,P13,counter,clone,12
12,6,6. Nothing my avatar says is actually voluntary,1,,P13,counter,clone,12
12,7,7. My avatar's behavior is planned by me from the very beginning to the very end,1,,P13,counter,clone,12
12,8,8. I am completely responsible for everything that results from my avatar's speech,1,,P13,counter,clone,12
12,9,9. I would use this response as my own.,1,,P13,counter,clone,12
1,1,1. I am in control of what my avatar says,4,,P14,counter,robotic,2
1,2,2. My avatar is just an instrument in the hands of somebody or something else,6,,P14,counter,robotic,2
1,3,3. My avatar's speech just happen without my intention,7,,P14,counter,robotic,2
1,4,4. I am the author of my avatar's speech,7,,P14,counter,robotic,2
1,5,5. Things my avatar says are subject only to my free will,1,,P14,counter,robotic,2
1,6,6. Nothing my avatar says is actually voluntary,7,,P14,counter,robotic,2
1,7,7. My avatar's behavior is planned by me from the very beginning to the very end,1,,P14,counter,robotic,2
1,8,8. I am completely responsible for everything that results from my avatar's speech,1,,P14,counter,robotic,2
1,9,9. I would use this response as my own.,10,,P14,counter,robotic,2
2,1,1. I am in control of what my avatar says,6,,P14,enhance,robotic,4
2,2,2. My avatar is just an instrument in the hands of somebody or something else,5,,P14,enhance,robotic,4
2,3,3. My avatar's speech just happen without my intention,7,,P14,enhance,robotic,4
2,4,4. I am the author of my avatar's speech,4,,P14,enhance,robotic,4
2,5,5. Things my avatar says are subject only to my free will,2,,P14,enhance,robotic,4
2,6,6. Nothing my avatar says is actually voluntary,6,,P14,enhance,robotic,4
2,7,7. My avatar's behavior is planned by me from the very beginning to the very end,2,,P14,enhance,robotic,4
2,8,8. I am completely responsible for everything that results from my avatar's speech,1,,P14,enhance,robotic,4
2,9,9. I would use this response as my own.,10,,P14,enhance,robotic,4
3,1,1. I am in control of what my avatar says,7,,P14,repeat,robotic,6
3,2,2. My avatar is just an instrument in the hands of somebody or something else,5,,P14,repeat,robotic,6
3,3,3. My avatar's speech just happen without my intention,6,,P14,repeat,robotic,6
3,4,4. I am the author of my avatar's speech,7,,P14,repeat,robotic,6
3,5,5. Things my avatar says are subject only to my free will,2,,P14,repeat,robotic,6
3,6,6. Nothing my avatar says is actually voluntary,6,,P14,repeat,robotic,6
3,7,7. My avatar's behavior is planned by me from the very beginning to the very end,2,,P14,repeat,robotic,6
3,8,8. I am completely responsible for everything that results from my avatar's speech,1,,P14,repeat,robotic,6
3,9,9. I would use this response as my own.,10,,P14,repeat,robotic,6
4,1,1. I am in control of what my avatar says,1,,P14,counter,robotic,8
4,2,2. My avatar is just an instrument in the hands of somebody or something else,7,,P14,counter,robotic,8
4,3,3. My avatar's speech just happen without my intention,7,,P14,counter,robotic,8
4,4,4. I am the author of my avatar's speech,1,,P14,counter,robotic,8
4,5,5. Things my avatar says are subject only to my free will,1,,P14,counter,robotic,8
4,6,6. Nothing my avatar says is actually voluntary,3,,P14,counter,robotic,8
4,7,7. My avatar's behavior is planned by me from the very beginning to the very end,1,,P14,counter,robotic,8
4,8,8. I am completely responsible for everything that results from my avatar's speech,1,,P14,counter,robotic,8
4,9,9. I would use this response as my own.,3,,P14,counter,robotic,8
5,1,1. I am in control of what my avatar says,5,,P14,enhance,robotic,10
5,2,2. My avatar is just an instrument in the hands of somebody or something else,7,,P14,enhance,robotic,10
5,3,3. My avatar's speech just happen without my intention,7,,P14,enhance,robotic,10
5,4,4. I am the author of my avatar's speech,5,,P14,enhance,robotic,10
5,5,5. Things my avatar says are subject only to my free will,2,,P14,enhance,robotic,10
5,6,6. Nothing my avatar says is actually voluntary,6,,P14,enhance,robotic,10
5,7,7. My avatar's behavior is planned by me from the very beginning to the very end,1,,P14,enhance,robotic,10
5,8,8. I am completely responsible for everything that results from my avatar's speech,1,,P14,enhance,robotic,10
5,9,9. I would use this response as my own.,10,,P14,enhance,robotic,10
6,1,1. I am in control of what my avatar says,7,,P14,repeat,robotic,12
6,2,2. My avatar is just an instrument in the hands of somebody or something else,7,,P14,repeat,robotic,12
6,3,3. My avatar's speech just happen without my intention,3,,P14,repeat,robotic,12
6,4,4. I am the author of my avatar's speech,7,,P14,repeat,robotic,12
6,5,5. Things my avatar says are subject only to my free will,5,,P14,repeat,robotic,12
6,6,6. Nothing my avatar says is actually voluntary,7,,P14,repeat,robotic,12
6,7,7. My avatar's behavior is planned by me from the very beginning to the very end,1,,P14,repeat,robotic,12
6,8,8. I am completely responsible for everything that results from my avatar's speech,1,,P14,repeat,robotic,12
6,9,9. I would use this response as my own.,10,,P14,repeat,robotic,12
7,1,1. I am in control of what my avatar says,7,,P14,repeat,clone,1
7,2,2. My avatar is just an instrument in the hands of somebody or something else,2,,P14,repeat,clone,1
7,3,3. My avatar's speech just happen without my intention,3,,P14,repeat,clone,1
7,4,4. I am the author of my avatar's speech,7,,P14,repeat,clone,1
7,5,5. Things my avatar says are subject only to my free will,7,,P14,repeat,clone,1
7,6,6. Nothing my avatar says is actually voluntary,7,,P14,repeat,clone,1
7,7,7. My avatar's behavior is planned by me from the very beginning to the very end,1,,P14,repeat,clone,1
7,8,8. I am completely responsible for everything that results from my avatar's speech,5,,P14,repeat,clone,1
7,9,9. I would use this response as my own.,10,,P14,repeat,clone,1
8,1,1. I am in control of what my avatar says,5,,P14,enhance,clone,3
8,2,2. My avatar is just an instrument in the hands of somebody or something else,5,,P14,enhance,clone,3
8,3,3. My avatar's speech just happen without my intention,5,,P14,enhance,clone,3
8,4,4. I am the author of my avatar's speech,5,,P14,enhance,clone,3
8,5,5. Things my avatar says are subject only to my free will,3,,P14,enhance,clone,3
8,6,6. Nothing my avatar says is actually voluntary,4,,P14,enhance,clone,3
8,7,7. My avatar's behavior is planned by me from the very beginning to the very end,1,,P14,enhance,clone,3
8,8,8. I am completely responsible for everything that results from my avatar's speech,1,,P14,enhance,clone,3
8,9,9. I would use this response as my own.,6,,P14,enhance,clone,3
9,1,1. I am in control of what my avatar says,5,,P14,counter,clone,5
9,2,2. My avatar is just an instrument in the hands of somebody or something else,5,,P14,counter,clone,5
9,3,3. My avatar's speech just happen without my intention,7,,P14,counter,clone,5
9,4,4. I am the author of my avatar's speech,4,,P14,counter,clone,5
9,5,5. Things my avatar says are subject only to my free will,2,,P14,counter,clone,5
9,6,6. Nothing my avatar says is actually voluntary,6,,P14,counter,clone,5
9,7,7. My avatar's behavior is planned by me from the very beginning to the very end,1,,P14,counter,clone,5
9,8,8. I am completely responsible for everything that results from my avatar's speech,2,,P14,counter,clone,5
9,9,9. I would use this response as my own.,8,,P14,counter,clone,5
10,1,1. I am in control of what my avatar says,7,,P14,repeat,clone,7
10,2,2. My avatar is just an instrument in the hands of somebody or something else,5,,P14,repeat,clone,7
10,3,3. My avatar's speech just happen without my intention,3,,P14,repeat,clone,7
10,4,4. I am the author of my avatar's speech,7,,P14,repeat,clone,7
10,5,5. Things my avatar says are subject only to my free will,2,,P14,repeat,clone,7
10,6,6. Nothing my avatar says is actually voluntary,6,,P14,repeat,clone,7
10,7,7. My avatar's behavior is planned by me from the very beginning to the very end,1,,P14,repeat,clone,7
10,8,8. I am completely responsible for everything that results from my avatar's speech,4,,P14,repeat,clone,7
10,9,9. I would use this response as my own.,10,,P14,repeat,clone,7
11,1,1. I am in control of what my avatar says,5,,P14,enhance,clone,9
11,2,2. My avatar is just an instrument in the hands of somebody or something else,7,,P14,enhance,clone,9
11,3,3. My avatar's speech just happen without my intention,7,,P14,enhance,clone,9
11,4,4. I am the author of my avatar's speech,4,,P14,enhance,clone,9
11,5,5. Things my avatar says are subject only to my free will,3,,P14,enhance,clone,9
11,6,6. Nothing my avatar says is actually voluntary,3,,P14,enhance,clone,9
11,7,7. My avatar's behavior is planned by me from the very beginning to the very end,1,,P14,enhance,clone,9
11,8,8. I am completely responsible for everything that results from my avatar's speech,2,,P14,enhance,clone,9
11,9,9. I would use this response as my own.,2,,P14,enhance,clone,9
12,1,1. I am in control of what my avatar says,4,,P14,counter,clone,11
12,2,2. My avatar is just an instrument in the hands of somebody or something else,7,,P14,counter,clone,11
12,3,3. My avatar's speech just happen without my intention,6,,P14,counter,clone,11
12,4,4. I am the author of my avatar's speech,4,,P14,counter,clone,11
12,5,5. Things my avatar says are subject only to my free will,1,,P14,counter,clone,11
12,6,6. Nothing my avatar says is actually voluntary,4,,P14,counter,clone,11
12,7,7. My avatar's behavior is planned by me from the very beginning to the very end,1,,P14,counter,clone,11
12,8,8. I am completely responsible for everything that results from my avatar's speech,1,,P14,counter,clone,11
12,9,9. I would use this response as my own.,2,,P14,counter,clone,11
1,1,1. I am in control of what my avatar says,5,,P15,repeat,robotic,3
1,2,2. My avatar is just an instrument in the hands of somebody or something else,4,,P15,repeat,robotic,3
1,3,3. My avatar's speech just happen without my intention,3,,P15,repeat,robotic,3
1,4,4. I am the author of my avatar's speech,5,,P15,repeat,robotic,3
1,5,5. Things my avatar says are subject only to my free will,4,,P15,repeat,robotic,3
1,6,6. Nothing my avatar says is actually voluntary,4,,P15,repeat,robotic,3
1,7,7. My avatar's behavior is planned by me from the very beginning to the very end,5,,P15,repeat,robotic,3
1,8,8. I am completely responsible for everything that results from my avatar's speech,5,,P15,repeat,robotic,3
1,9,9. I would use this response as my own.,7,,P15,repeat,robotic,3
2,1,1. I am in control of what my avatar says,3,,P15,counter,robotic,5
2,2,2. My avatar is just an instrument in the hands of somebody or something else,4,,P15,counter,robotic,5
2,3,3. My avatar's speech just happen without my intention,5,,P15,counter,robotic,5
2,4,4. I am the author of my avatar's speech,4,,P15,counter,robotic,5
2,5,5. Things my avatar says are subject only to my free will,4,,P15,counter,robotic,5
2,6,6. Nothing my avatar says is actually voluntary,5,,P15,counter,robotic,5
2,7,7. My avatar's behavior is planned by me from the very beginning to the very end,3,,P15,counter,robotic,5
2,8,8. I am completely responsible for everything that results from my avatar's speech,4,,P15,counter,robotic,5
2,9,9. I would use this response as my own.,4,,P15,counter,robotic,5
3,1,1. I am in control of what my avatar says,3,,P15,enhance,robotic,7
3,2,2. My avatar is just an instrument in the hands of somebody or something else,5,,P15,enhance,robotic,7
3,3,3. My avatar's speech just happen without my intention,2,,P15,enhance,robotic,7
3,4,4. I am the author of my avatar's speech,4,,P15,enhance,robotic,7
3,5,5. Things my avatar says are subject only to my free will,5,,P15,enhance,robotic,7
3,6,6. Nothing my avatar says is actually voluntary,5,,P15,enhance,robotic,7
3,7,7. My avatar's behavior is planned by me from the very beginning to the very end,4,,P15,enhance,robotic,7
3,8,8. I am completely responsible for everything that results from my avatar's speech,5,,P15,enhance,robotic,7
3,9,9. I would use this response as my own.,4,,P15,enhance,robotic,7
4,1,1. I am in control of what my avatar says,5,,P15,repeat,robotic,9
4,2,2. My avatar is just an instrument in the hands of somebody or something else,5,,P15,repeat,robotic,9
4,3,3. My avatar's speech just happen without my intention,3,,P15,repeat,robotic,9
4,4,4. I am the author of my avatar's speech,6,,P15,repeat,robotic,9
4,5,5. Things my avatar says are subject only to my free will,6,,P15,repeat,robotic,9
4,6,6. Nothing my avatar says is actually voluntary,3,,P15,repeat,robotic,9
4,7,7. My avatar's behavior is planned by me from the very beginning to the very end,5,,P15,repeat,robotic,9
4,8,8. I am completely responsible for everything that results from my avatar's speech,7,,P15,repeat,robotic,9
4,9,9. I would use this response as my own.,9,,P15,repeat,robotic,9
5,1,1. I am in control of what my avatar says,3,,P15,counter,robotic,11
5,2,2. My avatar is just an instrument in the hands of somebody or something else,5,,P15,counter,robotic,11
5,3,3. My avatar's speech just happen without my intention,3,,P15,counter,robotic,11
5,4,4. I am the author of my avatar's speech,2,,P15,counter,robotic,11
5,5,5. Things my avatar says are subject only to my free will,5,,P15,counter,robotic,11
5,6,6. Nothing my avatar says is actually voluntary,7,,P15,counter,robotic,11
5,7,7. My avatar's behavior is planned by me from the very beginning to the very end,5,,P15,counter,robotic,11
5,8,8. I am completely responsible for everything that results from my avatar's speech,6,,P15,counter,robotic,11
5,9,9. I would use this response as my own.,5,,P15,counter,robotic,11
6,1,1. I am in control of what my avatar says,5,,P15,enhance,robotic,1
6,2,2. My avatar is just an instrument in the hands of somebody or something else,6,,P15,enhance,robotic,1
6,3,3. My avatar's speech just happen without my intention,2,,P15,enhance,robotic,1
6,4,4. I am the author of my avatar's speech,5,,P15,enhance,robotic,1
6,5,5. Things my avatar says are subject only to my free will,5,,P15,enhance,robotic,1
6,6,6. Nothing my avatar says is actually voluntary,2,,P15,enhance,robotic,1
6,7,7. My avatar's behavior is planned by me from the very beginning to the very end,5,,P15,enhance,robotic,1
6,8,8. I am completely responsible for everything that results from my avatar's speech,6,,P15,enhance,robotic,1
6,9,9. I would use this response as my own.,3,,P15,enhance,robotic,1
7,1,1. I am in control of what my avatar says,6,,P15,enhance,clone,4
7,2,2. My avatar is just an instrument in the hands of somebody or something else,3,,P15,enhance,clone,4
7,3,3. My avatar's speech just happen without my intention,2,,P15,enhance,clone,4
7,4,4. I am the author of my avatar's speech,5,,P15,enhance,clone,4
7,5,5. Things my avatar says are subject only to my free will,5,,P15,enhance,clone,4
7,6,6. Nothing my avatar says is actually voluntary,2,,P15,enhance,clone,4
7,7,7. My avatar's behavior is planned by me from the very beginning to the very end,5,,P15,enhance,clone,4
7,8,8. I am completely responsible for everything that results from my avatar's speech,6,,P15,enhance,clone,4
7,9,9. I would use this response as my own.,6,,P15,enhance,clone,4
8,1,1. I am in control of what my avatar says,6,,P15,counter,clone,6
8,2,2. My avatar is just an instrument in the hands of somebody or something else,2,,P15,counter,clone,6
8,3,3. My avatar's speech just happen without my intention,3,,P15,counter,clone,6
8,4,4. I am the author of my avatar's speech,5,,P15,counter,clone,6
8,5,5. Things my avatar says are subject only to my free will,6,,P15,counter,clone,6
8,6,6. Nothing my avatar says is actually voluntary,1,,P15,counter,clone,6
8,7,7. My avatar's behavior is planned by me from the very beginning to the very end,4,,P15,counter,clone,6
8,8,8. I am completely responsible for everything that results from my avatar's speech,1,,P15,counter,clone,6
8,9,9. I would use this response as my own.,3,,P15,counter,clone,6
9,1,1. I am in control of what my avatar says,7,,P15,repeat,clone,8
9,2,2. My avatar is just an instrument in the hands of somebody or something else,2,,P15,repeat,clone,8
9,3,3. My avatar's speech just happen without my intention,3,,P15,repeat,clone,8
9,4,4. I am the author of my avatar's speech,6,,P15,repeat,clone,8
9,5,5. Things my avatar says are subject only to my free will,5,,P15,repeat,clone,8
9,6,6. Nothing my avatar says is actually voluntary,6,,P15,repeat,clone,8
9,7,7. My avatar's behavior is planned by me from the very beginning to the very end,5,,P15,repeat,clone,8
9,8,8. I am completely responsible for everything that results from my avatar's speech,5,,P15,repeat,clone,8
9,9,9. I would use this response as my own.,9,,P15,repeat,clone,8
10,1,1. I am in control of what my avatar says,3,,P15,enhance,clone,10
10,2,2. My avatar is just an instrument in the hands of somebody or something else,5,,P15,enhance,clone,10
10,3,3. My avatar's speech just happen without my intention,5,,P15,enhance,clone,10
10,4,4. I am the author of my avatar's speech,6,,P15,enhance,clone,10
10,5,5. Things my avatar says are subject only to my free will,5,,P15,enhance,clone,10
10,6,6. Nothing my avatar says is actually voluntary,1,,P15,enhance,clone,10
10,7,7. My avatar's behavior is planned by me from the very beginning to the very end,3,,P15,enhance,clone,10
10,8,8. I am completely responsible for everything that results from my avatar's speech,4,,P15,enhance,clone,10
10,9,9. I would use this response as my own.,4,,P15,enhance,clone,10
11,1,1. I am in control of what my avatar says,4,,P15,counter,clone,12
11,2,2. My avatar is just an instrument in the hands of somebody or something else,5,,P15,counter,clone,12
11,3,3. My avatar's speech just happen without my intention,3,,P15,counter,clone,12
11,4,4. I am the author of my avatar's speech,5,,P15,counter,clone,12
11,5,5. Things my avatar says are subject only to my free will,5,,P15,counter,clone,12
11,6,6. Nothing my avatar says is actually voluntary,1,,P15,counter,clone,12
11,7,7. My avatar's behavior is planned by me from the very beginning to the very end,3,,P15,counter,clone,12
11,8,8. I am completely responsible for everything that results from my avatar's speech,5,,P15,counter,clone,12
11,9,9. I would use this response as my own.,4,,P15,counter,clone,12
12,1,1. I am in control of what my avatar says,2,,P15,repeat,clone,2
12,2,2. My avatar is just an instrument in the hands of somebody or something else,6,,P15,repeat,clone,2
12,3,3. My avatar's speech just happen without my intention,2,,P15,repeat,clone,2
12,4,4. I am the author of my avatar's speech,5,,P15,repeat,clone,2
12,5,5. Things my avatar says are subject only to my free will,5,,P15,repeat,clone,2
12,6,6. Nothing my avatar says is actually voluntary,1,,P15,repeat,clone,2
12,7,7. My avatar's behavior is planned by me from the very beginning to the very end,1,,P15,repeat,clone,2
12,8,8. I am completely responsible for everything that results from my avatar's speech,5,,P15,repeat,clone,2
12,9,9. I would use this response as my own.,4,,P15,repeat,clone,2
1,1,1. I am in control of what my avatar says,6,,P12,enhance,clone,12
1,2,2. My avatar is just an instrument in the hands of somebody or something else,2,,P12,enhance,clone,12
1,3,3. My avatar's speech just happen without my intention,1,,P12,enhance,clone,12
1,4,4. I am the author of my avatar's speech,3,,P12,enhance,clone,12
1,5,5. Things my avatar says are subject only to my free will,4,,P12,enhance,clone,12
1,6,6. Nothing my avatar says is actually voluntary,1,,P12,enhance,clone,12
1,7,7. My avatar's behavior is planned by me from the very beginning to the very end,3,,P12,enhance,clone,12
1,8,8. I am completely responsible for everything that results from my avatar's speech,2,,P12,enhance,clone,12
1,9,9. I would use this response as my own.,9,,P12,enhance,clone,12
2,1,1. I am in control of what my avatar says,7,,P12,repeat,clone,2
2,2,2. My avatar is just an instrument in the hands of somebody or something else,1,,P12,repeat,clone,2
2,3,3. My avatar's speech just happen without my intention,1,,P12,repeat,clone,2
2,4,4. I am the author of my avatar's speech,7,,P12,repeat,clone,2
2,5,5. Things my avatar says are subject only to my free will,6,,P12,repeat,clone,2
2,6,6. Nothing my avatar says is actually voluntary,1,,P12,repeat,clone,2
2,7,7. My avatar's behavior is planned by me from the very beginning to the very end,5,,P12,repeat,clone,2
2,8,8. I am completely responsible for everything that results from my avatar's speech,7,,P12,repeat,clone,2
2,9,9. I would use this response as my own.,10,,P12,repeat,clone,2
3,1,1. I am in control of what my avatar says,2,,P12,counter,clone,4
3,2,2. My avatar is just an instrument in the hands of somebody or something else,5,,P12,counter,clone,4
3,3,3. My avatar's speech just happen without my intention,4,,P12,counter,clone,4
3,4,4. I am the author of my avatar's speech,3,,P12,counter,clone,4
3,5,5. Things my avatar says are subject only to my free will,2,,P12,counter,clone,4
3,6,6. Nothing my avatar says is actually voluntary,3,,P12,counter,clone,4
3,7,7. My avatar's behavior is planned by me from the very beginning to the very end,2,,P12,counter,clone,4
3,8,8. I am completely responsible for everything that results from my avatar's speech,1,,P12,counter,clone,4
3,9,9. I would use this response as my own.,3,,P12,counter,clone,4
4,1,1. I am in control of what my avatar says,5,,P12,enhance,clone,6
4,2,2. My avatar is just an instrument in the hands of somebody or something else,5,,P12,enhance,clone,6
4,3,3. My avatar's speech just happen without my intention,3,,P12,enhance,clone,6
4,4,4. I am the author of my avatar's speech,4,,P12,enhance,clone,6
4,5,5. Things my avatar says are subject only to my free will,2,,P12,enhance,clone,6
4,6,6. Nothing my avatar says is actually voluntary,2,,P12,enhance,clone,6
4,7,7. My avatar's behavior is planned by me from the very beginning to the very end,5,,P12,enhance,clone,6
4,8,8. I am completely responsible for everything that results from my avatar's speech,2,,P12,enhance,clone,6
4,9,9. I would use this response as my own.,7,,P12,enhance,clone,6
5,1,1. I am in control of what my avatar says,6,,P12,repeat,clone,8
5,2,2. My avatar is just an instrument in the hands of somebody or something else,1,,P12,repeat,clone,8
5,3,3. My avatar's speech just happen without my intention,1,,P12,repeat,clone,8
5,4,4. I am the author of my avatar's speech,7,,P12,repeat,clone,8
5,5,5. Things my avatar says are subject only to my free will,7,,P12,repeat,clone,8
5,6,6. Nothing my avatar says is actually voluntary,1,,P12,repeat,clone,8
5,7,7. My avatar's behavior is planned by me from the very beginning to the very end,6,,P12,repeat,clone,8
5,8,8. I am completely responsible for everything that results from my avatar's speech,6,,P12,repeat,clone,8
5,9,9. I would use this response as my own.,9,,P12,repeat,clone,8
6,1,1. I am in control of what my avatar says,4,,P12,counter,clone,10
6,2,2. My avatar is just an instrument in the hands of somebody or something else,4,,P12,counter,clone,10
6,3,3. My avatar's speech just happen without my intention,5,,P12,counter,clone,10
6,4,4. I am the author of my avatar's speech,4,,P12,counter,clone,10
6,5,5. Things my avatar says are subject only to my free will,3,,P12,counter,clone,10
6,6,6. Nothing my avatar says is actually voluntary,2,,P12,counter,clone,10
6,7,7. My avatar's behavior is planned by me from the very beginning to the very end,1,,P12,counter,clone,10
6,8,8. I am completely responsible for everything that results from my avatar's speech,3,,P12,counter,clone,10
6,9,9. I would use this response as my own.,8,,P12,counter,clone,10
7,1,1. I am in control of what my avatar says,2,,P12,counter,robotic,11
7,2,2. My avatar is just an instrument in the hands of somebody or something else,5,,P12,counter,robotic,11
7,3,3. My avatar's speech just happen without my intention,5,,P12,counter,robotic,11
7,4,4. I am the author of my avatar's speech,2,,P12,counter,robotic,11
7,5,5. Things my avatar says are subject only to my free will,2,,P12,counter,robotic,11
7,6,6. Nothing my avatar says is actually voluntary,1,,P12,counter,robotic,11
7,7,7. My avatar's behavior is planned by me from the very beginning to the very end,3,,P12,counter,robotic,11
7,8,8. I am completely responsible for everything that results from my avatar's speech,3,,P12,counter,robotic,11
7,9,9. I would use this response as my own.,10,,P12,counter,robotic,11
8,1,1. I am in control of what my avatar says,5,,P12,repeat,robotic,1
8,2,2. My avatar is just an instrument in the hands of somebody or something else,5,,P12,repeat,robotic,1
8,3,3. My avatar's speech just happen without my intention,3,,P12,repeat,robotic,1
8,4,4. I am the author of my avatar's speech,7,,P12,repeat,robotic,1
8,5,5. Things my avatar says are subject only to my free will,6,,P12,repeat,robotic,1
8,6,6. Nothing my avatar says is actually voluntary,1,,P12,repeat,robotic,1
8,7,7. My avatar's behavior is planned by me from the very beginning to the very end,5,,P12,repeat,robotic,1
8,8,8. I am completely responsible for everything that results from my avatar's speech,5,,P12,repeat,robotic,1
8,9,9. I would use this response as my own.,6,,P12,repeat,robotic,1
9,1,1. I am in control of what my avatar says,3,,P12,enhance,robotic,3
9,2,2. My avatar is just an instrument in the hands of somebody or something else,5,,P12,enhance,robotic,3
9,3,3. My avatar's speech just happen without my intention,5,,P12,enhance,robotic,3
9,4,4. I am the author of my avatar's speech,2,,P12,enhance,robotic,3
9,5,5. Things my avatar says are subject only to my free will,1,,P12,enhance,robotic,3
9,6,6. Nothing my avatar says is actually voluntary,2,,P12,enhance,robotic,3
9,7,7. My avatar's behavior is planned by me from the very beginning to the very end,2,,P12,enhance,robotic,3
9,8,8. I am completely responsible for everything that results from my avatar's speech,2,,P12,enhance,robotic,3
9,9,9. I would use this response as my own.,4,,P12,enhance,robotic,3
10,1,1. I am in control of what my avatar says,2,,P12,counter,robotic,5
10,2,2. My avatar is just an instrument in the hands of somebody or something else,6,,P12,counter,robotic,5
10,3,3. My avatar's speech just happen without my intention,6,,P12,counter,robotic,5
10,4,4. I am the author of my avatar's speech,2,,P12,counter,robotic,5
10,5,5. Things my avatar says are subject only to my free will,2,,P12,counter,robotic,5
10,6,6. Nothing my avatar says is actually voluntary,4,,P12,counter,robotic,5
10,7,7. My avatar's behavior is planned by me from the very beginning to the very end,2,,P12,counter,robotic,5
10,8,8. I am completely responsible for everything that results from my avatar's speech,2,,P12,counter,robotic,5
10,9,9. I would use this response as my own.,3,,P12,counter,robotic,5
11,1,1. I am in control of what my avatar says,5,,P12,repeat,robotic,7
11,2,2. My avatar is just an instrument in the hands of somebody or something else,4,,P12,repeat,robotic,7
11,3,3. My avatar's speech just happen without my intention,5,,P12,repeat,robotic,7
11,4,4. I am the author of my avatar's speech,5,,P12,repeat,robotic,7
11,5,5. Things my avatar says are subject only to my free will,1,,P12,repeat,robotic,7
11,6,6. Nothing my avatar says is actually voluntary,1,,P12,repeat,robotic,7
11,7,7. My avatar's behavior is planned by me from the very beginning to the very end,3,,P12,repeat,robotic,7
11,8,8. I am completely responsible for everything that results from my avatar's speech,1,,P12,repeat,robotic,7
11,9,9. I would use this response as my own.,9,,P12,repeat,robotic,7
12,1,1. I am in control of what my avatar says,5,,P12,enhance,robotic,9
12,2,2. My avatar is just an instrument in the hands of somebody or something else,2,,P12,enhance,robotic,9
12,3,3. My avatar's speech just happen without my intention,4,,P12,enhance,robotic,9
12,4,4. I am the author of my avatar's speech,3,,P12,enhance,robotic,9
12,5,5. Things my avatar says are subject only to my free will,3,,P12,enhance,robotic,9
12,6,6. Nothing my avatar says is actually voluntary,1,,P12,enhance,robotic,9
12,7,7. My avatar's behavior is planned by me from the very beginning to the very end,3,,P12,enhance,robotic,9
12,8,8. I am completely responsible for everything that results from my avatar's speech,1,,P12,enhance,robotic,9
12,9,9. I would use this response as my own.,10,,P12,enhance,robotic,9
1,1,1. I am in control of what my avatar says,3,,P24,counter,robotic,12
1,2,2. My avatar is just an instrument in the hands of somebody or something else,3,,P24,counter,robotic,12
1,3,3. My avatar's speech just happen without my intention,2,,P24,counter,robotic,12
1,4,4. I am the author of my avatar's speech,3,,P24,counter,robotic,12
1,5,5. Things my avatar says are subject only to my free will,1,,P24,counter,robotic,12
1,6,6. Nothing my avatar says is actually voluntary,3,,P24,counter,robotic,12
1,7,7. My avatar's behavior is planned by me from the very beginning to the very end,3,,P24,counter,robotic,12
1,8,8. I am completely responsible for everything that results from my avatar's speech,2,,P24,counter,robotic,12
1,9,9. I would use this response as my own.,5,,P24,counter,robotic,12
3,1,1. I am in control of what my avatar says,4,,P24,enhance,robotic,4
3,2,2. My avatar is just an instrument in the hands of somebody or something else,3,,P24,enhance,robotic,4
3,3,3. My avatar's speech just happen without my intention,3,,P24,enhance,robotic,4
3,4,4. I am the author of my avatar's speech,4,,P24,enhance,robotic,4
3,5,5. Things my avatar says are subject only to my free will,4,,P24,enhance,robotic,4
3,6,6. Nothing my avatar says is actually voluntary,4,,P24,enhance,robotic,4
3,7,7. My avatar's behavior is planned by me from the very beginning to the very end,3,,P24,enhance,robotic,4
3,8,8. I am completely responsible for everything that results from my avatar's speech,2,,P24,enhance,robotic,4
3,9,9. I would use this response as my own.,3,,P24,enhance,robotic,4
4,1,1. I am in control of what my avatar says,1,,P24,counter,robotic,6
4,2,2. My avatar is just an instrument in the hands of somebody or something else,5,,P24,counter,robotic,6
4,3,3. My avatar's speech just happen without my intention,4,,P24,counter,robotic,6
4,4,4. I am the author of my avatar's speech,2,,P24,counter,robotic,6
4,5,5. Things my avatar says are subject only to my free will,3,,P24,counter,robotic,6
4,6,6. Nothing my avatar says is actually voluntary,5,,P24,counter,robotic,6
4,7,7. My avatar's behavior is planned by me from the very beginning to the very end,2,,P24,counter,robotic,6
4,8,8. I am completely responsible for everything that results from my avatar's speech,2,,P24,counter,robotic,6
4,9,9. I would use this response as my own.,2,,P24,counter,robotic,6
5,1,1. I am in control of what my avatar says,5,,P24,repeat,robotic,8
5,2,2. My avatar is just an instrument in the hands of somebody or something else,2,,P24,repeat,robotic,8
5,3,3. My avatar's speech just happen without my intention,3,,P24,repeat,robotic,8
5,4,4. I am the author of my avatar's speech,5,,P24,repeat,robotic,8
5,5,5. Things my avatar says are subject only to my free will,4,,P24,repeat,robotic,8
5,6,6. Nothing my avatar says is actually voluntary,4,,P24,repeat,robotic,8
5,7,7. My avatar's behavior is planned by me from the very beginning to the very end,4,,P24,repeat,robotic,8
5,8,8. I am completely responsible for everything that results from my avatar's speech,5,,P24,repeat,robotic,8
5,9,9. I would use this response as my own.,8,,P24,repeat,robotic,8
6,1,1. I am in control of what my avatar says,4,,P24,enhance,robotic,10
6,2,2. My avatar is just an instrument in the hands of somebody or something else,5,,P24,enhance,robotic,10
6,3,3. My avatar's speech just happen without my intention,4,,P24,enhance,robotic,10
6,4,4. I am the author of my avatar's speech,4,,P24,enhance,robotic,10
6,5,5. Things my avatar says are subject only to my free will,4,,P24,enhance,robotic,10
6,6,6. Nothing my avatar says is actually voluntary,4,,P24,enhance,robotic,10
6,7,7. My avatar's behavior is planned by me from the very beginning to the very end,4,,P24,enhance,robotic,10
6,8,8. I am completely responsible for everything that results from my avatar's speech,4,,P24,enhance,robotic,10
6,9,9. I would use this response as my own.,7,,P24,enhance,robotic,10
7,1,1. I am in control of what my avatar says,4,,P24,enhance,clone,11
7,2,2. My avatar is just an instrument in the hands of somebody or something else,4,,P24,enhance,clone,11
7,3,3. My avatar's speech just happen without my intention,4,,P24,enhance,clone,11
7,4,4. I am the author of my avatar's speech,5,,P24,enhance,clone,11
7,5,5. Things my avatar says are subject only to my free will,5,,P24,enhance,clone,11
7,6,6. Nothing my avatar says is actually voluntary,4,,P24,enhance,clone,11
7,7,7. My avatar's behavior is planned by me from the very beginning to the very end,5,,P24,enhance,clone,11
7,8,8. I am completely responsible for everything that results from my avatar's speech,5,,P24,enhance,clone,11
7,9,9. I would use this response as my own.,7,,P24,enhance,clone,11
8,1,1. I am in control of what my avatar says,5,,P24,repeat,clone,1
8,2,2. My avatar is just an instrument in the hands of somebody or something else,3,,P24,repeat,clone,1
8,3,3. My avatar's speech just happen without my intention,4,,P24,repeat,clone,1
8,4,4. I am the author of my avatar's speech,5,,P24,repeat,clone,1
8,5,5. Things my avatar says are subject only to my free will,5,,P24,repeat,clone,1
8,6,6. Nothing my avatar says is actually voluntary,5,,P24,repeat,clone,1
8,7,7. My avatar's behavior is planned by me from the very beginning to the very end,5,,P24,repeat,clone,1
8,8,8. I am completely responsible for everything that results from my avatar's speech,6,,P24,repeat,clone,1
8,9,9. I would use this response as my own.,8,,P24,repeat,clone,1
9,1,1. I am in control of what my avatar says,1,,P24,counter,clone,3
9,2,2. My avatar is just an instrument in the hands of somebody or something else,6,,P24,counter,clone,3
9,3,3. My avatar's speech just happen without my intention,6,,P24,counter,clone,3
9,4,4. I am the author of my avatar's speech,1,,P24,counter,clone,3
9,5,5. Things my avatar says are subject only to my free will,4,,P24,counter,clone,3
9,6,6. Nothing my avatar says is actually voluntary,2,,P24,counter,clone,3
9,7,7. My avatar's behavior is planned by me from the very beginning to the very end,2,,P24,counter,clone,3
9,8,8. I am completely responsible for everything that results from my avatar's speech,2,,P24,counter,clone,3
9,9,9. I would use this response as my own.,2,,P24,counter,clone,3
10,1,1. I am in control of what my avatar says,1,,P24,enhance,clone,5
10,2,2. My avatar is just an instrument in the hands of somebody or something else,2,,P24,enhance,clone,5
10,3,3. My avatar's speech just happen without my intention,2,,P24,enhance,clone,5
10,4,4. I am the author of my avatar's speech,3,,P24,enhance,clone,5
10,5,5. Things my avatar says are subject only to my free will,4,,P24,enhance,clone,5
10,6,6. Nothing my avatar says is actually voluntary,4,,P24,enhance,clone,5
10,7,7. My avatar's behavior is planned by me from the very beginning to the very end,3,,P24,enhance,clone,5
10,8,8. I am completely responsible for everything that results from my avatar's speech,4,,P24,enhance,clone,5
10,9,9. I would use this response as my own.,5,,P24,enhance,clone,5
11,1,1. I am in control of what my avatar says,6,,P24,repeat,clone,7
11,2,2. My avatar is just an instrument in the hands of somebody or something else,6,,P24,repeat,clone,7
11,3,3. My avatar's speech just happen without my intention,4,,P24,repeat,clone,7
11,4,4. I am the author of my avatar's speech,6,,P24,repeat,clone,7
11,5,5. Things my avatar says are subject only to my free will,5,,P24,repeat,clone,7
11,6,6. Nothing my avatar says is actually voluntary,4,,P24,repeat,clone,7
11,7,7. My avatar's behavior is planned by me from the very beginning to the very end,5,,P24,repeat,clone,7
11,8,8. I am completely responsible for everything that results from my avatar's speech,5,,P24,repeat,clone,7
11,9,9. I would use this response as my own.,8,,P24,repeat,clone,7
12,1,1. I am in control of what my avatar says,2,,P24,counter,clone,9
12,2,2. My avatar is just an instrument in the hands of somebody or something else,5,,P24,counter,clone,9
12,3,3. My avatar's speech just happen without my intention,3,,P24,counter,clone,9
12,4,4. I am the author of my avatar's speech,2,,P24,counter,clone,9
12,5,5. Things my avatar says are subject only to my free will,2,,P24,counter,clone,9
12,6,6. Nothing my avatar says is actually voluntary,3,,P24,counter,clone,9
12,7,7. My avatar's behavior is planned by me from the very beginning to the very end,2,,P24,counter,clone,9
12,8,8. I am completely responsible for everything that results from my avatar's speech,2,,P24,counter,clone,9
12,9,9. I would use this response as my own.,4,,P24,counter,clone,9
1,1,1. I am in control of what my avatar says,4,,P23,counter,robotic,11
1,2,2. My avatar is just an instrument in the hands of somebody or something else,5,,P23,counter,robotic,11
1,3,3. My avatar's speech just happen without my intention,3,,P23,counter,robotic,11
1,4,4. I am the author of my avatar's speech,3,,P23,counter,robotic,11
1,5,5. Things my avatar says are subject only to my free will,4,,P23,counter,robotic,11
1,6,6. Nothing my avatar says is actually voluntary,4,,P23,counter,robotic,11
1,7,7. My avatar's behavior is planned by me from the very beginning to the very end,5,,P23,counter,robotic,11
1,8,8. I am completely responsible for everything that results from my avatar's speech,4,,P23,counter,robotic,11
1,9,9. I would use this response as my own.,4,,P23,counter,robotic,11
2,1,1. I am in control of what my avatar says,5,,P23,repeat,robotic,1
2,2,2. My avatar is just an instrument in the hands of somebody or something else,5,,P23,repeat,robotic,1
2,3,3. My avatar's speech just happen without my intention,2,,P23,repeat,robotic,1
2,4,4. I am the author of my avatar's speech,5,,P23,repeat,robotic,1
2,5,5. Things my avatar says are subject only to my free will,3,,P23,repeat,robotic,1
2,6,6. Nothing my avatar says is actually voluntary,3,,P23,repeat,robotic,1
2,7,7. My avatar's behavior is planned by me from the very beginning to the very end,5,,P23,repeat,robotic,1
2,8,8. I am completely responsible for everything that results from my avatar's speech,4,,P23,repeat,robotic,1
2,9,9. I would use this response as my own.,3,,P23,repeat,robotic,1
3,1,1. I am in control of what my avatar says,5,,P23,enhance,robotic,3
3,2,2. My avatar is just an instrument in the hands of somebody or something else,3,,P23,enhance,robotic,3
3,3,3. My avatar's speech just happen without my intention,2,,P23,enhance,robotic,3
3,4,4. I am the author of my avatar's speech,6,,P23,enhance,robotic,3
3,5,5. Things my avatar says are subject only to my free will,3,,P23,enhance,robotic,3
3,6,6. Nothing my avatar says is actually voluntary,4,,P23,enhance,robotic,3
3,7,7. My avatar's behavior is planned by me from the very beginning to the very end,7,,P23,enhance,robotic,3
3,8,8. I am completely responsible for everything that results from my avatar's speech,7,,P23,enhance,robotic,3
3,9,9. I would use this response as my own.,10,,P23,enhance,robotic,3
4,1,1. I am in control of what my avatar says,3,,P23,counter,robotic,5
4,2,2. My avatar is just an instrument in the hands of somebody or something else,2,,P23,counter,robotic,5
4,3,3. My avatar's speech just happen without my intention,6,,P23,counter,robotic,5
4,4,4. I am the author of my avatar's speech,2,,P23,counter,robotic,5
4,5,5. Things my avatar says are subject only to my free will,3,,P23,counter,robotic,5
4,6,6. Nothing my avatar says is actually voluntary,7,,P23,counter,robotic,5
4,7,7. My avatar's behavior is planned by me from the very beginning to the very end,1,,P23,counter,robotic,5
4,8,8. I am completely responsible for everything that results from my avatar's speech,1,,P23,counter,robotic,5
4,9,9. I would use this response as my own.,1,,P23,counter,robotic,5
5,1,1. I am in control of what my avatar says,6,,P23,repeat,robotic,7
5,2,2. My avatar is just an instrument in the hands of somebody or something else,2,,P23,repeat,robotic,7
5,3,3. My avatar's speech just happen without my intention,2,,P23,repeat,robotic,7
5,4,4. I am the author of my avatar's speech,6,,P23,repeat,robotic,7
5,5,5. Things my avatar says are subject only to my free will,6,,P23,repeat,robotic,7
5,6,6. Nothing my avatar says is actually voluntary,6,,P23,repeat,robotic,7
5,7,7. My avatar's behavior is planned by me from the very beginning to the very end,6,,P23,repeat,robotic,7
5,8,8. I am completely responsible for everything that results from my avatar's speech,7,,P23,repeat,robotic,7
5,9,9. I would use this response as my own.,10,,P23,repeat,robotic,7
6,1,1. I am in control of what my avatar says,6,,P23,enhance,robotic,9
6,2,2. My avatar is just an instrument in the hands of somebody or something else,2,,P23,enhance,robotic,9
6,3,3. My avatar's speech just happen without my intention,2,,P23,enhance,robotic,9
6,4,4. I am the author of my avatar's speech,6,,P23,enhance,robotic,9
6,5,5. Things my avatar says are subject only to my free will,7,,P23,enhance,robotic,9
6,6,6. Nothing my avatar says is actually voluntary,7,,P23,enhance,robotic,9
6,7,7. My avatar's behavior is planned by me from the very beginning to the very end,6,,P23,enhance,robotic,9
6,8,8. I am completely responsible for everything that results from my avatar's speech,7,,P23,enhance,robotic,9
6,9,9. I would use this response as my own.,10,,P23,enhance,robotic,9
7,1,1. I am in control of what my avatar says,5,,P23,enhance,clone,12
7,2,2. My avatar is just an instrument in the hands of somebody or something else,3,,P23,enhance,clone,12
7,3,3. My avatar's speech just happen without my intention,3,,P23,enhance,clone,12
7,4,4. I am the author of my avatar's speech,5,,P23,enhance,clone,12
7,5,5. Things my avatar says are subject only to my free will,5,,P23,enhance,clone,12
7,6,6. Nothing my avatar says is actually voluntary,4,,P23,enhance,clone,12
7,7,7. My avatar's behavior is planned by me from the very beginning to the very end,5,,P23,enhance,clone,12
7,8,8. I am completely responsible for everything that results from my avatar's speech,6,,P23,enhance,clone,12
7,9,9. I would use this response as my own.,9,,P23,enhance,clone,12
8,1,1. I am in control of what my avatar says,5,,P23,repeat,clone,2
8,2,2. My avatar is just an instrument in the hands of somebody or something else,3,,P23,repeat,clone,2
8,3,3. My avatar's speech just happen without my intention,2,,P23,repeat,clone,2
8,4,4. I am the author of my avatar's speech,5,,P23,repeat,clone,2
8,5,5. Things my avatar says are subject only to my free will,5,,P23,repeat,clone,2
8,6,6. Nothing my avatar says is actually voluntary,5,,P23,repeat,clone,2
8,7,7. My avatar's behavior is planned by me from the very beginning to the very end,5,,P23,repeat,clone,2
8,8,8. I am completely responsible for everything that results from my avatar's speech,6,,P23,repeat,clone,2
8,9,9. I would use this response as my own.,9,,P23,repeat,clone,2
9,1,1. I am in control of what my avatar says,4,,P23,counter,clone,4
9,2,2. My avatar is just an instrument in the hands of somebody or something else,3,,P23,counter,clone,4
9,3,3. My avatar's speech just happen without my intention,4,,P23,counter,clone,4
9,4,4. I am the author of my avatar's speech,3,,P23,counter,clone,4
9,5,5. Things my avatar says are subject only to my free will,4,,P23,counter,clone,4
9,6,6. Nothing my avatar says is actually voluntary,3,,P23,counter,clone,4
9,7,7. My avatar's behavior is planned by me from the very beginning to the very end,4,,P23,counter,clone,4
9,8,8. I am completely responsible for everything that results from my avatar's speech,4,,P23,counter,clone,4
9,9,9. I would use this response as my own.,6,,P23,counter,clone,4
10,1,1. I am in control of what my avatar says,3,,P23,enhance,clone,6
10,2,2. My avatar is just an instrument in the hands of somebody or something else,3,,P23,enhance,clone,6
10,3,3. My avatar's speech just happen without my intention,3,,P23,enhance,clone,6
10,4,4. I am the author of my avatar's speech,2,,P23,enhance,clone,6
10,5,5. Things my avatar says are subject only to my free will,3,,P23,enhance,clone,6
10,6,6. Nothing my avatar says is actually voluntary,2,,P23,enhance,clone,6
10,7,7. My avatar's behavior is planned by me from the very beginning to the very end,2,,P23,enhance,clone,6
10,8,8. I am completely responsible for everything that results from my avatar's speech,4,,P23,enhance,clone,6
10,9,9. I would use this response as my own.,5,,P23,enhance,clone,6
11,1,1. I am in control of what my avatar says,6,,P23,repeat,clone,8
11,2,2. My avatar is just an instrument in the hands of somebody or something else,3,,P23,repeat,clone,8
11,3,3. My avatar's speech just happen without my intention,2,,P23,repeat,clone,8
11,4,4. I am the author of my avatar's speech,6,,P23,repeat,clone,8
11,5,5. Things my avatar says are subject only to my free will,3,,P23,repeat,clone,8
11,6,6. Nothing my avatar says is actually voluntary,5,,P23,repeat,clone,8
11,7,7. My avatar's behavior is planned by me from the very beginning to the very end,5,,P23,repeat,clone,8
11,8,8. I am completely responsible for everything that results from my avatar's speech,6,,P23,repeat,clone,8
11,9,9. I would use this response as my own.,10,,P23,repeat,clone,8
12,1,1. I am in control of what my avatar says,4,,P23,counter,clone,10
12,2,2. My avatar is just an instrument in the hands of somebody or something else,4,,P23,counter,clone,10
12,3,3. My avatar's speech just happen without my intention,4,,P23,counter,clone,10
12,4,4. I am the author of my avatar's speech,3,,P23,counter,clone,10
12,5,5. Things my avatar says are subject only to my free will,3,,P23,counter,clone,10
12,6,6. Nothing my avatar says is actually voluntary,2,,P23,counter,clone,10
12,7,7. My avatar's behavior is planned by me from the very beginning to the very end,2,,P23,counter,clone,10
12,8,8. I am completely responsible for everything that results from my avatar's speech,6,,P23,counter,clone,10
12,9,9. I would use this response as my own.,8,,P23,counter,clone,10
1,1,1. I am in control of what my avatar says,4,,P01,repeat,clone,1
1,2,2. My avatar is just an instrument in the hands of somebody or something else,2,,P01,repeat,clone,1
1,3,3. My avatar's speech just happen without my intention,7,,P01,repeat,clone,1
1,4,4. I am the author of my avatar's speech,4,,P01,repeat,clone,1
1,5,5. Things my avatar says are subject only to my free will,2,,P01,repeat,clone,1
1,6,6. Nothing my avatar says is actually voluntary,3,,P01,repeat,clone,1
1,7,7. My avatar's behavior is planned by me from the very beginning to the very end,2,,P01,repeat,clone,1
1,8,8. I am completely responsible for everything that results from my avatar's speech,2,,P01,repeat,clone,1
1,9,9. I would use this response as my own.,3,,P01,repeat,clone,1
2,1,1. I am in control of what my avatar says,2,,P01,enhance,clone,3
2,2,2. My avatar is just an instrument in the hands of somebody or something else,6,,P01,enhance,clone,3
2,3,3. My avatar's speech just happen without my intention,5,,P01,enhance,clone,3
2,4,4. I am the author of my avatar's speech,2,,P01,enhance,clone,3
2,5,5. Things my avatar says are subject only to my free will,1,,P01,enhance,clone,3
2,6,6. Nothing my avatar says is actually voluntary,5,,P01,enhance,clone,3
2,7,7. My avatar's behavior is planned by me from the very beginning to the very end,2,,P01,enhance,clone,3
2,8,8. I am completely responsible for everything that results from my avatar's speech,3,,P01,enhance,clone,3
2,9,9. I would use this response as my own.,7,,P01,enhance,clone,3
3,1,1. I am in control of what my avatar says,1,,P01,counter,clone,5
3,2,2. My avatar is just an instrument in the hands of somebody or something else,6,,P01,counter,clone,5
3,3,3. My avatar's speech just happen without my intention,6,,P01,counter,clone,5
3,4,4. I am the author of my avatar's speech,1,,P01,counter,clone,5
3,5,5. Things my avatar says are subject only to my free will,2,,P01,counter,clone,5
3,6,6. Nothing my avatar says is actually voluntary,6,,P01,counter,clone,5
3,7,7. My avatar's behavior is planned by me from the very beginning to the very end,1,,P01,counter,clone,5
3,8,8. I am completely responsible for everything that results from my avatar's speech,3,,P01,counter,clone,5
3,9,9. I would use this response as my own.,4,,P01,counter,clone,5
4,1,1. I am in control of what my avatar says,2,,P01,repeat,clone,7
4,2,2. My avatar is just an instrument in the hands of somebody or something else,6,,P01,repeat,clone,7
4,3,3. My avatar's speech just happen without my intention,6,,P01,repeat,clone,7
4,4,4. I am the author of my avatar's speech,2,,P01,repeat,clone,7
4,5,5. Things my avatar says are subject only to my free will,2,,P01,repeat,clone,7
4,6,6. Nothing my avatar says is actually voluntary,6,,P01,repeat,clone,7
4,7,7. My avatar's behavior is planned by me from the very beginning to the very end,1,,P01,repeat,clone,7
4,8,8. I am completely responsible for everything that results from my avatar's speech,3,,P01,repeat,clone,7
4,9,9. I would use this response as my own.,7,,P01,repeat,clone,7
5,1,1. I am in control of what my avatar says,1,,P01,enhance,clone,9
5,2,2. My avatar is just an instrument in the hands of somebody or something else,5,,P01,enhance,clone,9
5,3,3. My avatar's speech just happen without my intention,5,,P01,enhance,clone,9
5,4,4. I am the author of my avatar's speech,2,,P01,enhance,clone,9
5,5,5. Things my avatar says are subject only to my free will,1,,P01,enhance,clone,9
5,6,6. Nothing my avatar says is actually voluntary,5,,P01,enhance,clone,9
5,7,7. My avatar's behavior is planned by me from the very beginning to the very end,2,,P01,enhance,clone,9
5,8,8. I am completely responsible for everything that results from my avatar's speech,3,,P01,enhance,clone,9
5,9,9. I would use this response as my own.,7,,P01,enhance,clone,9
6,1,1. I am in control of what my avatar says,2,,P01,counter,clone,11
6,2,2. My avatar is just an instrument in the hands of somebody or something else,6,,P01,counter,clone,11
6,3,3. My avatar's speech just happen without my intention,6,,P01,counter,clone,11
6,4,4. I am the author of my avatar's speech,1,,P01,counter,clone,11
6,5,5. Things my avatar says are subject only to my free will,1,,P01,counter,clone,11
6,6,6. Nothing my avatar says is actually voluntary,6,,P01,counter,clone,11
6,7,7. My avatar's behavior is planned by me from the very beginning to the very end,1,,P01,counter,clone,11
6,8,8. I am completely responsible for everything that results from my avatar's speech,2,,P01,counter,clone,11
6,9,9. I would use this response as my own.,2,,P01,counter,clone,11
7,1,1. I am in control of what my avatar says,2,,P01,counter,robotic,2
7,2,2. My avatar is just an instrument in the hands of somebody or something else,6,,P01,counter,robotic,2
7,3,3. My avatar's speech just happen without my intention,6,,P01,counter,robotic,2
7,4,4. I am the author of my avatar's speech,2,,P01,counter,robotic,2
7,5,5. Things my avatar says are subject only to my free will,1,,P01,counter,robotic,2
7,6,6. Nothing my avatar says is actually voluntary,6,,P01,counter,robotic,2
7,7,7. My avatar's behavior is planned by me from the very beginning to the very end,1,,P01,counter,robotic,2
7,8,8. I am completely responsible for everything that results from my avatar's speech,1,,P01,counter,robotic,2
7,9,9. I would use this response as my own.,2,,P01,counter,robotic,2
8,1,1. I am in control of what my avatar says,1,,P01,enhance,robotic,4
8,2,2. My avatar is just an instrument in the hands of somebody or something else,6,,P01,enhance,robotic,4
8,3,3. My avatar's speech just happen without my intention,6,,P01,enhance,robotic,4
8,4,4. I am the author of my avatar's speech,3,,P01,enhance,robotic,4
8,5,5. Things my avatar says are subject only to my free will,4,,P01,enhance,robotic,4
8,6,6. Nothing my avatar says is actually voluntary,6,,P01,enhance,robotic,4
8,7,7. My avatar's behavior is planned by me from the very beginning to the very end,2,,P01,enhance,robotic,4
8,8,8. I am completely responsible for everything that results from my avatar's speech,2,,P01,enhance,robotic,4
8,9,9. I would use this response as my own.,8,,P01,enhance,robotic,4
9,1,1. I am in control of what my avatar says,3,,P01,repeat,robotic,6
9,2,2. My avatar is just an instrument in the hands of somebody or something else,4,,P01,repeat,robotic,6
9,3,3. My avatar's speech just happen without my intention,4,,P01,repeat,robotic,6
9,4,4. I am the author of my avatar's speech,5,,P01,repeat,robotic,6
9,5,5. Things my avatar says are subject only to my free will,3,,P01,repeat,robotic,6
9,6,6. Nothing my avatar says is actually voluntary,5,,P01,repeat,robotic,6
9,7,7. My avatar's behavior is planned by me from the very beginning to the very end,2,,P01,repeat,robotic,6
9,8,8. I am completely responsible for everything that results from my avatar's speech,2,,P01,repeat,robotic,6
9,9,9. I would use this response as my own.,5,,P01,repeat,robotic,6
10,1,1. I am in control of what my avatar says,3,,P01,counter,robotic,8
10,2,2. My avatar is just an instrument in the hands of somebody or something else,5,,P01,counter,robotic,8
10,3,3. My avatar's speech just happen without my intention,5,,P01,counter,robotic,8
10,4,4. I am the author of my avatar's speech,2,,P01,counter,robotic,8
10,5,5. Things my avatar says are subject only to my free will,1,,P01,counter,robotic,8
10,6,6. Nothing my avatar says is actually voluntary,5,,P01,counter,robotic,8
10,7,7. My avatar's behavior is planned by me from the very beginning to the very end,1,,P01,counter,robotic,8
10,8,8. I am completely responsible for everything that results from my avatar's speech,2,,P01,counter,robotic,8
10,9,9. I would use this response as my own.,7,,P01,counter,robotic,8
11,1,1. I am in control of what my avatar says,3,,P01,enhance,robotic,10
11,2,2. My avatar is just an instrument in the hands of somebody or something else,3,,P01,enhance,robotic,10
11,3,3. My avatar's speech just happen without my intention,4,,P01,enhance,robotic,10
11,4,4. I am the author of my avatar's speech,5,,P01,enhance,robotic,10
11,5,5. Things my avatar says are subject only to my free will,3,,P01,enhance,robotic,10
11,6,6. Nothing my avatar says is actually voluntary,4,,P01,enhance,robotic,10
11,7,7. My avatar's behavior is planned by me from the very beginning to the very end,3,,P01,enhance,robotic,10
11,8,8. I am completely responsible for everything that results from my avatar's speech,2,,P01,enhance,robotic,10
11,9,9. I would use this response as my own.,8,,P01,enhance,robotic,10
12,1,1. I am in control of what my avatar says,5,,P01,repeat,robotic,12
12,2,2. My avatar is just an instrument in the hands of somebody or something else,3,,P01,repeat,robotic,12
12,3,3. My avatar's speech just happen without my intention,5,,P01,repeat,robotic,12
12,4,4. I am the author of my avatar's speech,5,,P01,repeat,robotic,12
12,5,5. Things my avatar says are subject only to my free will,3,,P01,repeat,robotic,12
12,6,6. Nothing my avatar says is actually voluntary,3,,P01,repeat,robotic,12
12,7,7. My avatar's behavior is planned by me from the very beginning to the very end,4,,P01,repeat,robotic,12
12,8,8. I am completely responsible for everything that results from my avatar's speech,2,,P01,repeat,robotic,12
12,9,9. I would use this response as my own.,6,,P01,repeat,robotic,12
1,1,1. I am in control of what my avatar says,1,,P06,counter,clone,6
1,2,2. My avatar is just an instrument in the hands of somebody or something else,6,,P06,counter,clone,6
1,3,3. My avatar's speech just happen without my intention,7,,P06,counter,clone,6
1,4,4. I am the author of my avatar's speech,2,,P06,counter,clone,6
1,5,5. Things my avatar says are subject only to my free will,3,,P06,counter,clone,6
1,6,6. Nothing my avatar says is actually voluntary,5,,P06,counter,clone,6
1,7,7. My avatar's behavior is planned by me from the very beginning to the very end,1,,P06,counter,clone,6
1,8,8. I am completely responsible for everything that results from my avatar's speech,5,,P06,counter,clone,6
1,9,9. I would use this response as my own.,1,,P06,counter,clone,6
2,1,1. I am in control of what my avatar says,7,,P06,repeat,clone,8
2,2,2. My avatar is just an instrument in the hands of somebody or something else,3,,P06,repeat,clone,8
2,3,3. My avatar's speech just happen without my intention,3,,P06,repeat,clone,8
2,4,4. I am the author of my avatar's speech,6,,P06,repeat,clone,8
2,5,5. Things my avatar says are subject only to my free will,5,,P06,repeat,clone,8
2,6,6. Nothing my avatar says is actually voluntary,4,,P06,repeat,clone,8
2,7,7. My avatar's behavior is planned by me from the very beginning to the very end,5,,P06,repeat,clone,8
2,8,8. I am completely responsible for everything that results from my avatar's speech,6,,P06,repeat,clone,8
2,9,9. I would use this response as my own.,10,,P06,repeat,clone,8
3,1,1. I am in control of what my avatar says,5,,P06,enhance,clone,10
3,2,2. My avatar is just an instrument in the hands of somebody or something else,3,,P06,enhance,clone,10
3,3,3. My avatar's speech just happen without my intention,3,,P06,enhance,clone,10
3,4,4. I am the author of my avatar's speech,4,,P06,enhance,clone,10
3,5,5. Things my avatar says are subject only to my free will,4,,P06,enhance,clone,10
3,6,6. Nothing my avatar says is actually voluntary,3,,P06,enhance,clone,10
3,7,7. My avatar's behavior is planned by me from the very beginning to the very end,3,,P06,enhance,clone,10
3,8,8. I am completely responsible for everything that results from my avatar's speech,5,,P06,enhance,clone,10
3,9,9. I would use this response as my own.,7,,P06,enhance,clone,10
4,1,1. I am in control of what my avatar says,2,,P06,counter,clone,12
4,2,2. My avatar is just an instrument in the hands of somebody or something else,6,,P06,counter,clone,12
4,3,3. My avatar's speech just happen without my intention,6,,P06,counter,clone,12
4,4,4. I am the author of my avatar's speech,2,,P06,counter,clone,12
4,5,5. Things my avatar says are subject only to my free will,2,,P06,counter,clone,12
4,6,6. Nothing my avatar says is actually voluntary,2,,P06,counter,clone,12
4,7,7. My avatar's behavior is planned by me from the very beginning to the very end,2,,P06,counter,clone,12
4,8,8. I am completely responsible for everything that results from my avatar's speech,2,,P06,counter,clone,12
4,9,9. I would use this response as my own.,7,,P06,counter,clone,12
5,1,1. I am in control of what my avatar says,7,,P06,repeat,clone,2
5,2,2. My avatar is just an instrument in the hands of somebody or something else,1,,P06,repeat,clone,2
5,3,3. My avatar's speech just happen without my intention,1,,P06,repeat,clone,2
5,4,4. I am the author of my avatar's speech,6,,P06,repeat,clone,2
5,5,5. Things my avatar says are subject only to my free will,5,,P06,repeat,clone,2
5,6,6. Nothing my avatar says is actually voluntary,3,,P06,repeat,clone,2
5,7,7. My avatar's behavior is planned by me from the very beginning to the very end,5,,P06,repeat,clone,2
5,8,8. I am completely responsible for everything that results from my avatar's speech,5,,P06,repeat,clone,2
5,9,9. I would use this response as my own.,9,,P06,repeat,clone,2
6,1,1. I am in control of what my avatar says,3,,P06,enhance,clone,4
6,2,2. My avatar is just an instrument in the hands of somebody or something else,6,,P06,enhance,clone,4
6,3,3. My avatar's speech just happen without my intention,5,,P06,enhance,clone,4
6,4,4. I am the author of my avatar's speech,5,,P06,enhance,clone,4
6,5,5. Things my avatar says are subject only to my free will,3,,P06,enhance,clone,4
6,6,6. Nothing my avatar says is actually voluntary,3,,P06,enhance,clone,4
6,7,7. My avatar's behavior is planned by me from the very beginning to the very end,3,,P06,enhance,clone,4
6,8,8. I am completely responsible for everything that results from my avatar's speech,3,,P06,enhance,clone,4
6,9,9. I would use this response as my own.,10,,P06,enhance,clone,4
7,1,1. I am in control of what my avatar says,3,,P06,enhance,robotic,5
7,2,2. My avatar is just an instrument in the hands of somebody or something else,6,,P06,enhance,robotic,5
7,3,3. My avatar's speech just happen without my intention,5,,P06,enhance,robotic,5
7,4,4. I am the author of my avatar's speech,5,,P06,enhance,robotic,5
7,5,5. Things my avatar says are subject only to my free will,3,,P06,enhance,robotic,5
7,6,6. Nothing my avatar says is actually voluntary,3,,P06,enhance,robotic,5
7,7,7. My avatar's behavior is planned by me from the very beginning to the very end,4,,P06,enhance,robotic,5
7,8,8. I am completely responsible for everything that results from my avatar's speech,4,,P06,enhance,robotic,5
7,9,9. I would use this response as my own.,10,,P06,enhance,robotic,5
8,1,1. I am in control of what my avatar says,5,,P06,repeat,robotic,7
8,2,2. My avatar is just an instrument in the hands of somebody or something else,3,,P06,repeat,robotic,7
8,3,3. My avatar's speech just happen without my intention,3,,P06,repeat,robotic,7
8,4,4. I am the author of my avatar's speech,5,,P06,repeat,robotic,7
8,5,5. Things my avatar says are subject only to my free will,5,,P06,repeat,robotic,7
8,6,6. Nothing my avatar says is actually voluntary,4,,P06,repeat,robotic,7
8,7,7. My avatar's behavior is planned by me from the very beginning to the very end,3,,P06,repeat,robotic,7
8,8,8. I am completely responsible for everything that results from my avatar's speech,5,,P06,repeat,robotic,7
8,9,9. I would use this response as my own.,10,,P06,repeat,robotic,7
9,1,1. I am in control of what my avatar says,1,,P06,counter,robotic,9
9,2,2. My avatar is just an instrument in the hands of somebody or something else,7,,P06,counter,robotic,9
9,3,3. My avatar's speech just happen without my intention,6,,P06,counter,robotic,9
9,4,4. I am the author of my avatar's speech,3,,P06,counter,robotic,9
9,5,5. Things my avatar says are subject only to my free will,2,,P06,counter,robotic,9
9,6,6. Nothing my avatar says is actually voluntary,5,,P06,counter,robotic,9
9,7,7. My avatar's behavior is planned by me from the very beginning to the very end,2,,P06,counter,robotic,9
9,8,8. I am completely responsible for everything that results from my avatar's speech,3,,P06,counter,robotic,9
9,9,9. I would use this response as my own.,10,,P06,counter,robotic,9
10,1,1. I am in control of what my avatar says,5,,P06,enhance,robotic,11
10,2,2. My avatar is just an instrument in the hands of somebody or something else,5,,P06,enhance,robotic,11
10,3,3. My avatar's speech just happen without my intention,3,,P06,enhance,robotic,11
10,4,4. I am the author of my avatar's speech,5,,P06,enhance,robotic,11
10,5,5. Things my avatar says are subject only to my free will,5,,P06,enhance,robotic,11
10,6,6. Nothing my avatar says is actually voluntary,4,,P06,enhance,robotic,11
10,7,7. My avatar's behavior is planned by me from the very beginning to the very end,6,,P06,enhance,robotic,11
10,8,8. I am completely responsible for everything that results from my avatar's speech,5,,P06,enhance,robotic,11
10,9,9. I would use this response as my own.,10,,P06,enhance,robotic,11
11,1,1. I am in control of what my avatar says,7,,P06,repeat,robotic,1
11,2,2. My avatar is just an instrument in the hands of somebody or something else,1,,P06,repeat,robotic,1
11,3,3. My avatar's speech just happen without my intention,2,,P06,repeat,robotic,1
11,4,4. I am the author of my avatar's speech,6,,P06,repeat,robotic,1
11,5,5. Things my avatar says are subject only to my free will,6,,P06,repeat,robotic,1
11,6,6. Nothing my avatar says is actually voluntary,6,,P06,repeat,robotic,1
11,7,7. My avatar's behavior is planned by me from the very beginning to the very end,6,,P06,repeat,robotic,1
11,8,8. I am completely responsible for everything that results from my avatar's speech,6,,P06,repeat,robotic,1
11,9,9. I would use this response as my own.,10,,P06,repeat,robotic,1
12,1,1. I am in control of what my avatar says,1,,P06,counter,robotic,3
12,2,2. My avatar is just an instrument in the hands of somebody or something else,7,,P06,counter,robotic,3
12,3,3. My avatar's speech just happen without my intention,6,,P06,counter,robotic,3
12,4,4. I am the author of my avatar's speech,2,,P06,counter,robotic,3
12,5,5. Things my avatar says are subject only to my free will,2,,P06,counter,robotic,3
12,6,6. Nothing my avatar says is actually voluntary,3,,P06,counter,robotic,3
12,7,7. My avatar's behavior is planned by me from the very beginning to the very end,2,,P06,counter,robotic,3
12,8,8. I am completely responsible for everything that results from my avatar's speech,2,,P06,counter,robotic,3
12,9,9. I would use this response as my own.,1,,P06,counter,robotic,3
1,1,1. I am in control of what my avatar says,1,,P30,enhance,clone,11
1,2,2. My avatar is just an instrument in the hands of somebody or something else,7,,P30,enhance,clone,11
1,3,3. My avatar's speech just happen without my intention,7,,P30,enhance,clone,11
1,4,4. I am the author of my avatar's speech,1,,P30,enhance,clone,11
1,5,5. Things my avatar says are subject only to my free will,1,,P30,enhance,clone,11
1,6,6. Nothing my avatar says is actually voluntary,7,,P30,enhance,clone,11
1,7,7. My avatar's behavior is planned by me from the very beginning to the very end,1,,P30,enhance,clone,11
1,8,8. I am completely responsible for everything that results from my avatar's speech,1,,P30,enhance,clone,11
1,9,9. I would use this response as my own.,1,,P30,enhance,clone,11
2,1,1. I am in control of what my avatar says,2,,P30,repeat,clone,1
2,2,2. My avatar is just an instrument in the hands of somebody or something else,6,,P30,repeat,clone,1
2,3,3. My avatar's speech just happen without my intention,6,,P30,repeat,clone,1
2,4,4. I am the author of my avatar's speech,3,,P30,repeat,clone,1
2,5,5. Things my avatar says are subject only to my free will,1,,P30,repeat,clone,1
2,6,6. Nothing my avatar says is actually voluntary,6,,P30,repeat,clone,1
2,7,7. My avatar's behavior is planned by me from the very beginning to the very end,1,,P30,repeat,clone,1
2,8,8. I am completely responsible for everything that results from my avatar's speech,1,,P30,repeat,clone,1
2,9,9. I would use this response as my own.,4,,P30,repeat,clone,1
3,1,1. I am in control of what my avatar says,1,,P30,counter,clone,3
3,2,2. My avatar is just an instrument in the hands of somebody or something else,7,,P30,counter,clone,3
3,3,3. My avatar's speech just happen without my intention,7,,P30,counter,clone,3
3,4,4. I am the author of my avatar's speech,1,,P30,counter,clone,3
3,5,5. Things my avatar says are subject only to my free will,1,,P30,counter,clone,3
3,6,6. Nothing my avatar says is actually voluntary,7,,P30,counter,clone,3
3,7,7. My avatar's behavior is planned by me from the very beginning to the very end,1,,P30,counter,clone,3
3,8,8. I am completely responsible for everything that results from my avatar's speech,1,,P30,counter,clone,3
3,9,9. I would use this response as my own.,2,,P30,counter,clone,3
4,1,1. I am in control of what my avatar says,3,,P30,enhance,clone,5
4,2,2. My avatar is just an instrument in the hands of somebody or something else,5,,P30,enhance,clone,5
4,3,3. My avatar's speech just happen without my intention,6,,P30,enhance,clone,5
4,4,4. I am the author of my avatar's speech,2,,P30,enhance,clone,5
4,5,5. Things my avatar says are subject only to my free will,2,,P30,enhance,clone,5
4,6,6. Nothing my avatar says is actually voluntary,6,,P30,enhance,clone,5
4,7,7. My avatar's behavior is planned by me from the very beginning to the very end,1,,P30,enhance,clone,5
4,8,8. I am completely responsible for everything that results from my avatar's speech,1,,P30,enhance,clone,5
4,9,9. I would use this response as my own.,6,,P30,enhance,clone,5
5,1,1. I am in control of what my avatar says,2,,P30,repeat,clone,7
5,2,2. My avatar is just an instrument in the hands of somebody or something else,5,,P30,repeat,clone,7
5,3,3. My avatar's speech just happen without my intention,5,,P30,repeat,clone,7
5,4,4. I am the author of my avatar's speech,2,,P30,repeat,clone,7
5,5,5. Things my avatar says are subject only to my free will,1,,P30,repeat,clone,7
5,6,6. Nothing my avatar says is actually voluntary,7,,P30,repeat,clone,7
5,7,7. My avatar's behavior is planned by me from the very beginning to the very end,1,,P30,repeat,clone,7
5,8,8. I am completely responsible for everything that results from my avatar's speech,1,,P30,repeat,clone,7
5,9,9. I would use this response as my own.,4,,P30,repeat,clone,7
6,1,1. I am in control of what my avatar says,1,,P30,counter,clone,9
6,2,2. My avatar is just an instrument in the hands of somebody or something else,6,,P30,counter,clone,9
6,3,3. My avatar's speech just happen without my intention,7,,P30,counter,clone,9
6,4,4. I am the author of my avatar's speech,1,,P30,counter,clone,9
6,5,5. Things my avatar says are subject only to my free will,1,,P30,counter,clone,9
6,6,6. Nothing my avatar says is actually voluntary,7,,P30,counter,clone,9
6,7,7. My avatar's behavior is planned by me from the very beginning to the very end,1,,P30,counter,clone,9
6,8,8. I am completely responsible for everything that results from my avatar's speech,1,,P30,counter,clone,9
6,9,9. I would use this response as my own.,2,,P30,counter,clone,9
7,1,1. I am in control of what my avatar says,3,,P30,counter,robotic,12
7,2,2. My avatar is just an instrument in the hands of somebody or something else,5,,P30,counter,robotic,12
7,3,3. My avatar's speech just happen without my intention,6,,P30,counter,robotic,12
7,4,4. I am the author of my avatar's speech,1,,P30,counter,robotic,12
7,5,5. Things my avatar says are subject only to my free will,1,,P30,counter,robotic,12
7,6,6. Nothing my avatar says is actually voluntary,7,,P30,counter,robotic,12
7,7,7. My avatar's behavior is planned by me from the very beginning to the very end,1,,P30,counter,robotic,12
7,8,8. I am completely responsible for everything that results from my avatar's speech,1,,P30,counter,robotic,12
7,9,9. I would use this response as my own.,1,,P30,counter,robotic,12
8,1,1. I am in control of what my avatar says,2,,P30,repeat,robotic,2
8,2,2. My avatar is just an instrument in the hands of somebody or something else,6,,P30,repeat,robotic,2
8,3,3. My avatar's speech just happen without my intention,7,,P30,repeat,robotic,2
8,4,4. I am the author of my avatar's speech,1,,P30,repeat,robotic,2
8,5,5. Things my avatar says are subject only to my free will,1,,P30,repeat,robotic,2
8,6,6. Nothing my avatar says is actually voluntary,7,,P30,repeat,robotic,2
8,7,7. My avatar's behavior is planned by me from the very beginning to the very end,1,,P30,repeat,robotic,2
8,8,8. I am completely responsible for everything that results from my avatar's speech,1,,P30,repeat,robotic,2
8,9,9. I would use this response as my own.,2,,P30,repeat,robotic,2
9,1,1. I am in control of what my avatar says,3,,P30,enhance,robotic,4
9,2,2. My avatar is just an instrument in the hands of somebody or something else,5,,P30,enhance,robotic,4
9,3,3. My avatar's speech just happen without my intention,6,,P30,enhance,robotic,4
9,4,4. I am the author of my avatar's speech,2,,P30,enhance,robotic,4
9,5,5. Things my avatar says are subject only to my free will,1,,P30,enhance,robotic,4
9,6,6. Nothing my avatar says is actually voluntary,7,,P30,enhance,robotic,4
9,7,7. My avatar's behavior is planned by me from the very beginning to the very end,1,,P30,enhance,robotic,4
9,8,8. I am completely responsible for everything that results from my avatar's speech,1,,P30,enhance,robotic,4
9,9,9. I would use this response as my own.,4,,P30,enhance,robotic,4
10,1,1. I am in control of what my avatar says,1,,P30,counter,robotic,6
10,2,2. My avatar is just an instrument in the hands of somebody or something else,7,,P30,counter,robotic,6
10,3,3. My avatar's speech just happen without my intention,7,,P30,counter,robotic,6
10,4,4. I am the author of my avatar's speech,1,,P30,counter,robotic,6
10,5,5. Things my avatar says are subject only to my free will,1,,P30,counter,robotic,6
10,6,6. Nothing my avatar says is actually voluntary,7,,P30,counter,robotic,6
10,7,7. My avatar's behavior is planned by me from the very beginning to the very end,1,,P30,counter,robotic,6
10,8,8. I am completely responsible for everything that results from my avatar's speech,1,,P30,counter,robotic,6
10,9,9. I would use this response as my own.,1,,P30,counter,robotic,6
11,1,1. I am in control of what my avatar says,3,,P30,repeat,robotic,8
11,2,2. My avatar is just an instrument in the hands of somebody or something else,5,,P30,repeat,robotic,8
11,3,3. My avatar's speech just happen without my intention,6,,P30,repeat,robotic,8
11,4,4. I am the author of my avatar's speech,2,,P30,repeat,robotic,8
11,5,5. Things my avatar says are subject only to my free will,2,,P30,repeat,robotic,8
11,6,6. Nothing my avatar says is actually voluntary,7,,P30,repeat,robotic,8
11,7,7. My avatar's behavior is planned by me from the very beginning to the very end,1,,P30,repeat,robotic,8
11,8,8. I am completely responsible for everything that results from my avatar's speech,1,,P30,repeat,robotic,8
11,9,9. I would use this response as my own.,4,,P30,repeat,robotic,8
12,1,1. I am in control of what my avatar says,4,,P30,enhance,robotic,10
12,2,2. My avatar is just an instrument in the hands of somebody or something else,5,,P30,enhance,robotic,10
12,3,3. My avatar's speech just happen without my intention,3,,P30,enhance,robotic,10
12,4,4. I am the author of my avatar's speech,2,,P30,enhance,robotic,10
12,5,5. Things my avatar says are subject only to my free will,1,,P30,enhance,robotic,10
12,6,6. Nothing my avatar says is actually voluntary,7,,P30,enhance,robotic,10
12,7,7. My avatar's behavior is planned by me from the very beginning to the very end,1,,P30,enhance,robotic,10
12,8,8. I am completely responsible for everything that results from my avatar's speech,1,,P30,enhance,robotic,10
12,9,9. I would use this response as my own.,5,,P30,enhance,robotic,10
1,1,1. I am in control of what my avatar says,7,,P09,repeat,clone,9
1,2,2. My avatar is just an instrument in the hands of somebody or something else,7,,P09,repeat,clone,9
1,3,3. My avatar's speech just happen without my intention,2,,P09,repeat,clone,9
1,4,4. I am the author of my avatar's speech,7,,P09,repeat,clone,9
1,5,5. Things my avatar says are subject only to my free will,7,,P09,repeat,clone,9
1,6,6. Nothing my avatar says is actually voluntary,7,,P09,repeat,clone,9
1,7,7. My avatar's behavior is planned by me from the very beginning to the very end,7,,P09,repeat,clone,9
1,8,8. I am completely responsible for everything that results from my avatar's speech,7,,P09,repeat,clone,9
1,9,9. I would use this response as my own.,10,,P09,repeat,clone,9
2,1,1. I am in control of what my avatar says,1,,P09,counter,clone,11
2,2,2. My avatar is just an instrument in the hands of somebody or something else,7,,P09,counter,clone,11
2,3,3. My avatar's speech just happen without my intention,1,,P09,counter,clone,11
2,4,4. I am the author of my avatar's speech,1,,P09,counter,clone,11
2,5,5. Things my avatar says are subject only to my free will,1,,P09,counter,clone,11
2,6,6. Nothing my avatar says is actually voluntary,1,,P09,counter,clone,11
2,7,7. My avatar's behavior is planned by me from the very beginning to the very end,1,,P09,counter,clone,11
2,8,8. I am completely responsible for everything that results from my avatar's speech,1,,P09,counter,clone,11
2,9,9. I would use this response as my own.,1,,P09,counter,clone,11
3,1,1. I am in control of what my avatar says,2,,P09,enhance,clone,1
3,2,2. My avatar is just an instrument in the hands of somebody or something else,4,,P09,enhance,clone,1
3,3,3. My avatar's speech just happen without my intention,1,,P09,enhance,clone,1
3,4,4. I am the author of my avatar's speech,1,,P09,enhance,clone,1
3,5,5. Things my avatar says are subject only to my free will,1,,P09,enhance,clone,1
3,6,6. Nothing my avatar says is actually voluntary,3,,P09,enhance,clone,1
3,7,7. My avatar's behavior is planned by me from the very beginning to the very end,1,,P09,enhance,clone,1
3,8,8. I am completely responsible for everything that results from my avatar's speech,1,,P09,enhance,clone,1
3,9,9. I would use this response as my own.,1,,P09,enhance,clone,1
5,1,1. I am in control of what my avatar says,2,,P09,counter,clone,5
5,2,2. My avatar is just an instrument in the hands of somebody or something else,2,,P09,counter,clone,5
5,3,3. My avatar's speech just happen without my intention,2,,P09,counter,clone,5
5,4,4. I am the author of my avatar's speech,2,,P09,counter,clone,5
5,5,5. Things my avatar says are subject only to my free will,2,,P09,counter,clone,5
5,6,6. Nothing my avatar says is actually voluntary,2,,P09,counter,clone,5
5,7,7. My avatar's behavior is planned by me from the very beginning to the very end,2,,P09,counter,clone,5
5,8,8. I am completely responsible for everything that results from my avatar's speech,1,,P09,counter,clone,5
5,9,9. I would use this response as my own.,2,,P09,counter,clone,5
6,1,1. I am in control of what my avatar says,2,,P09,enhance,clone,7
6,2,2. My avatar is just an instrument in the hands of somebody or something else,1,,P09,enhance,clone,7
6,3,3. My avatar's speech just happen without my intention,2,,P09,enhance,clone,7
6,4,4. I am the author of my avatar's speech,1,,P09,enhance,clone,7
6,5,5. Things my avatar says are subject only to my free will,1,,P09,enhance,clone,7
6,6,6. Nothing my avatar says is actually voluntary,1,,P09,enhance,clone,7
6,7,7. My avatar's behavior is planned by me from the very beginning to the very end,1,,P09,enhance,clone,7
6,8,8. I am completely responsible for everything that results from my avatar's speech,1,,P09,enhance,clone,7
6,9,9. I would use this response as my own.,2,,P09,enhance,clone,7
8,1,1. I am in control of what my avatar says,7,,P09,counter,robotic,12
8,2,2. My avatar is just an instrument in the hands of somebody or something else,7,,P09,counter,robotic,12
8,3,3. My avatar's speech just happen without my intention,7,,P09,counter,robotic,12
8,4,4. I am the author of my avatar's speech,7,,P09,counter,robotic,12
8,5,5. Things my avatar says are subject only to my free will,6,,P09,counter,robotic,12
8,6,6. Nothing my avatar says is actually voluntary,7,,P09,counter,robotic,12
8,7,7. My avatar's behavior is planned by me from the very beginning to the very end,7,,P09,counter,robotic,12
8,8,8. I am completely responsible for everything that results from my avatar's speech,7,,P09,counter,robotic,12
8,9,9. I would use this response as my own.,10,,P09,counter,robotic,12
10,1,1. I am in control of what my avatar says,1,,P09,enhance,robotic,4
10,2,2. My avatar is just an instrument in the hands of somebody or something else,3,,P09,enhance,robotic,4
10,3,3. My avatar's speech just happen without my intention,1,,P09,enhance,robotic,4
10,4,4. I am the author of my avatar's speech,2,,P09,enhance,robotic,4
10,5,5. Things my avatar says are subject only to my free will,2,,P09,enhance,robotic,4
10,6,6. Nothing my avatar says is actually voluntary,2,,P09,enhance,robotic,4
10,7,7. My avatar's behavior is planned by me from the very beginning to the very end,1,,P09,enhance,robotic,4
10,8,8. I am completely responsible for everything that results from my avatar's speech,2,,P09,enhance,robotic,4
10,9,9. I would use this response as my own.,2,,P09,enhance,robotic,4
11,1,1. I am in control of what my avatar says,2,,P09,counter,robotic,6
11,2,2. My avatar is just an instrument in the hands of somebody or something else,1,,P09,counter,robotic,6
11,3,3. My avatar's speech just happen without my intention,1,,P09,counter,robotic,6
11,4,4. I am the author of my avatar's speech,1,,P09,counter,robotic,6
11,5,5. Things my avatar says are subject only to my free will,3,,P09,counter,robotic,6
11,6,6. Nothing my avatar says is actually voluntary,3,,P09,counter,robotic,6
11,7,7. My avatar's behavior is planned by me from the very beginning to the very end,1,,P09,counter,robotic,6
11,8,8. I am completely responsible for everything that results from my avatar's speech,2,,P09,counter,robotic,6
11,9,9. I would use this response as my own.,1,,P09,counter,robotic,6
1,1,1. I am in control of what my avatar says,2,,P07,counter,clone,7
1,2,2. My avatar is just an instrument in the hands of somebody or something else,4,,P07,counter,clone,7
1,3,3. My avatar's speech just happen without my intention,2,,P07,counter,clone,7
1,4,4. I am the author of my avatar's speech,2,,P07,counter,clone,7
1,5,5. Things my avatar says are subject only to my free will,1,,P07,counter,clone,7
1,6,6. Nothing my avatar says is actually voluntary,6,,P07,counter,clone,7
1,7,7. My avatar's behavior is planned by me from the very beginning to the very end,1,,P07,counter,clone,7
1,8,8. I am completely responsible for everything that results from my avatar's speech,1,,P07,counter,clone,7
1,9,9. I would use this response as my own.,7,,P07,counter,clone,7
2,1,1. I am in control of what my avatar says,4,,P07,enhance,clone,9
2,2,2. My avatar is just an instrument in the hands of somebody or something else,5,,P07,enhance,clone,9
2,3,3. My avatar's speech just happen without my intention,7,,P07,enhance,clone,9
2,4,4. I am the author of my avatar's speech,5,,P07,enhance,clone,9
2,5,5. Things my avatar says are subject only to my free will,1,,P07,enhance,clone,9
2,6,6. Nothing my avatar says is actually voluntary,5,,P07,enhance,clone,9
2,7,7. My avatar's behavior is planned by me from the very beginning to the very end,1,,P07,enhance,clone,9
2,8,8. I am completely responsible for everything that results from my avatar's speech,1,,P07,enhance,clone,9
2,9,9. I would use this response as my own.,2,,P07,enhance,clone,9
3,1,1. I am in control of what my avatar says,7,,P07,repeat,clone,11
3,2,2. My avatar is just an instrument in the hands of somebody or something else,1,,P07,repeat,clone,11
3,3,3. My avatar's speech just happen without my intention,1,,P07,repeat,clone,11
3,4,4. I am the author of my avatar's speech,7,,P07,repeat,clone,11
3,5,5. Things my avatar says are subject only to my free will,7,,P07,repeat,clone,11
3,6,6. Nothing my avatar says is actually voluntary,1,,P07,repeat,clone,11
3,7,7. My avatar's behavior is planned by me from the very beginning to the very end,5,,P07,repeat,clone,11
3,8,8. I am completely responsible for everything that results from my avatar's speech,7,,P07,repeat,clone,11
3,9,9. I would use this response as my own.,10,,P07,repeat,clone,11
4,1,1. I am in control of what my avatar says,1,,P07,counter,clone,1
4,2,2. My avatar is just an instrument in the hands of somebody or something else,6,,P07,counter,clone,1
4,3,3. My avatar's speech just happen without my intention,7,,P07,counter,clone,1
4,4,4. I am the author of my avatar's speech,1,,P07,counter,clone,1
4,5,5. Things my avatar says are subject only to my free will,1,,P07,counter,clone,1
4,6,6. Nothing my avatar says is actually voluntary,7,,P07,counter,clone,1
4,7,7. My avatar's behavior is planned by me from the very beginning to the very end,1,,P07,counter,clone,1
4,8,8. I am completely responsible for everything that results from my avatar's speech,1,,P07,counter,clone,1
4,9,9. I would use this response as my own.,1,,P07,counter,clone,1
5,1,1. I am in control of what my avatar says,3,,P07,enhance,clone,3
5,2,2. My avatar is just an instrument in the hands of somebody or something else,4,,P07,enhance,clone,3
5,3,3. My avatar's speech just happen without my intention,3,,P07,enhance,clone,3
5,4,4. I am the author of my avatar's speech,3,,P07,enhance,clone,3
5,5,5. Things my avatar says are subject only to my free will,1,,P07,enhance,clone,3
5,6,6. Nothing my avatar says is actually voluntary,2,,P07,enhance,clone,3
5,7,7. My avatar's behavior is planned by me from the very beginning to the very end,1,,P07,enhance,clone,3
5,8,8. I am completely responsible for everything that results from my avatar's speech,1,,P07,enhance,clone,3
5,9,9. I would use this response as my own.,6,,P07,enhance,clone,3
6,1,1. I am in control of what my avatar says,7,,P07,repeat,clone,5
6,2,2. My avatar is just an instrument in the hands of somebody or something else,1,,P07,repeat,clone,5
6,3,3. My avatar's speech just happen without my intention,1,,P07,repeat,clone,5
6,4,4. I am the author of my avatar's speech,7,,P07,repeat,clone,5
6,5,5. Things my avatar says are subject only to my free will,7,,P07,repeat,clone,5
6,6,6. Nothing my avatar says is actually voluntary,1,,P07,repeat,clone,5
6,7,7. My avatar's behavior is planned by me from the very beginning to the very end,1,,P07,repeat,clone,5
6,8,8. I am completely responsible for everything that results from my avatar's speech,7,,P07,repeat,clone,5
6,9,9. I would use this response as my own.,10,,P07,repeat,clone,5
7,1,1. I am in control of what my avatar says,7,,P07,repeat,robotic,8
7,2,2. My avatar is just an instrument in the hands of somebody or something else,1,,P07,repeat,robotic,8
7,3,3. My avatar's speech just happen without my intention,1,,P07,repeat,robotic,8
7,4,4. I am the author of my avatar's speech,7,,P07,repeat,robotic,8
7,5,5. Things my avatar says are subject only to my free will,7,,P07,repeat,robotic,8
7,6,6. Nothing my avatar says is actually voluntary,1,,P07,repeat,robotic,8
7,7,7. My avatar's behavior is planned by me from the very beginning to the very end,1,,P07,repeat,robotic,8
7,8,8. I am completely responsible for everything that results from my avatar's speech,7,,P07,repeat,robotic,8
7,9,9. I would use this response as my own.,10,,P07,repeat,robotic,8
8,1,1. I am in control of what my avatar says,4,,P07,enhance,robotic,10
8,2,2. My avatar is just an instrument in the hands of somebody or something else,3,,P07,enhance,robotic,10
8,3,3. My avatar's speech just happen without my intention,4,,P07,enhance,robotic,10
8,4,4. I am the author of my avatar's speech,3,,P07,enhance,robotic,10
8,5,5. Things my avatar says are subject only to my free will,1,,P07,enhance,robotic,10
8,6,6. Nothing my avatar says is actually voluntary,3,,P07,enhance,robotic,10
8,7,7. My avatar's behavior is planned by me from the very beginning to the very end,1,,P07,enhance,robotic,10
8,8,8. I am completely responsible for everything that results from my avatar's speech,1,,P07,enhance,robotic,10
8,9,9. I would use this response as my own.,8,,P07,enhance,robotic,10
9,1,1. I am in control of what my avatar says,2,,P07,counter,robotic,12
9,2,2. My avatar is just an instrument in the hands of somebody or something else,5,,P07,counter,robotic,12
9,3,3. My avatar's speech just happen without my intention,6,,P07,counter,robotic,12
9,4,4. I am the author of my avatar's speech,1,,P07,counter,robotic,12
9,5,5. Things my avatar says are subject only to my free will,1,,P07,counter,robotic,12
9,6,6. Nothing my avatar says is actually voluntary,5,,P07,counter,robotic,12
9,7,7. My avatar's behavior is planned by me from the very beginning to the very end,1,,P07,counter,robotic,12
9,8,8. I am completely responsible for everything that results from my avatar's speech,1,,P07,counter,robotic,12
9,9,9. I would use this response as my own.,1,,P07,counter,robotic,12
10,1,1. I am in control of what my avatar says,4,,P07,repeat,robotic,2
10,2,2. My avatar is just an instrument in the hands of somebody or something else,3,,P07,repeat,robotic,2
10,3,3. My avatar's speech just happen without my intention,2,,P07,repeat,robotic,2
10,4,4. I am the author of my avatar's speech,5,,P07,repeat,robotic,2
10,5,5. Things my avatar says are subject only to my free will,1,,P07,repeat,robotic,2
10,6,6. Nothing my avatar says is actually voluntary,2,,P07,repeat,robotic,2
10,7,7. My avatar's behavior is planned by me from the very beginning to the very end,1,,P07,repeat,robotic,2
10,8,8. I am completely responsible for everything that results from my avatar's speech,1,,P07,repeat,robotic,2
10,9,9. I would use this response as my own.,10,,P07,repeat,robotic,2
11,1,1. I am in control of what my avatar says,2,,P07,enhance,robotic,4
11,2,2. My avatar is just an instrument in the hands of somebody or something else,4,,P07,enhance,robotic,4
11,3,3. My avatar's speech just happen without my intention,3,,P07,enhance,robotic,4
11,4,4. I am the author of my avatar's speech,3,,P07,enhance,robotic,4
11,5,5. Things my avatar says are subject only to my free will,1,,P07,enhance,robotic,4
11,6,6. Nothing my avatar says is actually voluntary,5,,P07,enhance,robotic,4
11,7,7. My avatar's behavior is planned by me from the very beginning to the very end,1,,P07,enhance,robotic,4
11,8,8. I am completely responsible for everything that results from my avatar's speech,1,,P07,enhance,robotic,4
11,9,9. I would use this response as my own.,5,,P07,enhance,robotic,4
12,1,1. I am in control of what my avatar says,1,,P07,counter,robotic,6
12,2,2. My avatar is just an instrument in the hands of somebody or something else,6,,P07,counter,robotic,6
12,3,3. My avatar's speech just happen without my intention,7,,P07,counter,robotic,6
12,4,4. I am the author of my avatar's speech,1,,P07,counter,robotic,6
12,5,5. Things my avatar says are subject only to my free will,1,,P07,counter,robotic,6
12,6,6. Nothing my avatar says is actually voluntary,7,,P07,counter,robotic,6
12,7,7. My avatar's behavior is planned by me from the very beginning to the very end,1,,P07,counter,robotic,6
12,8,8. I am completely responsible for everything that results from my avatar's speech,1,,P07,counter,robotic,6
12,9,9. I would use this response as my own.,1,,P07,counter,robotic,6
